run,outage_id,duration_s,filter,t_elapsed,step,dd_ai_raw,dd_ai_scaled,dd_gt,error,abs_error,rel_error,sigma,sigma_scaled,event_class,p_stationary,p_cruise,p_rough,p_dynamic,p_class4,cum_dd_ai,cum_dd_gt,cum_dist_error,cum_rel_error,gt_speed,ukf_v
vw10,1,10,WITHOUT_MAP,2.0,20,22.944740295410156,26.386451339721678,7.34014000722212,19.046311332499556,19.046311332499556,2.5948158092024793,10.275550842285156,11.816883468627928,1,0.011025498621165752,0.8457494974136353,0.0030000796541571617,0.13692671060562134,0.0032982768025249243,26.386451339721678,7.34014000722212,19.046311332499556,2.5948158092024793,14.84,14.522472862619907
vw10,1,10,WITHOUT_MAP,2.5,25,24.444164276123047,28.1107889175415,7.529653727303213,20.58113519023829,20.58113519023829,2.733344179641251,10.385465621948242,11.943285465240477,1,0.009148664772510529,0.8707844614982605,0.0025885901413857937,0.11449600011110306,0.0029821950010955334,54.49724025726318,14.869793734525333,39.62744652273785,2.6649627580730404,15.22888888888889,14.4592490689829
vw10,1,10,WITHOUT_MAP,3.0,30,22.197383880615234,25.526991462707517,7.701143851428315,17.8258476112792,17.8258476112792,2.314701290506745,10.306891441345215,11.852925157546997,1,0.011549536138772964,0.8393873572349548,0.002967303851619363,0.14287890493869781,0.0032169409096240997,80.0242317199707,22.570937585953647,57.45329413401706,2.5454544772553627,15.591944444444445,13.098011313821189
vw10,1,10,WITHOUT_MAP,3.5,35,20.383365631103516,23.440870475769042,7.900489256184029,15.540381219585013,15.540381219585013,1.9670150437102278,10.079818725585938,11.591791534423827,1,0.015012375079095364,0.8141322731971741,0.003499065525829792,0.1639196127653122,0.003436669707298279,103.46510219573975,30.471426842137674,72.99367535360207,2.3954794021217984,15.998888888888889,10.3263709169114
vw10,1,10,WITHOUT_MAP,4.0,40,19.783998489379883,22.751598262786864,8.04206203998109,14.709536222805774,14.709536222805774,1.8290751985843126,10.114715576171875,11.631922912597656,1,0.016030462458729744,0.8022993803024292,0.0035787716042250395,0.1747022122144699,0.003389162477105856,126.21670045852662,38.513488882118764,87.70321157640785,2.2772076517099737,16.29,8.989858057582751
vw10,1,10,WITHOUT_MAP,4.5,45,18.411930084228516,21.173719596862792,8.106595461998696,13.067124134864097,13.067124134864097,1.6119126945607292,10.057754516601562,11.566417694091795,1,0.01981176808476448,0.775958240032196,0.0038819469045847654,0.19701902568340302,0.0033291149884462357,147.3904200553894,46.62008434411746,100.77033571127194,2.1615219519435978,16.166944444444447,8.221117514418438
vw10,1,10,WITHOUT_MAP,5.0,50,21.893386840820312,25.177394866943356,8.003774053930917,17.17362081301244,17.17362081301244,2.1456903577354125,10.323319435119629,11.871817350387571,1,0.012355160899460316,0.8337427973747253,0.003029001411050558,0.1477195918560028,0.0031534500885754824,172.56781492233276,54.62385839804838,117.94395652428437,2.1592022237758717,16.016944444444444,7.244776045030449
vw10,1,10,WITHOUT_MAP,5.5,55,20.00283432006836,23.00325946807861,7.489030844989776,15.514228623088835,15.514228623088835,2.071593633970407,10.16081714630127,11.68493971824646,1,0.01698668673634529,0.7966680526733398,0.0035331619437783957,0.17957888543605804,0.0032331973779946566,195.57107439041135,62.112889243038154,133.4581851473732,2.1486391435628103,14.48,6.125995312584564
vw10,1,10,WITHOUT_MAP,6.0,60,23.76435089111328,27.329003524780273,6.479133945611126,20.849869579169145,20.849869579169145,3.21800255314872,10.400943756103516,11.961085319519041,1,0.009953862987458706,0.8610261082649231,0.0026827941183000803,0.12333666533231735,0.003000678261741996,222.90007791519162,68.59202318864928,154.30805472654234,2.2496501422934774,12.32,5.45458637457341
vw10,1,10,WITHOUT_MAP,6.5,65,25.07358169555664,28.834618949890135,5.678255657013097,23.15636329287704,23.15636329287704,4.078076911573555,10.420516014099121,11.983593416213989,1,0.008475558832287788,0.8826590776443481,0.0024524936452507973,0.10353180021047592,0.0028811113443225622,251.73469686508176,74.27027884566238,177.46441801941938,2.3894405780837307,11.111944444444445,5.368555325840134
vw10,1,10,WITHOUT_MAP,7.0,70,25.523128509521484,29.351597785949703,5.423468491423919,23.928129294525785,23.928129294525785,4.41196059908214,10.359578132629395,11.913514852523802,1,0.00841290969401598,0.8831684589385986,0.0025483977515250444,0.10288157314062119,0.0029887347482144833,281.08629465103144,79.6937473370863,201.39254731394516,2.5270809071394376,10.766111111111112,5.854435553308576
vw10,1,10,WITHOUT_MAP,7.5,75,23.222980499267578,26.70642757415771,5.196251311606541,21.51017626255117,21.51017626255117,4.139556571196862,10.356327056884766,11.909776115417479,1,0.010177448391914368,0.8574996590614319,0.002776668407022953,0.12643687427043915,0.0031093622092157602,307.79272222518915,84.88999864869284,222.90272357649633,2.6257830972403795,10.18388888888889,6.945925769396126
vw10,1,10,WITHOUT_MAP,8.0,80,20.328166961669922,23.37739200592041,5.0278256748139665,18.349566331106445,18.349566331106445,3.649602734443531,10.11890697479248,11.636743021011352,1,0.01524488814175129,0.8136124014854431,0.003485487774014473,0.16432303190231323,0.0033341259695589542,331.17011423110955,89.9178243235068,241.25228990760274,2.683030775295719,9.916111111111112,6.841658876568545
vw10,1,10,WITHOUT_MAP,8.5,85,20.429147720336914,23.49351987838745,4.925985970810885,18.567533907576564,18.567533907576564,3.7693030425988185,10.141329765319824,11.662529230117796,1,0.015267720445990562,0.8081886768341064,0.003538295393809676,0.16955555975437164,0.0034496691077947617,354.663634109497,94.84381029431769,259.81982381517935,2.7394494486135774,9.895,8.55733647197485
vw10,1,10,WITHOUT_MAP,9.0,90,19.893978118896484,22.878074836730956,5.0600284228048915,17.818046413926066,17.818046413926066,3.5213332663552723,10.04613208770752,11.553051900863647,1,0.01669742539525032,0.8003774285316467,0.0036700847558677197,0.17577499151229858,0.003480026265606284,377.54170894622797,99.90383871712258,277.6378702291054,2.779051073455107,10.206111111111111,8.896022324333899
vw10,1,10,WITHOUT_MAP,9.5,95,21.04367446899414,24.20022563934326,5.294725386764808,18.90550025257845,18.90550025257845,3.570629045244992,10.232559204101562,11.767443084716795,1,0.013660159893333912,0.8251824975013733,0.003146936185657978,0.15486256778240204,0.0031478051096200943,401.74193458557124,105.19856410388739,296.54337048168384,2.818891807200301,10.731944444444444,9.55393448669929
vw10,1,10,WITH_MAP,2.0,20,22.944740295410156,26.386451339721678,7.34014000722212,19.046311332499556,19.046311332499556,2.5948158092024793,10.275550842285156,11.816883468627928,1,0.011025498621165752,0.8457494974136353,0.0030000796541571617,0.13692671060562134,0.0032982768025249243,26.386451339721678,7.34014000722212,19.046311332499556,2.5948158092024793,14.84,14.522472843062133
vw10,1,10,WITH_MAP,2.5,25,24.444164276123047,28.1107889175415,7.529653727303213,20.58113519023829,20.58113519023829,2.733344179641251,10.385465621948242,11.943285465240477,1,0.009148664772510529,0.8707844614982605,0.0025885901413857937,0.11449600011110306,0.0029821950010955334,54.49724025726318,14.869793734525333,39.62744652273785,2.6649627580730404,15.22888888888889,14.459249046398327
vw10,1,10,WITH_MAP,3.0,30,22.197383880615234,25.526991462707517,7.701143851428315,17.8258476112792,17.8258476112792,2.314701290506745,10.306891441345215,11.852925157546997,1,0.011549536138772964,0.8393873572349548,0.002967303851619363,0.14287890493869781,0.0032169409096240997,80.0242317199707,22.570937585953647,57.45329413401706,2.5454544772553627,15.591944444444445,13.098011301248334
vw10,1,10,WITH_MAP,3.5,35,20.383365631103516,23.440870475769042,7.900489256184029,15.540381219585013,15.540381219585013,1.9670150437102278,10.079818725585938,11.591791534423827,1,0.015012375079095364,0.8141322731971741,0.003499065525829792,0.1639196127653122,0.003436669707298279,103.46510219573975,30.471426842137674,72.99367535360207,2.3954794021217984,15.998888888888889,10.32637090201024
vw10,1,10,WITH_MAP,4.0,40,19.783998489379883,22.751598262786864,8.04206203998109,14.709536222805774,14.709536222805774,1.8290751985843126,10.114715576171875,11.631922912597656,1,0.016030462458729744,0.8022993803024292,0.0035787716042250395,0.1747022122144699,0.003389162477105856,126.21670045852662,38.513488882118764,87.70321157640785,2.2772076517099737,16.29,8.989858046523295
vw10,1,10,WITH_MAP,4.5,45,18.411930084228516,21.173719596862792,8.106595461998696,13.067124134864097,13.067124134864097,1.6119126945607292,10.057754516601562,11.566417694091795,1,0.01981176808476448,0.775958240032196,0.0038819469045847654,0.19701902568340302,0.0033291149884462357,147.3904200553894,46.62008434411746,100.77033571127194,2.1615219519435978,16.166944444444447,8.221117503358983
vw10,1,10,WITH_MAP,5.0,50,21.893386840820312,25.177394866943356,8.003774053930917,17.17362081301244,17.17362081301244,2.1456903577354125,10.323319435119629,11.871817350387571,1,0.012355160899460316,0.8337427973747253,0.003029001411050558,0.1477195918560028,0.0031534500885754824,172.56781492233276,54.62385839804838,117.94395652428437,2.1592022237758717,16.016944444444444,7.2447760395589285
vw10,1,10,WITH_MAP,5.5,55,20.00283432006836,23.00325946807861,7.489030844989776,15.514228623088835,15.514228623088835,2.071593633970407,10.16081714630127,11.68493971824646,1,0.01698668673634529,0.7966680526733398,0.0035331619437783957,0.17957888543605804,0.0032331973779946566,195.57107439041135,62.112889243038154,133.4581851473732,2.1486391435628103,14.48,6.125995317182969
vw10,1,10,WITH_MAP,6.0,60,23.76435089111328,27.329003524780273,6.479133945611126,20.849869579169145,20.849869579169145,3.21800255314872,10.400943756103516,11.961085319519041,1,0.009953862987458706,0.8610261082649231,0.0026827941183000803,0.12333666533231735,0.003000678261741996,222.90007791519162,68.59202318864928,154.30805472654234,2.2496501422934774,12.32,5.4545863948296756
vw10,1,10,WITH_MAP,6.5,65,25.07358169555664,28.834618949890135,5.678255657013097,23.15636329287704,23.15636329287704,4.078076911573555,10.420516014099121,11.983593416213989,1,0.008475558832287788,0.8826590776443481,0.0024524936452507973,0.10353180021047592,0.0028811113443225622,251.73469686508176,74.27027884566238,177.46441801941938,2.3894405780837307,11.111944444444445,5.368555372348055
vw10,1,10,WITH_MAP,7.0,70,25.523128509521484,29.351597785949703,5.423468491423919,23.928129294525785,23.928129294525785,4.41196059908214,10.359578132629395,11.913514852523802,1,0.00841290969401598,0.8831684589385986,0.0025483977515250444,0.10288157314062119,0.0029887347482144833,281.08629465103144,79.6937473370863,201.39254731394516,2.5270809071394376,10.766111111111112,5.854435636603739
vw10,1,10,WITH_MAP,7.5,75,23.222980499267578,26.70642757415771,5.196251311606541,21.51017626255117,21.51017626255117,4.139556571196862,10.356327056884766,11.909776115417479,1,0.010177448391914368,0.8574996590614319,0.002776668407022953,0.12643687427043915,0.0031093622092157602,307.79272222518915,84.88999864869284,222.90272357649633,2.6257830972403795,10.18388888888889,6.945925897103734
vw10,1,10,WITH_MAP,8.0,80,20.328166961669922,23.37739200592041,5.0278256748139665,18.349566331106445,18.349566331106445,3.649602734443531,10.11890697479248,11.636743021011352,1,0.01524488814175129,0.8136124014854431,0.003485487774014473,0.16432303190231323,0.0033341259695589542,331.17011423110955,89.9178243235068,241.25228990760274,2.683030775295719,9.916111111111112,6.841659042809624
vw10,1,10,WITH_MAP,8.5,85,20.429147720336914,23.49351987838745,4.925985970810885,18.567533907576564,18.567533907576564,3.7693030425988185,10.141329765319824,11.662529230117796,1,0.015267720445990562,0.8081886768341064,0.003538295393809676,0.16955555975437164,0.0034496691077947617,354.663634109497,94.84381029431769,259.81982381517935,2.7394494486135774,9.895,8.557336676050909
vw10,1,10,WITH_MAP,9.0,90,19.893978118896484,22.878074836730956,5.0600284228048915,17.818046413926066,17.818046413926066,3.5213332663552723,10.04613208770752,11.553051900863647,1,0.01669742539525032,0.8003774285316467,0.0036700847558677197,0.17577499151229858,0.003480026265606284,377.54170894622797,99.90383871712258,277.6378702291054,2.779051073455107,10.206111111111111,8.89602255274076
vw10,1,10,WITH_MAP,9.5,95,21.04367446899414,24.20022563934326,5.294725386764808,18.90550025257845,18.90550025257845,3.570629045244992,10.232559204101562,11.767443084716795,1,0.013660159893333912,0.8251824975013733,0.003146936185657978,0.15486256778240204,0.0031478051096200943,401.74193458557124,105.19856410388739,296.54337048168384,2.818891807200301,10.731944444444444,9.553934746189043
vw11,1,10,WITHOUT_MAP,2.0,20,20.142410278320312,23.16377182006836,4.84082729993724,18.322944520131117,18.322944520131117,3.7850853552178294,10.162737846374512,11.687148523330688,1,0.01604573242366314,0.802465558052063,0.003545778337866068,0.1746198832988739,0.00332306744530797,23.16377182006836,4.84082729993724,18.322944520131117,3.7850853552178294,9.786944444443373,6.1957199546159245
vw11,1,10,WITHOUT_MAP,2.5,25,21.385202407836914,24.592982769012448,4.992603932997229,19.600378836015217,19.600378836015217,3.925882985924831,10.202251434326172,11.732589149475096,1,0.01394678559154272,0.8239786624908447,0.0033386172726750374,0.15541532635688782,0.003320663934573531,47.756754589080806,9.833431232934469,37.92332335614634,3.856570759261755,10.129999999997764,5.01008312398335
vw11,1,10,WITHOUT_MAP,3.0,30,22.465984344482422,25.835881996154782,5.072168902233208,20.763713093921574,20.763713093921574,4.093655691311776,10.04862117767334,11.55591435432434,1,0.013221947476267815,0.8450901508331299,0.003376592416316271,0.13483959436416626,0.0034716413356363773,73.5926365852356,14.905600135167678,58.68703645006792,3.9372474719487522,10.223055555554918,3.9853908693767153
vw11,1,10,WITHOUT_MAP,3.5,35,23.437475204467773,26.953096485137937,5.147325518948476,21.805770966189463,21.805770966189463,4.236330281797307,10.325865745544434,11.874745607376097,1,0.010191895999014378,0.8616496324539185,0.0028046108782291412,0.12221251428127289,0.003141398774459958,100.54573307037353,20.05292565411615,80.49280741625738,4.014018144017557,10.361944444443425,3.150541594106471
vw11,1,10,WITHOUT_MAP,4.0,40,23.04586410522461,26.502743721008297,5.178987074949184,21.323756646059113,21.323756646059113,4.117360467880361,10.342535018920898,11.893915271759033,1,0.010419071651995182,0.8569636344909668,0.0028475273866206408,0.12659373879432678,0.003175943624228239,127.04847679138183,25.231912729065336,101.8165640623165,4.035229717049203,10.406944444444187,2.3831640775315464
vw11,1,10,WITHOUT_MAP,4.5,45,21.745325088500977,25.00712385177612,5.222098816937011,19.78502503483911,19.78502503483911,3.788711345459351,10.285049438476562,11.827806854248045,1,0.01252034492790699,0.834879994392395,0.0031618676148355007,0.14619846642017365,0.0032393273431807756,152.05560064315796,30.45401154600235,121.60158909715561,3.9929580020507367,10.471111111114856,1.495336033462081
vw11,1,10,WITHOUT_MAP,5.0,50,19.71595001220703,22.673342514038083,5.230457857728492,17.44288465630959,17.44288465630959,3.334867640800526,10.09958553314209,11.614523363113403,1,0.01692044921219349,0.8030285239219666,0.0037099590990692377,0.17302390933036804,0.0033170573879033327,174.72894315719606,35.684469403730844,139.0444737534652,3.8964982827775487,10.533055555554045,0.9591002769448096
vw11,1,10,WITHOUT_MAP,5.5,55,18.858959197998047,21.68780307769775,5.21039484144097,16.47740823625678,16.47740823625678,3.1624106689964098,10.00997543334961,11.511471748352049,1,0.019167236983776093,0.7924798130989075,0.003867659717798233,0.18121211230754852,0.003273224923759699,196.41674623489382,40.89486424517182,155.521881989722,3.8029685355437617,10.388055555559067,0.49268425510672387
vw11,1,10,WITHOUT_MAP,6.0,60,16.41946792602539,18.8823881149292,5.181091612859942,13.701296502069258,13.701296502069258,2.64448064729475,9.78403377532959,11.251638841629028,1,0.027645401656627655,0.7473846673965454,0.004493661690503359,0.2172250598669052,0.003251138376072049,215.29913434982302,46.07595585803176,169.22317849179126,3.6727003344911187,10.336111111111483,0.10884987832287152
vw11,1,10,WITHOUT_MAP,6.5,65,14.688395500183105,16.89165482521057,5.165205379227439,11.72644944598313,11.72644944598313,2.2702774788283553,9.443130493164062,10.859600067138672,1,0.03634384274482727,0.7305232286453247,0.005116334650665522,0.2246498316526413,0.0033667238894850016,232.1907891750336,51.2411612372592,180.94962793777438,3.5313334742734073,10.383888888887904,0.0
vw11,1,10,WITHOUT_MAP,7.0,70,13.093368530273438,15.057373809814452,5.115055502915236,9.942318306899217,9.942318306899217,1.9437361532504913,9.067992210388184,10.42819104194641,1,0.04849005118012428,0.7345103621482849,0.005841708276420832,0.20771464705467224,0.0034432292450219393,247.24816298484805,56.35621674017443,190.89194624467362,3.3872384855918343,10.07694444444953,0.0
vw11,1,10,WITHOUT_MAP,7.5,75,9.734207153320312,11.194338226318358,4.756706061800894,6.437632164517464,6.437632164517464,1.3533802763671654,8.386628150939941,9.644622373580932,1,0.08280164003372192,0.73052978515625,0.006974710151553154,0.1760881394147873,0.0036056728567928076,258.4425012111664,61.11292280197532,197.3295784091911,3.2289337403907137,8.891944444459122,0.0
vw11,1,10,WITHOUT_MAP,8.0,80,2.1645097732543945,2.4891862392425534,4.045175629192083,-1.5559893899495294,1.5559893899495294,-0.3846531109108598,6.262681007385254,7.202083158493042,1,0.34311938285827637,0.545868456363678,0.01213917601853609,0.09427987039089203,0.004593191668391228,260.93168745040896,65.1580984311674,195.77358901924157,3.0045933465362795,7.805000000000841,0.0
vw11,1,10,WITHOUT_MAP,8.5,85,0.042990684509277344,0.049439287185668944,3.5427342585515236,-3.4932949713658545,3.4932949713658545,-0.9860448784533213,5.252244472503662,6.0400811433792105,0,0.5302023887634277,0.3930457830429077,0.013111840933561325,0.059218913316726685,0.0044210487976670265,260.98112673759465,68.70083268971892,192.2802940478757,2.798805873522556,6.6400000000094135,0.0
vw11,1,10,WITHOUT_MAP,9.0,90,0.0,0.0,2.9786037848100166,-2.9786037848100166,2.9786037848100166,-1.0,4.706686973571777,5.412690019607544,0,0.6162095665931702,0.31997621059417725,0.013424456119537354,0.04608624801039696,0.0043035838752985,260.98112673759465,71.67943647452894,189.30169026306572,2.640948360836144,5.513055555561205,0.0
vw11,1,10,WITHOUT_MAP,9.5,95,0.0,0.0,2.352119253726375,-2.352119253726375,2.352119253726375,-1.0,4.416660308837891,5.079159355163574,0,0.6568191051483154,0.2837294042110443,0.013969083316624165,0.04108673706650734,0.004395663738250732,260.98112673759465,74.03155572825531,186.94957100933934,2.525268706976356,4.275000000006004,0.0075320215132705925
vw11,1,10,WITH_MAP,2.0,20,20.142410278320312,23.16377182006836,4.84082729993724,18.322944520131117,18.322944520131117,3.7850853552178294,10.162737846374512,11.687148523330688,1,0.01604573242366314,0.802465558052063,0.003545778337866068,0.1746198832988739,0.00332306744530797,23.16377182006836,4.84082729993724,18.322944520131117,3.7850853552178294,9.786944444443373,6.19571995647857
vw11,1,10,WITH_MAP,2.5,25,21.385202407836914,24.592982769012448,4.992603932997229,19.600378836015217,19.600378836015217,3.925882985924831,10.202251434326172,11.732589149475096,1,0.01394678559154272,0.8239786624908447,0.0033386172726750374,0.15541532635688782,0.003320663934573531,47.756754589080806,9.833431232934469,37.92332335614634,3.856570759261755,10.129999999997764,5.010083123866934
vw11,1,10,WITH_MAP,3.0,30,22.465984344482422,25.835881996154782,5.072168902233208,20.763713093921574,20.763713093921574,4.093655691311776,10.04862117767334,11.55591435432434,1,0.013221947476267815,0.8450901508331299,0.003376592416316271,0.13483959436416626,0.0034716413356363773,73.5926365852356,14.905600135167678,58.68703645006792,3.9372474719487522,10.223055555554918,3.9853908683289774
vw11,1,10,WITH_MAP,3.5,35,23.437475204467773,26.953096485137937,5.147325518948476,21.805770966189463,21.805770966189463,4.236330281797307,10.325865745544434,11.874745607376097,1,0.010191895999014378,0.8616496324539185,0.0028046108782291412,0.12221251428127289,0.003141398774459958,100.54573307037353,20.05292565411615,80.49280741625738,4.014018144017557,10.361944444443425,3.1505415932042524
vw11,1,10,WITH_MAP,4.0,40,23.04586410522461,26.502743721008297,5.178987074949184,21.323756646059113,21.323756646059113,4.117360467880361,10.342535018920898,11.893915271759033,1,0.010419071651995182,0.8569636344909668,0.0028475273866206408,0.12659373879432678,0.003175943624228239,127.04847679138183,25.231912729065336,101.8165640623165,4.035229717049203,10.406944444444187,2.3831640795979183
vw11,1,10,WITH_MAP,4.5,45,21.745325088500977,25.00712385177612,5.222098816937011,19.78502503483911,19.78502503483911,3.788711345459351,10.285049438476562,11.827806854248045,1,0.01252034492790699,0.834879994392395,0.0031618676148355007,0.14619846642017365,0.0032393273431807756,152.05560064315796,30.45401154600235,121.60158909715561,3.9929580020507367,10.471111111114856,1.495336040185066
vw11,1,10,WITH_MAP,5.0,50,19.71595001220703,22.673342514038083,5.230457857728492,17.44288465630959,17.44288465630959,3.334867640800526,10.09958553314209,11.614523363113403,1,0.01692044921219349,0.8030285239219666,0.0037099590990692377,0.17302390933036804,0.0033170573879033327,174.72894315719606,35.684469403730844,139.0444737534652,3.8964982827775487,10.533055555554045,0.9591002907545771
vw11,1,10,WITH_MAP,5.5,55,18.858959197998047,21.68780307769775,5.21039484144097,16.47740823625678,16.47740823625678,3.1624106689964098,10.00997543334961,11.511471748352049,1,0.019167236983776093,0.7924798130989075,0.003867659717798233,0.18121211230754852,0.003273224923759699,196.41674623489382,40.89486424517182,155.521881989722,3.8029685355437617,10.388055555559067,0.49268427932838676
vw11,1,10,WITH_MAP,6.0,60,16.41946792602539,18.8823881149292,5.181091612859942,13.701296502069258,13.701296502069258,2.64448064729475,9.78403377532959,11.251638841629028,1,0.027645401656627655,0.7473846673965454,0.004493661690503359,0.2172250598669052,0.003251138376072049,215.29913434982302,46.07595585803176,169.22317849179126,3.6727003344911187,10.336111111111483,0.10884991704369895
vw11,1,10,WITH_MAP,6.5,65,14.688395500183105,16.89165482521057,5.165205379227439,11.72644944598313,11.72644944598313,2.2702774788283553,9.443130493164062,10.859600067138672,1,0.03634384274482727,0.7305232286453247,0.005116334650665522,0.2246498316526413,0.0033667238894850016,232.1907891750336,51.2411612372592,180.94962793777438,3.5313334742734073,10.383888888887904,0.0
vw11,1,10,WITH_MAP,7.0,70,13.093368530273438,15.057373809814452,5.115055502915236,9.942318306899217,9.942318306899217,1.9437361532504913,9.067992210388184,10.42819104194641,1,0.04849005118012428,0.7345103621482849,0.005841708276420832,0.20771464705467224,0.0034432292450219393,247.24816298484805,56.35621674017443,190.89194624467362,3.3872384855918343,10.07694444444953,0.0
vw11,1,10,WITH_MAP,7.5,75,9.734207153320312,11.194338226318358,4.756706061800894,6.437632164517464,6.437632164517464,1.3533802763671654,8.386628150939941,9.644622373580932,1,0.08280164003372192,0.73052978515625,0.006974710151553154,0.1760881394147873,0.0036056728567928076,258.4425012111664,61.11292280197532,197.3295784091911,3.2289337403907137,8.891944444459122,0.0
vw11,1,10,WITH_MAP,8.0,80,2.1645097732543945,2.4891862392425534,4.045175629192083,-1.5559893899495294,1.5559893899495294,-0.3846531109108598,6.262681007385254,7.202083158493042,1,0.34311938285827637,0.545868456363678,0.01213917601853609,0.09427987039089203,0.004593191668391228,260.93168745040896,65.1580984311674,195.77358901924157,3.0045933465362795,7.805000000000841,0.0
vw11,1,10,WITH_MAP,8.5,85,0.042990684509277344,0.049439287185668944,3.5427342585515236,-3.4932949713658545,3.4932949713658545,-0.9860448784533213,5.252244472503662,6.0400811433792105,0,0.5302023887634277,0.3930457830429077,0.013111840933561325,0.059218913316726685,0.0044210487976670265,260.98112673759465,68.70083268971892,192.2802940478757,2.798805873522556,6.6400000000094135,0.0
vw11,1,10,WITH_MAP,9.0,90,0.0,0.0,2.9786037848100166,-2.9786037848100166,2.9786037848100166,-1.0,4.706686973571777,5.412690019607544,0,0.6162095665931702,0.31997621059417725,0.013424456119537354,0.04608624801039696,0.0043035838752985,260.98112673759465,71.67943647452894,189.30169026306572,2.640948360836144,5.513055555561205,0.0
vw11,1,10,WITH_MAP,9.5,95,0.0,0.0,2.352119253726375,-2.352119253726375,2.352119253726375,-1.0,4.416660308837891,5.079159355163574,0,0.6568191051483154,0.2837294042110443,0.013969083316624165,0.04108673706650734,0.004395663738250732,260.98112673759465,74.03155572825531,186.94957100933934,2.525268706976356,4.275000000006004,0.007532023032467805
vw11,2,120,WITHOUT_MAP,2.0,20,16.118953704833984,18.53679676055908,2.4800168142694763,16.056779946289605,16.056779946289605,6.474464146332554,9.353219985961914,10.7562029838562,1,0.03260021284222603,0.7337325811386108,0.0055173528380692005,0.22415801882743835,0.003991894889622927,18.53679676055908,2.4800168142694763,16.056779946289605,6.474464146332554,5.061111111107366,3.6881030026706867
vw11,2,120,WITHOUT_MAP,2.5,25,17.900785446166992,20.58590326309204,2.4273533302029597,18.15854993288908,18.15854993288908,7.4808021176590636,9.853737831115723,11.33179850578308,1,0.022440321743488312,0.7610642313957214,0.004254632163792849,0.2087177336215973,0.0035231932997703552,39.12270002365112,4.907370144472436,34.21532987917868,6.97223336978527,4.6519444444483575,3.842460440529976
vw11,2,120,WITHOUT_MAP,3.0,30,16.86867904663086,19.398980903625485,2.0432717040909107,17.355709199534573,17.355709199534573,8.494077985216581,9.71002197265625,11.166525268554686,1,0.026299739256501198,0.7472755312919617,0.004551333840936422,0.21834760904312134,0.003525771666318178,58.521680927276606,6.950641848563347,51.571039078713255,7.419608174656943,3.6488888888973845,4.612551527796313
vw11,2,120,WITHOUT_MAP,3.5,35,14.632824897766113,16.827748632431028,1.536703885520094,15.291044746910934,15.291044746910934,9.950547331202793,9.40536880493164,10.816174125671386,1,0.03671367093920708,0.714633584022522,0.005209159571677446,0.2399088442325592,0.003534708172082901,75.34942955970763,8.48734573408344,66.86208382562418,7.877855565270513,2.6630555555646875,5.356546231545508
vw11,2,120,WITHOUT_MAP,4.0,40,16.372953414916992,18.82889642715454,1.174989713153538,17.653906714001003,17.653906714001003,15.024732996699976,9.708028793334961,11.164233112335204,1,0.028021736070513725,0.7434898614883423,0.0045655881986021996,0.22053800523281097,0.003384922631084919,94.17832598686218,9.662335447236979,84.5159905396252,8.746952639053037,2.1750000000025773,5.510143027640879
vw11,2,120,WITHOUT_MAP,4.5,45,13.215006828308105,15.197257852554321,1.032825764807595,14.164432087746725,14.164432087746725,13.714251300058743,9.1979341506958,10.57762427330017,1,0.04499531164765358,0.7141464352607727,0.005626662168651819,0.23174472153186798,0.003486876841634512,109.37558383941649,10.695161212044574,98.68042262737191,9.226641905709746,1.9961111111145255,5.6841499076690525
vw11,2,120,WITHOUT_MAP,5.0,50,13.948750495910645,16.04106307029724,1.0222047322085477,15.018858338088693,15.018858338088693,14.69261280530306,9.401719093322754,10.811976957321166,1,0.03864256292581558,0.7272500991821289,0.004975606687366962,0.22591035068035126,0.0032214303500950336,125.41664690971373,11.717365944253123,113.69928096546062,9.703484683025144,2.068888888887415,5.780746306583751
vw11,2,120,WITHOUT_MAP,5.5,55,13.282251358032227,15.274589061737059,1.0881002177140804,14.186488844022978,14.186488844022978,13.037851305485866,9.264067649841309,10.653677797317505,1,0.04253426194190979,0.7293913960456848,0.005138750653713942,0.21975035965442657,0.003185235196724534,140.6912359714508,12.805466161967203,127.88576980948359,9.986810959628315,2.241111111108212,5.98893372353632
vw11,2,120,WITHOUT_MAP,6.0,60,7.5060834884643555,8.631996011734008,1.275664858177131,7.356331153556877,7.356331153556877,5.76666442318459,7.995772361755371,9.195138216018677,1,0.11084234714508057,0.6787794828414917,0.008548933081328869,0.19763949513435364,0.0041896747425198555,149.3232319831848,14.081131020144333,135.24210096304046,9.604491341609164,2.9330555555483317,6.357389619166497
vw11,2,120,WITHOUT_MAP,6.5,65,10.913352012634277,12.550354814529419,1.794945964116958,10.755408850412461,10.755408850412461,5.992051607917731,8.810203552246094,10.131734085083007,1,0.06491731852293015,0.6938994526863098,0.006609776988625526,0.23083896934986115,0.0037345329765230417,161.8735867977142,15.876076984261292,145.99750981345292,9.196069656136537,3.924999999995708,5.575823686434887
vw11,2,120,WITHOUT_MAP,7.0,70,13.184639930725098,15.162335920333861,2.204583002682376,12.957752917651485,12.957752917651485,5.87764348263841,9.20705509185791,10.588113355636596,1,0.04731350392103195,0.6907451748847961,0.005891685839742422,0.2523678243160248,0.0036817891523241997,177.03592271804808,18.08065998694367,158.95526273110443,8.791452460578792,4.764999999992028,5.22893567167921
vw11,2,120,WITHOUT_MAP,7.5,75,13.652546882629395,15.700428915023803,2.6316808370057445,13.068748078018059,13.068748078018059,4.965931998382953,9.328193664550781,10.727422714233398,1,0.04362257942557335,0.6935803890228271,0.005544109269976616,0.25368985533714294,0.0035630310885608196,192.73635163307188,20.712340823949415,172.02401080912247,8.305387221622643,5.6030555555492345,4.705702273407951
vw11,2,120,WITHOUT_MAP,8.0,80,16.176876068115234,18.603407478332517,2.9330093242019855,15.670398154130531,15.670398154130531,5.3427713389196745,9.81490421295166,11.287139844894408,1,0.028707066550850868,0.7357585430145264,0.004333687014877796,0.22802282869815826,0.003177850740030408,211.3397591114044,23.6453501481514,187.69440896325298,7.93789932427484,6.056111111106295,3.852374102396425
vw11,2,120,WITHOUT_MAP,8.5,85,13.557209014892578,15.590790367126464,3.02715275009187,12.563637617034594,12.563637617034594,4.150315049894098,9.454490661621094,10.872664260864257,1,0.04214828833937645,0.6995521783828735,0.0050978753715753555,0.24993351101875305,0.0032681019511073828,226.93054947853085,26.67250289824327,200.25804658028758,7.508033548418029,5.986944444446651,3.115612961293664
vw11,2,120,WITHOUT_MAP,9.0,90,12.848169326782227,14.77539472579956,3.0290746891059674,11.746320036693593,11.746320036693593,3.8778575117144185,9.251693725585938,10.639447784423828,1,0.04747335985302925,0.6973894834518433,0.005556914024055004,0.2461632490158081,0.003417043946683407,241.70594420433042,29.701577587349238,212.00436661698117,7.1378150198755765,6.05194444444471,1.9379843674832955
vw11,2,120,WITHOUT_MAP,9.5,95,13.69359302520752,15.747631978988647,3.0154652030352915,12.732166775953356,12.732166775953356,4.222289404347123,9.459484100341797,10.878406715393066,1,0.04105443134903908,0.7042048573493958,0.00505842687562108,0.24641405045986176,0.0032682204619050026,257.45357618331906,32.71704279038453,224.73653339293452,6.869096783373835,5.981111111113399,1.881746641069185
vw11,2,120,WITHOUT_MAP,10.0,100,14.25663948059082,16.395135402679443,2.9914451866621885,13.403690216017255,13.403690216017255,4.480673848138564,9.545089721679688,10.97685317993164,1,0.03721637651324272,0.7098267078399658,0.004888258874416351,0.24481120705604553,0.0032573880162090063,273.8487115859985,35.70848797704672,238.14022360895177,6.669008885563214,5.9361111111124965,2.2013918124430347
vw11,2,120,WITHOUT_MAP,10.5,105,14.679161071777344,16.881035232543944,2.9367945119478422,13.944240720596103,13.944240720596103,4.748115901152213,9.414253234863281,10.826391220092773,1,0.03750526160001755,0.7103574275970459,0.005438788793981075,0.24302098155021667,0.003677559783682227,290.7297468185424,38.64528248899457,252.08446432954787,6.523033293943101,5.851111111111426,3.0871485665556975
vw11,2,120,WITHOUT_MAP,11.0,110,15.438200950622559,17.75393109321594,2.891161918106195,14.862769175109744,14.862769175109744,5.140759873056623,9.584155082702637,11.021778345108032,1,0.03135032206773758,0.7325741648674011,0.004905900452286005,0.22773049771785736,0.0034391703084111214,308.4836779117584,41.53644440710076,266.9472335046576,6.426819563280248,5.799999999998897,3.0913989593391307
vw11,2,120,WITHOUT_MAP,11.5,115,15.143820762634277,17.415393877029416,2.873235222033686,14.542158654995731,14.542158654995731,5.061248916718604,9.53298568725586,10.962933540344238,1,0.03234676271677017,0.729205310344696,0.004919807892292738,0.2300807237625122,0.0034473545383661985,325.8990717887878,44.409679629134445,281.48939215965333,6.338469327191127,5.754999999998206,4.470114012947306
vw11,2,120,WITHOUT_MAP,12.0,120,13.81682014465332,15.889343166351317,2.908919395444368,12.980423770906949,12.980423770906949,4.462283757753987,9.279866218566895,10.671846151351929,1,0.03920390456914902,0.715530276298523,0.005471342708915472,0.23614387214183807,0.0036505942698568106,341.7884149551391,47.318599024578816,294.4698159305603,6.223130481475225,5.791111111113142,5.360590104770381
vw11,2,120,WITHOUT_MAP,12.5,125,14.559246063232422,16.743132972717284,3.0072151207455367,13.735917851971747,13.735917851971747,4.567653892537756,9.404897689819336,10.815632343292236,1,0.034849613904953,0.7197631597518921,0.005265623331069946,0.23644565045833588,0.003675969550386071,358.53154792785637,50.32581414532435,308.20573378253204,6.124207606309866,6.098888888887762,6.5688501232652925
vw11,2,120,WITHOUT_MAP,13.0,130,17.528654098510742,20.157952213287352,3.246111192546353,16.911841020741,16.911841020741,5.209877301669021,9.916223526000977,11.403657054901123,1,0.022976752370595932,0.7557936310768127,0.004262785892933607,0.2135036140680313,0.003463211702182889,378.6895001411437,53.5719253378707,325.117574803273,6.068805120458179,6.661111111108293,6.856890576716978
vw11,2,120,WITHOUT_MAP,13.5,135,17.107288360595703,19.673381614685056,3.498318901473786,16.17506271321127,16.17506271321127,4.623667300999052,9.751728057861328,11.214487266540527,1,0.025113973766565323,0.7531654834747314,0.004447916056960821,0.2137521356344223,0.0035205278545618057,398.36288175582877,57.07024423934449,341.29263751648426,5.980220376929727,7.254999999994637,8.163722869590856
vw11,2,120,WITHOUT_MAP,14.0,140,18.57459259033203,21.360781478881833,3.8827801608582577,17.478001318023576,17.478001318023576,4.50141408834236,9.991761207580566,11.49052538871765,1,0.019919905811548233,0.7736464738845825,0.0039958045817911625,0.19904635846614838,0.0033914733212441206,419.7236632347106,60.95302440020275,358.77063883450785,5.886018657235234,8.103888888878597,8.180622022948228
vw11,2,120,WITHOUT_MAP,14.5,145,18.169668197631836,20.89511842727661,4.223777558929226,16.671340868347386,16.671340868347386,3.9470215075847306,9.923443794250488,11.411960363388062,1,0.021079957485198975,0.7746787667274475,0.003995270002633333,0.19690479338169098,0.003341241739690304,440.6187816619872,65.17680195913198,375.44197970285524,5.760362098439102,8.638888888887672,9.014565415563993
vw11,2,120,WITHOUT_MAP,15.0,150,15.595361709594727,17.934665966033933,4.526627641502331,13.408038324531603,13.408038324531603,2.9620369481245077,9.667631149291992,11.11777582168579,1,0.030465904623270035,0.723747968673706,0.004729794338345528,0.23760449886322021,0.00345186167396605,458.55344762802116,69.70342960063431,388.85001802738685,5.578635373543346,9.264999999995506,9.590182129759341
vw11,2,120,WITHOUT_MAP,15.5,155,16.420005798339844,18.883006668090818,4.767123807019479,14.11588286107134,14.11588286107134,2.9610900476899786,9.596126556396484,11.035545539855956,1,0.02814643271267414,0.739091157913208,0.00483108963817358,0.2242104411125183,0.0037209156434983015,477.436454296112,74.47055340765378,402.96590088845824,5.411077029099169,9.571944444445927,9.584574548178352
vw11,2,120,WITHOUT_MAP,16.0,160,20.236160278320312,23.271584320068357,4.822111225817138,18.449473094251218,18.449473094251218,3.826015666224048,10.141451835632324,11.662669610977172,1,0.015615439042448997,0.802514374256134,0.0035494754556566477,0.17493297159671783,0.003387792268767953,500.7080386161804,79.29266463347092,421.41537398270947,5.314682965072436,9.638055555555669,9.864110765047371
vw11,2,120,WITHOUT_MAP,16.5,165,19.981054306030273,22.978212451934812,4.8053422985883625,18.17287015334645,18.17287015334645,3.78180554560806,10.136724472045898,11.657233142852782,1,0.016002120450139046,0.7989928722381592,0.0035756195429712534,0.17809854447841644,0.0033308786805719137,523.6862510681152,84.09800693205928,439.58824413605595,5.22709467408887,9.753888888885967,10.045959236798808
vw11,2,120,WITHOUT_MAP,17.0,170,22.512298583984375,25.88914337158203,4.926121616975196,20.963021754606835,20.963021754606835,4.255481976402937,10.288819313049316,11.832142210006714,1,0.011372033506631851,0.8384923934936523,0.0030408173333853483,0.1437874734401703,0.003307296894490719,549.5753944396972,89.02412854903447,460.55126589066276,5.173330796908517,9.938888888890371,9.848830599104986
vw11,2,120,WITHOUT_MAP,17.5,175,20.207584381103516,23.238722038269042,5.138012067462827,18.100709970806214,18.100709970806214,3.5229014126750435,10.163556098937988,11.688089513778685,1,0.01572759822010994,0.7985461950302124,0.0035585868172347546,0.17881140112876892,0.0033562558237463236,572.8141164779663,94.1621406164973,478.651975861469,5.083274155914938,10.646111111103574,9.645012364373542
vw11,2,120,WITHOUT_MAP,18.0,180,22.31229591369629,25.65914030075073,5.447238567232146,20.211901733518587,20.211901733518587,3.710485869868679,10.312169075012207,11.858994436264037,1,0.01139130350202322,0.8410703539848328,0.002968459390103817,0.14138548076152802,0.003184233559295535,598.4732567787171,99.60937918372944,498.8638775949876,5.0082018549160265,10.921944444448682,9.357649507117458
vw11,2,120,WITHOUT_MAP,18.5,185,24.39785385131836,28.05753192901611,5.754507616167144,22.30302431284897,22.30302431284897,3.875748508906163,10.297682762145996,11.842335176467895,1,0.009570157155394554,0.8658986687660217,0.0028126011602580547,0.11850909888744354,0.003209473332390189,626.5307887077332,105.36388679989659,521.1669019078366,4.946352281950443,11.75999999999844,9.046593049890362
vw11,2,120,WITHOUT_MAP,19.0,190,23.661325454711914,27.2105242729187,5.877047526027919,21.33347674689078,21.33347674689078,3.6299649870807316,10.220331192016602,11.753380870819091,1,0.010448348708450794,0.8594520688056946,0.0029774783179163933,0.12379772961139679,0.0033244977239519358,653.741312980652,111.24093432592451,542.5003786547275,4.87680530500811,11.959999999998807,8.939907940570265
vw11,2,120,WITHOUT_MAP,19.5,195,23.72734832763672,27.286450576782226,6.24802107415754,21.038429502624687,21.038429502624687,3.3672148753853923,10.337732315063477,11.888392162322997,1,0.009850275702774525,0.8636103868484497,0.0027558323927223682,0.12067126482725143,0.0031121668871492147,681.0277635574342,117.48895540008205,563.5388081573522,4.79652582013644,12.614999999998373,8.523430265719071
vw11,2,120,WITHOUT_MAP,20.0,200,24.791725158691406,28.510483932495116,6.512539474807836,21.997944457687282,21.997944457687282,3.3777828975595376,10.320867538452148,11.86899766921997,1,0.009008401073515415,0.8776406645774841,0.0026481165550649166,0.10761559009552002,0.003087205346673727,709.5382474899294,124.00149487488989,585.5367526150395,4.7220136596402424,13.331944444436013,8.985758442082442
vw11,2,120,WITHOUT_MAP,20.5,205,21.681350708007812,24.933553314208982,6.532185399373983,18.401367914835,18.401367914835,2.8170308694236557,10.198138236999512,11.727858972549438,1,0.01322409138083458,0.8286916613578796,0.0032353855203837156,0.15153858065605164,0.003310214029625058,734.4718008041384,130.53368027426387,603.9381205298746,4.626684233991888,13.14305555555608,9.0110583382193
vw11,2,120,WITHOUT_MAP,21.0,210,22.55459213256836,25.93778095245361,6.87030670264751,19.0674742498061,19.0674742498061,2.775345421254388,10.316217422485352,11.863650035858154,1,0.011218737810850143,0.8453710675239563,0.0029062347020953894,0.1373365968465805,0.0031672478653490543,760.409581756592,137.40398697691137,623.0055947796807,4.534115846903098,13.963888888888576,9.368633416946977
vw11,2,120,WITHOUT_MAP,21.5,215,18.072771072387695,20.783686733245847,7.063396951733865,13.720289781511983,13.720289781511983,1.9424492033035237,9.909185409545898,11.395563220977783,1,0.021936090663075447,0.7699622511863708,0.004042460583150387,0.2007255256175995,0.0033337296918034554,781.1932684898379,144.46738392864523,636.7258845611927,4.407402330173584,14.558888888886079,8.91795997438021
vw11,2,120,WITHOUT_MAP,22.0,220,20.52886962890625,23.608200073242184,7.226180937526102,16.38201913571608,16.38201913571608,2.26703694210631,10.144457817077637,11.66612648963928,1,0.015322829596698284,0.8160571455955505,0.003410438308492303,0.1619577556848526,0.0032518014777451754,804.8014685630801,151.69356486617133,653.1079036969088,4.305442384936371,14.71111111110293,8.243542117299512
vw11,2,120,WITHOUT_MAP,22.5,225,15.47274112701416,17.793652296066284,7.430493081464486,10.363159214601797,10.363159214601797,1.3946798820730895,9.393954277038574,10.80304741859436,1,0.034839242696762085,0.7264545559883118,0.0053848689422011375,0.22955895960330963,0.0037624146789312363,822.5951208591464,159.1240579476358,663.4710629115106,4.169520759267239,15.066944444441726,7.916523079271428
vw11,2,120,WITHOUT_MAP,23.0,230,22.302576065063477,25.647962474822997,7.587114959472018,18.06084751535098,18.06084751535098,2.3804631420278124,10.190917015075684,11.719554567337035,1,0.012292967177927494,0.8409660458564758,0.0031670494936406612,0.1402285248041153,0.0033454205840826035,848.2430833339694,166.71117290710782,681.5319104268615,4.088099786848804,15.246944444445953,7.376891403342597
vw11,2,120,WITHOUT_MAP,23.5,235,25.864463806152344,29.744133377075194,7.602288960931104,22.14184441614409,22.14184441614409,2.9125233899859846,10.291046142578125,11.834703063964843,1,0.008407079614698887,0.8862464427947998,0.002619049744680524,0.09962894022464752,0.0030984794721007347,877.9872167110445,174.31346186803893,703.6737548430056,4.036829670537494,15.218055555553292,7.755247001070529
vw11,2,120,WITHOUT_MAP,24.0,240,27.186439514160156,31.26440544128418,7.5517081838956255,23.712697257388555,23.712697257388555,3.1400441701331894,10.293683052062988,11.837735509872436,1,0.0075354366563260555,0.8987450003623962,0.0024772617034614086,0.08821891248226166,0.0030234751757234335,909.2516221523288,181.86517005193454,727.3864521003942,3.99959185088974,15.118888888888083,7.367903477046639
vw11,2,120,WITHOUT_MAP,24.5,245,26.723751068115234,30.732313728332517,7.525363813704003,23.206949914628513,23.206949914628513,3.0838309600882927,10.30334186553955,11.848843145370482,1,0.007649836130440235,0.8980504274368286,0.0024702628143131733,0.08881328254938126,0.003016218775883317,939.9839358806613,189.39053386563853,750.5934020150228,3.963204425768844,15.126944444443488,7.0348812664160505
vw11,2,120,WITHOUT_MAP,25.0,250,23.536922454833984,27.06746082305908,7.520743918245343,19.546716904813735,19.546716904813735,2.599040349903864,10.315349578857422,11.862652015686034,1,0.010068628937005997,0.8624392747879028,0.002774823224171996,0.12157651782035828,0.003140672342851758,967.0513967037203,196.91127778388386,770.1401189198365,3.911102134866489,15.025000000003079,6.868123682914302
vw11,2,120,WITHOUT_MAP,25.5,255,21.251995086669922,24.439794349670407,7.602084291948321,16.837710057722084,16.837710057722084,2.2148807367941963,10.210904121398926,11.742539739608764,1,0.013703947886824608,0.8257664442062378,0.0033040184061974287,0.15395362675189972,0.0032719410955905914,991.4911910533907,204.5133620758322,786.9778289775585,3.848050909679693,15.22305555555848,6.593194351531565
vw11,2,120,WITHOUT_MAP,26.0,260,20.486801147460938,23.559821319580077,7.740877466123967,15.81894385345611,15.81894385345611,2.0435595218609,10.185341835021973,11.713143110275267,1,0.01518272515386343,0.8158538937568665,0.0033909999765455723,0.16236741840839386,0.0032050309237092733,1015.0510123729708,212.25423954195617,802.7967728310147,3.7822414033446257,15.583055555552681,6.07598675636109
vw11,2,120,WITHOUT_MAP,26.5,265,17.841331481933594,20.51753120422363,7.624905032625948,12.892626171597682,12.892626171597682,1.6908572784096143,9.96133041381836,11.455529975891112,1,0.023072678595781326,0.7641574740409851,0.004170801490545273,0.20530188083648682,0.003297272603958845,1035.5685435771945,219.8791445745821,815.6893990026124,3.7097169928543807,15.39388888888521,5.588018449314404
vw11,2,120,WITHOUT_MAP,27.0,270,18.96976661682129,21.81523160934448,7.752972962080998,14.062258647263482,14.062258647263482,1.8137892026762583,10.066838264465332,11.57686400413513,1,0.019346263259649277,0.7855333685874939,0.003882750403136015,0.1879357546567917,0.0033019385300576687,1057.383775186539,227.63211753666312,829.7516576498758,3.6451431662152576,15.57611111111169,5.553640517347958
vw11,2,120,WITHOUT_MAP,27.5,275,19.90186309814453,22.88714256286621,7.817605120501408,15.069537442364801,15.069537442364801,1.9276411650475211,10.145276069641113,11.66706748008728,1,0.016707981005311012,0.8039208054542542,0.0035797799937427044,0.17254607379436493,0.003245306434109807,1080.2709177494053,235.44972265716453,844.8211950922407,3.5881171808487307,15.56888888889104,5.30013063410297
vw11,2,120,WITHOUT_MAP,28.0,280,20.126779556274414,23.145796489715575,7.715821178912655,15.42997531080292,15.42997531080292,1.9997839443160053,10.146130561828613,11.668050146102905,1,0.01603744924068451,0.807354748249054,0.003547150641679764,0.16978564858436584,0.003274995367974043,1103.416714239121,243.16554383607718,860.2511704030437,3.537718201485637,15.42611111111476,5.672941825236194
vw11,2,120,WITHOUT_MAP,28.5,285,19.6307430267334,22.575354480743407,7.77544083407461,14.799913646668797,14.799913646668797,1.903417949219107,10.12600326538086,11.644903755187988,1,0.01712232083082199,0.8012731075286865,0.0035701158922165632,0.17482823133468628,0.003206338034942746,1125.9920687198644,250.94098467015178,875.0510840497126,3.4870791839759434,15.608055555557172,5.890579472004902
vw11,2,120,WITHOUT_MAP,29.0,290,22.12271499633789,25.441122245788574,7.823284934757219,17.617837311031355,17.617837311031355,2.251974389013877,10.280773162841797,11.822889137268065,1,0.012262995354831219,0.8404756188392639,0.0030672375578433275,0.14098533987998962,0.0032089054584503174,1151.433190965653,258.764269604909,892.668921360744,3.449737951548351,15.680000000000872,6.150022632034961
vw11,2,120,WITHOUT_MAP,29.5,295,18.64545440673828,21.442272567749022,7.844845240916357,13.597427326832666,13.597427326832666,1.733294527712614,10.069482803344727,11.579905223846435,1,0.02002115547657013,0.778499960899353,0.003839440643787384,0.19441881775856018,0.003220692742615938,1172.8754635334021,266.60911484582533,906.2663486875767,3.3992324276371884,15.721944444443952,6.052291836182121
vw11,2,120,WITHOUT_MAP,30.0,300,19.991891860961914,22.9906756401062,7.788272454037611,15.20240318606859,15.20240318606859,1.9519608842378557,10.171958923339844,11.69775276184082,1,0.01636352948844433,0.8019797801971436,0.0035195171367377043,0.17490434646606445,0.0032328367233276367,1195.8661391735084,274.39738729986294,921.4687518736455,3.35815424826425,15.551111111112876,5.569182616774924
vw11,2,120,WITHOUT_MAP,30.5,305,19.251943588256836,22.13973512649536,7.716016028162494,14.423719098332866,14.423719098332866,1.8693220757562055,10.125064849853516,11.643824577331541,1,0.01800139993429184,0.7928345203399658,0.003637725720182061,0.18230849504470825,0.003217909252271056,1218.0058743000038,282.1134033280254,935.8924709719784,3.31743355661757,15.32694444444914,5.2133459654287435
vw11,2,120,WITHOUT_MAP,31.0,310,19.586246490478516,22.524183464050292,7.558449560803202,14.965733903247092,14.965733903247092,1.9800004991574955,10.143495559692383,11.665019893646239,1,0.017459558323025703,0.7925301790237427,0.0036526350304484367,0.18307894468307495,0.003278672229498625,1240.5300577640542,289.6718528888286,950.8582048752255,3.2825357223787623,15.208055555553116,4.970712189737242
vw11,2,120,WITHOUT_MAP,31.5,315,20.115816116333008,23.133188533782956,7.532672627685514,15.600515906097442,15.600515906097442,2.07104658295642,10.186784744262695,11.714802455902099,1,0.016417842358350754,0.8001908659934998,0.003504540305584669,0.17663933336734772,0.0032474601175636053,1263.663246297837,297.2045255165141,966.458720781323,3.2518304326009395,15.00888888889017,4.9496802559588104
vw11,2,120,WITHOUT_MAP,32.0,320,18.70645523071289,21.512423515319824,7.447485965312003,14.064937550007821,14.064937550007821,1.8885483793481157,9.984237670898438,11.481873321533202,1,0.02040848881006241,0.776951253414154,0.003990148194134235,0.1952638030052185,0.0033862462732940912,1285.175669813157,304.6520114818261,980.5236583313308,3.218503805578266,14.871944444446127,4.6066685990663245
vw11,2,120,WITHOUT_MAP,32.5,325,19.11440658569336,21.981567573547363,7.38420967072611,14.597357902821253,14.597357902821253,1.9768341574442123,10.054341316223145,11.562492513656615,1,0.01828785613179207,0.7856534123420715,0.0038265592884272337,0.18884561955928802,0.0033865731675177813,1307.1572373867043,312.03622115255223,995.1210162341521,3.189120200720687,14.755000000003681,4.378615834051743
vw11,2,120,WITHOUT_MAP,33.0,330,20.190828323364258,23.219452571868896,7.384354601896635,15.83509796997226,15.83509796997226,2.144411911896145,10.169441223144531,11.69485740661621,1,0.015338042750954628,0.8064416646957397,0.003501701634377241,0.17137518525123596,0.003343428485095501,1330.3766899585733,319.42057575444886,1010.9561142041243,3.164968668083818,14.828888888886567,4.252875939011574
vw11,2,120,WITHOUT_MAP,33.5,335,17.705965042114258,20.361859798431396,7.494913324429968,12.866946474001429,12.866946474001429,1.7167572081268914,9.946898460388184,11.43893322944641,1,0.02230735681951046,0.765572726726532,0.00410884665325284,0.2046704739332199,0.00334062147885561,1350.7385497570046,326.9154890788788,1023.8230606781258,3.1317667558758457,15.133888888884773,4.134939345822204
vw11,2,120,WITHOUT_MAP,34.0,340,21.110355377197266,24.276908683776853,7.580311100415853,16.696597583360997,16.696597583360997,2.202626958469426,10.219765663146973,11.752730512619017,1,0.014178786426782608,0.8224338293075562,0.0033066491596400738,0.15683329105377197,0.0032474033068865538,1375.0154584407815,334.49580017929463,1040.5196582614867,3.1107106806834435,15.264999999997825,4.060411364596803
vw11,2,120,WITHOUT_MAP,34.5,345,18.474397659301758,21.24555730819702,7.6271250824267804,13.618432225770242,13.618432225770242,1.7855262734772355,10.04188346862793,11.548165988922118,1,0.020390421152114868,0.7767112851142883,0.003937633708119392,0.19567283987998962,0.0032877237536013126,1396.2610157489785,342.12292526172143,1054.1380904872572,3.081167652477102,15.278055555551845,4.138789885560982
vw11,2,120,WITHOUT_MAP,35.0,350,18.26460075378418,21.004290866851804,7.564697548554589,13.439593318297215,13.439593318297215,1.776620047534506,9.974650382995605,11.470847940444946,1,0.021228622645139694,0.7705739140510559,0.004125402774661779,0.20065858960151672,0.003413410857319832,1417.2653066158302,349.687622810276,1067.5776838055542,3.0529467277850193,15.046944444448414,4.003430621873122
vw11,2,120,WITHOUT_MAP,35.5,355,21.450664520263672,24.66826419830322,7.482890699633276,17.185373498669943,17.185373498669943,2.2966222798780382,10.159893035888672,11.68387699127197,1,0.013668338768184185,0.8286852240562439,0.003396884771063924,0.1508365124464035,0.0034130101557821035,1441.9335708141334,357.1705135099093,1084.763057304224,3.0371013739187864,14.925000000000088,3.9079900427605025
vw11,2,120,WITHOUT_MAP,36.0,360,21.568164825439453,24.803389549255368,7.340134742489882,17.463254806765484,17.463254806765484,2.379146353496188,10.028911590576172,11.533248329162596,1,0.014158670790493488,0.833082377910614,0.0034985998645424843,0.14574205875396729,0.003518202807754278,1466.7369603633888,364.5106482523992,1102.2263121109895,3.0238521628804973,14.52888888889104,3.851332042075228
vw11,2,120,WITHOUT_MAP,36.5,365,29.522611618041992,33.95100336074829,7.298031996495798,26.65297136425249,26.65297136425249,3.6520765292684527,10.116511344909668,11.633988046646117,1,0.006299960892647505,0.9245796203613281,0.002429674845188856,0.0635104849934578,0.003180229803547263,1500.687963724137,371.80868024889503,1128.8792834752421,3.0361832400457978,14.641111111112641,3.7535842174547724
vw11,2,120,WITHOUT_MAP,37.0,370,22.290889739990234,25.634523200988767,7.224187638136893,18.410335562851873,18.410335562851873,2.5484298699085106,10.188735961914062,11.717046356201172,1,0.012106571346521378,0.851234495639801,0.003014265326783061,0.13043926656246185,0.00320539902895689,1526.3224869251258,379.0328678870319,1147.2896190380939,3.02688689092798,14.440000000000058,3.8428333672927693
vw11,2,120,WITHOUT_MAP,37.5,375,19.861236572265625,22.840422058105467,7.179343658165696,15.661078399939772,15.661078399939772,2.181408098792855,10.039017677307129,11.544870328903198,1,0.016939708963036537,0.8138631582260132,0.0035149564500898123,0.16244526207447052,0.0032369610853493214,1549.1629089832313,386.2122115451976,1162.9506974380338,3.0111701874603622,14.330000000002753,3.5111899491166696
vw11,2,120,WITHOUT_MAP,38.0,380,18.64554214477539,21.4423734664917,7.174815270377005,14.267558196114694,14.267558196114694,1.9885610511843876,10.052578926086426,11.560465764999389,1,0.019923241809010506,0.7770832180976868,0.0038843804504722357,0.1958048939704895,0.0033042130526155233,1570.605282449723,393.3870268155746,1177.2182556341486,2.9925192631887305,14.33611111111088,2.993980291765183
vw11,2,120,WITHOUT_MAP,38.5,385,16.531354904174805,19.011058139801023,7.122621237453639,11.888436902347383,11.888436902347383,1.6691097990488597,9.63947582244873,11.08539719581604,1,0.02950993925333023,0.737783670425415,0.004932734649628401,0.22414544224739075,0.0036282597575336695,1589.616340589524,400.50964805302823,1189.1066925364958,2.968983889194739,14.233888888891151,3.095789220300503
vw11,2,120,WITHOUT_MAP,39.0,390,18.350223541259766,21.10275707244873,7.1159891823769685,13.98676789007176,13.98676789007176,1.965540915198487,9.999048233032227,11.49890546798706,1,0.0207151360809803,0.7749674320220947,0.003962224815040827,0.19704927504062653,0.0033059283159673214,1610.7190976619727,407.6256372354052,1203.0934604265676,2.9514666167373007,14.303888888888922,2.519966179446783
vw11,2,120,WITHOUT_MAP,39.5,395,18.674373626708984,21.475529670715332,7.168641616312663,14.30688805440267,14.30688805440267,1.9957599807816462,10.03903579711914,11.54489116668701,1,0.02019474469125271,0.7707177400588989,0.00399689981713891,0.20168165862560272,0.0034088636748492718,1632.194627332688,414.7942788517178,1217.4003484809703,2.934949710133709,14.448055555552337,2.953649360308191
vw11,2,120,WITHOUT_MAP,40.0,400,20.242109298706055,23.27842569351196,7.272821100693163,16.0056045928188,16.0056045928188,2.2007422389770217,10.191170692443848,11.719846296310424,1,0.01597551256418228,0.800962507724762,0.0035205581225454807,0.1762276291847229,0.00331380614079535,1655.4730530262,422.06709995241096,1233.405953073789,2.922298263031775,14.591944444443287,3.519896836805856
vw11,2,120,WITHOUT_MAP,40.5,405,18.093957901000977,20.808051586151123,7.287129065048146,13.520922521102978,13.520922521102978,1.8554525932516397,9.908831596374512,11.395156335830688,1,0.022388800978660583,0.7641875743865967,0.004231359343975782,0.2057269960641861,0.0034652468748390675,1676.281104612351,429.3542290174591,1246.926875594892,2.904191437565152,14.521944444445637,3.8870611747261137
vw11,2,120,WITHOUT_MAP,41.0,410,22.38150405883789,25.738729667663574,7.268967081804657,18.469762585858916,18.469762585858916,2.540906070697661,10.256756782531738,11.795270299911499,1,0.011926346458494663,0.8364065289497375,0.003104991978034377,0.14524686336517334,0.0033152271062135696,1702.0198342800147,436.62319609926374,1265.3966381807509,2.898143409433223,14.646111111105105,3.8438800922594965
vw11,2,120,WITHOUT_MAP,41.5,415,23.242076873779297,26.72838840484619,7.193728446545104,19.534659958301084,19.534659958301084,2.7155125611786053,10.23298168182373,11.76792893409729,1,0.010903589427471161,0.8497642278671265,0.0030012752395123243,0.13298216462135315,0.0033487135078758,1728.7482226848608,443.81692454580883,1284.931298139052,2.895183187198232,14.415000000000637,4.016850564337801
vw11,2,120,WITHOUT_MAP,42.0,420,25.33214569091797,29.13196754455566,7.094593899603822,22.03737364495184,22.03737364495184,3.106220589480457,10.303750991821289,11.849313640594481,1,0.008726595900952816,0.8798697590827942,0.0026388992555439472,0.10566975921392441,0.0030950005166232586,1757.8801902294165,450.91151844541264,1306.9686717840038,2.898503627252595,14.136111111112093,3.9668026835424826
vw11,2,120,WITHOUT_MAP,42.5,425,25.117271423339844,28.88486213684082,7.006705299869248,21.87815683697157,21.87815683697157,3.122459972361024,10.307268142700195,11.853358364105224,1,0.008641381748020649,0.8847479820251465,0.0025776659604161978,0.10099798440933228,0.0030348687432706356,1786.7650523662574,457.91822374528186,1328.8468286209754,2.901930431491518,13.983055555555467,4.542326148774009
vw11,2,120,WITHOUT_MAP,43.0,430,19.877185821533203,22.858763694763184,6.910433051674703,15.94833064308848,15.94833064308848,2.307862694541769,10.024779319763184,11.52849621772766,1,0.017018549144268036,0.8082147240638733,0.0036849998869001865,0.16773462295532227,0.003347064834088087,1809.6238160610205,464.8286567969566,1344.7951592640638,2.893098649577211,13.773888888887273,4.8919429849484
vw11,2,120,WITHOUT_MAP,43.5,435,22.308568954467773,25.654854297637936,6.831016775082293,18.823837522555642,18.823837522555642,2.755642116298107,10.245379447937012,11.782186365127563,1,0.011878911405801773,0.840779185295105,0.0031059058383107185,0.1409127563238144,0.0033232932910323143,1835.2786703586585,471.65967357203886,1363.6189967866196,2.891107875429481,13.61499999999873,5.467770004936028
vw11,2,120,WITHOUT_MAP,44.0,440,16.86339569091797,19.39290504455566,6.79389546185873,12.599009582696931,12.599009582696931,1.854460324482236,9.764715194702148,11.22942247390747,1,0.025978822261095047,0.7461779713630676,0.004546753596514463,0.21982574462890625,0.0034706899896264076,1854.671575403214,478.45356903389757,1376.2180063693165,2.8763877948453844,13.611111111108672,5.516128690505866
vw11,2,120,WITHOUT_MAP,44.5,445,20.94749641418457,24.089620876312253,6.7733359537237705,17.316284922588483,17.316284922588483,2.556537139290799,10.21143627166748,11.743151712417601,1,0.014111627824604511,0.8186851143836975,0.003377166111022234,0.16050462424755096,0.0033214108552783728,1878.7611962795263,485.2269049876213,1393.534291291905,2.871922964221153,13.560000000003157,5.364413034520112
vw11,2,120,WITHOUT_MAP,45.0,450,17.685195922851562,20.337975311279294,6.846324631390148,13.491650679889146,13.491650679889146,1.9706413888161862,9.965022087097168,11.459775400161742,1,0.022349268198013306,0.7682082056999207,0.00405544089153409,0.2021256983280182,0.0032614830415695906,1899.0991715908056,492.07322961901144,1407.025941971794,2.859383232575335,13.744999999998294,5.22552149562398
vw11,2,120,WITHOUT_MAP,45.5,455,18.04939079284668,20.75679941177368,6.925668316308195,13.831131095465487,13.831131095465487,1.9970825144624205,9.869763374328613,11.350227880477904,1,0.021942656487226486,0.7850044965744019,0.003964971285313368,0.18582896888256073,0.003258896991610527,1919.8559710025793,498.99889793531963,1420.8570730672595,2.8474152527115026,13.9411111111105,5.092129429220222
vw11,2,120,WITHOUT_MAP,46.0,460,17.126476287841797,19.695447731018064,6.980954458947565,12.714493272070499,12.714493272070499,1.8213115909636388,9.880461692810059,11.362530946731567,1,0.02536756359040737,0.7542286515235901,0.004266049712896347,0.21284697949886322,0.0032907191198319197,1939.5514187335973,505.9798523942672,1433.57156633933,2.8332582010049467,13.811111111116556,5.025330068427138
vw11,2,120,WITHOUT_MAP,46.5,465,16.253538131713867,18.691568851470947,6.954066819519889,11.737502031951058,11.737502031951058,1.687861554479774,9.390840530395508,10.799466609954834,1,0.03343700245022774,0.7358555197715759,0.00537385419011116,0.2214636355638504,0.003870016196742654,1958.2429875850682,512.9339192137871,1445.3090683712812,2.817729563657277,13.903888888889968,5.0004375842399895
vw11,2,120,WITHOUT_MAP,47.0,470,19.58236312866211,22.519717597961424,7.074315163422135,15.44540243453929,15.44540243453929,2.1833070873630285,9.6718168258667,11.122589349746704,1,0.02077990397810936,0.7985108494758606,0.004366257693618536,0.17250429093837738,0.003838748438283801,1980.7627051830298,520.0082343772093,1460.7544708058203,2.809098730052421,14.081944444446306,5.417219291091897
vw11,2,120,WITHOUT_MAP,47.5,475,22.020278930664062,25.32332077026367,7.088871688977812,18.23444908128586,18.23444908128586,2.572263948526228,10.243548393249512,11.780080652236938,1,0.012347281910479069,0.8377375602722168,0.003113639773800969,0.14355185627937317,0.0032497497741132975,2006.0860259532935,527.0971060661872,1478.9889198871065,2.8059135648173923,14.336111111109863,6.125361443788279
vw11,2,120,WITHOUT_MAP,48.0,480,20.487762451171875,23.560926818847655,7.2253953366289645,16.33553148221869,16.33553148221869,2.2608495066569043,9.974236488342285,11.470371961593628,1,0.015517392195761204,0.8271329402923584,0.0035123354755342007,0.15044225752353668,0.0033950612414628267,2029.6469527721413,534.3225014028161,1495.3244513693253,2.7985429163912885,14.52111111111137,6.3206529874005355
vw11,2,120,WITHOUT_MAP,48.5,485,16.796037673950195,19.31544332504272,7.390716850478569,11.924726474564153,11.924726474564153,1.6134735934027826,9.657437324523926,11.106052923202514,1,0.026156585663557053,0.7639164924621582,0.004391181282699108,0.20212459564208984,0.0034111260902136564,2048.962396097184,541.7132182532947,1507.2491778438894,2.782374745633636,14.949999999995363,6.179832717694808
vw11,2,120,WITHOUT_MAP,49.0,490,13.885004043579102,15.967754650115966,7.489796597086659,8.477958053029306,8.477958053029306,1.131934351371707,9.379961967468262,10.7869562625885,1,0.03921293839812279,0.7159485816955566,0.005155520047992468,0.23629878461360931,0.0033842145930975676,2064.9301507473,549.2030148503814,1515.7271358969188,2.759866743101995,15.078055555551845,6.144223413255531
vw11,2,120,WITHOUT_MAP,49.5,495,16.57202911376953,19.057833480834958,7.469053744876803,11.588779735958155,11.588779735958155,1.551572679994058,9.820709228515625,11.293815612792969,1,0.027410315349698067,0.7390894889831543,0.004477514419704676,0.22565504908561707,0.003367712488397956,2083.9879842281352,556.6720685952581,1527.315915632877,2.743654660969435,14.9930555555546,4.941655507485848
vw11,2,120,WITHOUT_MAP,50.0,500,16.83111572265625,19.355783081054685,7.478879322833505,11.87690375822118,11.87690375822118,1.5880592860965441,9.847946166992188,11.325138092041016,1,0.02653956413269043,0.7433224320411682,0.004434083588421345,0.2223406583070755,0.003363135037943721,2103.34376730919,564.1509479180916,1539.1928193910983,2.728335076048781,14.941111111113221,4.720171611988917
vw11,2,120,WITHOUT_MAP,50.5,505,15.967092514038086,18.3621563911438,7.427220230261103,10.934936160882696,10.934936160882696,1.4722784328287355,9.626212120056152,11.070143938064575,1,0.030515283346176147,0.7285814881324768,0.004946606233716011,0.23235945403575897,0.003597219241783023,2121.7059237003336,571.5781681483527,1550.127755551981,2.712013582628031,14.78805555555741,4.774860845180228
vw11,2,120,WITHOUT_MAP,51.0,510,17.34738540649414,19.94949321746826,7.397199201012205,12.552294016456054,12.552294016456054,1.6968982009756404,9.84493637084961,11.32167682647705,1,0.0234358012676239,0.7634947299957275,0.004228308796882629,0.20545975863933563,0.003381452290341258,2141.655416917802,578.9753673493649,1562.6800495684372,2.6990441004815424,14.8019444444412,4.3082173658767715
vw11,2,120,WITHOUT_MAP,51.5,515,17.990848541259766,20.689475822448728,7.329746862481711,13.359728959967017,13.359728959967017,1.822672625756092,9.94029712677002,11.431341695785521,1,0.021750139072537422,0.7674152255058289,0.004119336139410734,0.20330721139907837,0.003408106742426753,2162.344892740251,586.3051142118466,1576.0397785284044,2.688088062556013,14.64388888889104,4.324222372786608
vw11,2,120,WITHOUT_MAP,52.0,520,20.612590789794922,23.70447940826416,7.275102974291584,16.429376433972575,16.429376433972575,2.258301565219067,10.17798900604248,11.70468735694885,1,0.014975677244365215,0.8109747767448425,0.0034506777301430702,0.16728349030017853,0.0033153656404465437,2186.049372148515,593.5802171861382,1592.4691549623767,2.6828204661392907,14.423888888895243,4.327234715223312
vw11,2,120,WITHOUT_MAP,52.5,525,20.821147918701172,23.944320106506346,7.270638437552868,16.673681668953478,16.673681668953478,2.29328989636369,10.195570945739746,11.724906587600707,1,0.014314847998321056,0.8139973878860474,0.0034001069143414497,0.1649537831544876,0.0033337497152388096,2209.9936922550214,600.850855623691,1609.1428366313303,2.678106923823915,14.589999999996467,4.450567901716568
vw11,2,120,WITHOUT_MAP,53.0,530,20.3521728515625,23.40499877929687,7.430156351647514,15.974842427649357,15.974842427649357,2.150000844074728,10.16034984588623,11.684402322769165,1,0.015354775823652744,0.8066230416297913,0.0035029000137001276,0.17118577659130096,0.003333539003506303,2233.3986910343183,608.2810119753385,1625.1176790589798,2.6716561047690024,14.83694444445001,4.415167197934352
vw11,2,120,WITHOUT_MAP,53.5,535,23.011192321777344,26.462871170043943,7.38390160811899,19.078969561924954,19.078969561924954,2.583860210291348,10.297685623168945,11.842338466644286,1,0.010800513438880444,0.8507544994354248,0.00293729524128139,0.13225051760673523,0.0032572762575000525,2259.861562204362,615.6649135834575,1644.1966486209046,2.670603135479837,14.796111111112499,4.710973850567825
vw11,2,120,WITHOUT_MAP,54.0,540,22.962326049804688,26.40667495727539,7.408451682210917,18.998223275064472,18.998223275064472,2.564398620656833,10.21111011505127,11.742776632308958,1,0.011296384036540985,0.8488872051239014,0.0030770893208682537,0.13337327539920807,0.003366023302078247,2286.2682371616374,623.0733652656685,1663.1948718959688,2.669340345156319,14.798888888893128,4.651308047585189
vw11,2,120,WITHOUT_MAP,54.5,545,25.27428436279297,29.065427017211913,7.467158734581776,21.598268282630137,21.598268282630137,2.8924345993348997,10.294942855834961,11.839184284210203,1,0.008829173631966114,0.8805209994316101,0.002685969928279519,0.10484474152326584,0.0031192281749099493,2315.333664178849,630.5405240002502,1684.793140178599,2.671982332697669,14.978888888890081,4.781634064042009
vw11,2,120,WITHOUT_MAP,55.0,550,23.688323974609375,27.24157257080078,7.580234475127839,19.661338095672942,19.661338095672942,2.593763842026979,10.342082023620605,11.893394327163696,1,0.009867393411695957,0.8639453649520874,0.0027379863895475864,0.12033843994140625,0.0031108171679079533,2342.57523674965,638.1207584753781,1704.4544782742717,2.6710531754939577,15.271111111110413,5.017514356644824
vw11,2,120,WITHOUT_MAP,55.5,555,22.133520126342773,25.45354814529419,7.717363864588497,17.736184280705693,17.736184280705693,2.2982179656046857,10.190034866333008,11.718540096282958,1,0.012341010384261608,0.8408514261245728,0.0031242610421031713,0.14036116003990173,0.0033220762852579355,2368.028784894944,645.8381223399666,1722.1906625549773,2.6665980266312355,15.421111111111314,5.019738827133551
vw11,2,120,WITHOUT_MAP,56.0,560,22.692243576049805,26.096080112457273,7.7321316290533275,18.363948483403945,18.363948483403945,2.3750175714031796,10.275188446044922,11.816466712951659,1,0.011361147277057171,0.8423224687576294,0.00303191808052361,0.1399662345647812,0.0033181149046868086,2394.1248650074012,653.57025396902,1740.5546110383812,2.6631484533885863,15.408055555560484,5.03524643793935
vw11,2,120,WITHOUT_MAP,56.5,565,20.959293365478516,24.10318737030029,7.656709575077108,16.44647779522318,16.44647779522318,2.147982450419318,10.21225643157959,11.744094896316527,1,0.014298247173428535,0.8180794715881348,0.003316114190965891,0.16103723645210266,0.0032688414212316275,2418.2280523777017,661.2269635440971,1757.0010888336046,2.6571830637642027,15.395000000002842,5.228113743884023
vw11,2,120,WITHOUT_MAP,57.0,570,21.48719596862793,24.71027536392212,7.448884022670297,17.261391341251823,17.261391341251823,2.3173124039410014,10.270729064941406,11.811338424682615,1,0.013119452632963657,0.8292512893676758,0.0031621844973415136,0.15128342807292938,0.0031836670823395252,2442.9383277416237,668.6758475667674,1774.2624801748561,2.6533969884379527,15.008055555558892,5.507588760054205
vw11,2,120,WITHOUT_MAP,57.5,575,19.061222076416016,21.920405387878418,7.43656514507347,14.483840242804948,14.483840242804948,1.9476519011468774,9.990972518920898,11.489618396759033,1,0.018827175721526146,0.7975901961326599,0.0037047339137643576,0.17662806808948517,0.003249803790822625,2464.858733129502,676.1124127118409,1788.746320417661,2.6456344932984166,14.625000000006724,5.849411634262651
vw11,2,120,WITHOUT_MAP,58.0,580,17.826614379882812,20.500606536865234,7.2058653104113555,13.29474122645388,13.29474122645388,1.8449888602892763,10.00683307647705,11.507858037948607,1,0.022634826600551605,0.7582144141197205,0.004076649434864521,0.2117801159620285,0.003294065361842513,2485.3593396663673,683.3182780222522,1802.041061644115,2.637191363971434,14.578888888882053,5.727647055464331
vw11,2,120,WITHOUT_MAP,58.5,585,17.087968826293945,19.651164150238035,7.233585255437601,12.417578894800435,12.417578894800435,1.716656188639782,9.880446434020996,11.362513399124145,1,0.025340329855680466,0.7478305697441101,0.00428164005279541,0.21921849250793457,0.0033289887942373753,2505.0105038166053,690.5518632776898,1814.4586405389155,2.6275486853755283,14.366111111113835,4.577779577986803
vw11,2,120,WITHOUT_MAP,59.0,590,17.887956619262695,20.571150112152097,7.105947470057945,13.465202642094152,13.465202642094152,1.894920093179967,9.944101333618164,11.435716533660887,1,0.0225533340126276,0.7590800523757935,0.004175407811999321,0.21078427135944366,0.0034069232642650604,2525.5816539287575,697.6578107477477,1827.92384318101,2.6200865453249156,14.113055555558278,3.969869313761592
vw11,2,120,WITHOUT_MAP,59.5,595,18.96343994140625,21.807955932617187,6.976363947724652,14.831591984892535,14.831591984892535,2.125977385358439,10.102126121520996,11.617445039749144,1,0.01829911582171917,0.7778249979019165,0.0037802779115736485,0.19676971435546875,0.0033258928451687098,2547.3896098613745,704.6341746954723,1842.7554351659023,2.615194524112177,13.91999999999728,3.197275927843293
vw11,2,120,WITHOUT_MAP,60.0,600,19.29482650756836,22.18905048370361,6.879239865976206,15.309810617727404,15.309810617727404,2.2255090556512886,10.122346878051758,11.64069890975952,1,0.017112964764237404,0.7871646881103516,0.0036770931910723448,0.1886949986219406,0.003350267419591546,2569.5786603450783,711.5134145614485,1858.06524578363,2.61142686526701,13.69194444444624,2.448855143331457
vw11,2,120,WITHOUT_MAP,60.5,605,20.073896408081055,23.08498086929321,6.712002341110567,16.372978528182642,16.372978528182642,2.439358286259711,10.13275146484375,11.65266418457031,1,0.016154175624251366,0.7965648174285889,0.0036033201031386852,0.18027183413505554,0.0034059735480695963,2592.6636412143716,718.225416902559,1874.4382243118125,2.609818839878394,13.294999999992609,2.372232968948083
vw11,2,120,WITHOUT_MAP,61.0,610,19.337806701660156,22.23847770690918,6.774389883270719,15.464087823638462,15.464087823638462,2.28272775705261,10.126651763916016,11.645649528503418,1,0.017141787335276604,0.787318229675293,0.0036618199665099382,0.18855418264865875,0.003324022749438882,2614.902118921281,724.9998067858297,1889.9023121354512,2.6067625045502147,13.528888888892286,2.3130816608900204
vw11,2,120,WITHOUT_MAP,61.5,615,20.58131980895996,23.668517780303954,6.799494161752424,16.86902361855153,16.86902361855153,2.48092331830224,10.205667495727539,11.73651762008667,1,0.014316126704216003,0.8121160864830017,0.0033701632637530565,0.16690078377723694,0.0032967717852443457,2638.5706367015846,731.7993009475822,1906.7713357540024,2.605593273025799,13.531944444444568,2.0174013230134733
vw11,2,120,WITHOUT_MAP,62.0,620,19.717954635620117,22.675647830963133,6.772972607139899,15.902675223823234,15.902675223823234,2.3479609539626707,10.13120174407959,11.650882005691527,1,0.016473010182380676,0.7930138111114502,0.003641681279987097,0.1834903359413147,0.0033811123576015234,2661.2462845325476,738.5722735547221,1922.6740109778257,2.6032306922707296,13.551111111108906,1.6816459205001593
vw11,2,120,WITHOUT_MAP,62.5,625,19.160839080810547,22.034964942932127,6.773846147770996,15.261118795161131,15.261118795161131,2.2529473599253445,10.035125732421875,11.540394592285155,1,0.01830948516726494,0.7824110984802246,0.0038631430361419916,0.19196143746376038,0.003454782534390688,2683.28124947548,745.3461197024931,1937.9351297729868,2.6000472512643102,13.614999999995307,1.639868669459247
vw11,2,120,WITHOUT_MAP,63.0,630,19.996177673339844,22.995604324340817,6.6906474358997885,16.30495688844103,16.30495688844103,2.4369774442087704,10.143704414367676,11.665260076522825,1,0.01598711870610714,0.8007683157920837,0.003587581217288971,0.17630693316459656,0.0033501298166811466,2706.276853799821,752.0367671383929,1954.240086661428,2.598596467693448,13.295000000001219,1.5120837514987215
vw11,2,120,WITHOUT_MAP,63.5,635,21.372713088989258,24.578620052337644,6.266358174474194,18.31226187786345,18.31226187786345,2.92231330670785,10.148499488830566,11.67077441215515,1,0.013539395295083523,0.8278100490570068,0.00340623059310019,0.1518346220254898,0.0034097800962626934,2730.8554738521584,758.3031253128671,1972.5523485392914,2.6012715531476136,12.11000000000707,1.7868621997331502
vw11,2,120,WITHOUT_MAP,64.0,640,23.185853958129883,26.66373205184936,5.554519699471531,21.10921235237783,21.10921235237783,3.8003668173840857,10.034917831420898,11.540155506134033,1,0.011475702747702599,0.855035662651062,0.003379153786227107,0.12639282643795013,0.0037166723050177097,2757.519205904008,763.8576450123386,1993.661560891669,2.6099909766033242,10.515000000010293,2.0388534737285227
vw11,2,120,WITHOUT_MAP,64.5,645,22.24376678466797,25.58033180236816,4.88299819838922,20.69733360397894,20.69733360397894,4.23865272176559,9.885223388671875,11.368006896972656,1,0.013603996485471725,0.8453457951545715,0.003690419252961874,0.1335621327161789,0.003797756042331457,2783.099537706376,768.7406432107279,2014.3588944956482,2.6203361462488335,9.366944444448157,2.3300910093821585
vw11,2,120,WITHOUT_MAP,65.0,650,20.24064064025879,23.276736736297604,4.329830617414677,18.94690611888293,18.94690611888293,4.375900073937776,9.638263702392578,11.084003257751464,1,0.018243998289108276,0.8254966735839844,0.00418775575235486,0.14823824167251587,0.0038332417607307434,2806.3762744426735,773.0704738281426,2033.305800614531,2.630168748452997,8.301944444448246,2.685395348118618
vw11,2,120,WITHOUT_MAP,65.5,655,16.7791805267334,19.296057605743407,3.8009470771852745,15.495110528558133,15.495110528558133,4.076644639849279,9.117147445678711,10.484719562530517,1,0.03164828568696976,0.7826175093650818,0.0053206440061330795,0.17641805112361908,0.003995469305664301,2825.672332048417,776.8714209053278,2048.8009111430893,2.6372458247408783,7.236944444449808,3.117543245170964
vw11,2,120,WITHOUT_MAP,66.0,660,11.049005508422852,12.706356334686278,3.2971029792489537,9.409253355437325,9.409253355437325,2.8537941989244926,8.310185432434082,9.556713247299193,1,0.07352490723133087,0.7487759590148926,0.007043288089334965,0.16674262285232544,0.003913286607712507,2838.3786883831035,780.1685238845768,2058.210164498527,2.638160988923762,6.306111111115372,3.455013069033157
vw11,2,120,WITHOUT_MAP,66.5,665,0.0,0.0,2.7477118215363108,-2.7477118215363108,2.7477118215363108,-1.0,4.751888275146484,5.4646715164184565,0,0.6130882501602173,0.3237307071685791,0.013027537614107132,0.04598060995340347,0.00417292769998312,2838.3786883831035,782.9162357061131,2055.4624526769903,2.625392550230059,5.003055555569559,3.7237358722486533
vw11,2,120,WITHOUT_MAP,67.0,670,0.0,0.0,2.240799035078529,-2.240799035078529,2.240799035078529,-1.0,4.606525421142578,5.297504234313965,0,0.6332104206085205,0.3061556816101074,0.013148260302841663,0.04331386834383011,0.004171827808022499,2838.3786883831035,785.1570347411916,2053.221653641912,2.6150458606267315,4.111944444450879,0.15931660039859707
vw11,2,120,WITHOUT_MAP,67.5,675,0.0,0.0,1.7170900660606416,-1.7170900660606416,1.7170900660606416,-1.0,4.444055557250977,5.110663890838623,0,0.6562903523445129,0.2856085002422333,0.013484052382409573,0.040410611778497696,0.004206487443298101,2838.3786883831035,786.8741248072523,2051.504563575851,2.607157229980557,3.0438888888971514,0.24471918486597133
vw11,2,120,WITHOUT_MAP,68.0,680,0.0,0.0,1.2880163794157486,-1.2880163794157486,1.2880163794157486,-1.0,4.683099746704102,5.385564708709716,0,0.6261827945709229,0.3130847215652466,0.012996205128729343,0.04364834725856781,0.004087911453098059,2838.3786883831035,788.162141186668,2050.2165471964354,2.6012624053593854,2.3730555555566264,0.3168269026973576
vw11,2,120,WITHOUT_MAP,68.5,685,0.0,0.0,0.9596141047773359,-0.9596141047773359,0.9596141047773359,-1.0,5.068513870239258,5.828790950775146,0,0.5703204274177551,0.3615586459636688,0.012672539800405502,0.051370278000831604,0.0040781511925160885,2838.3786883831035,789.1217552914453,2049.256933091658,2.5968830783721186,1.6561111111183267,0.6936830164268031
vw11,2,120,WITHOUT_MAP,69.0,690,0.7426738739013672,0.8540749549865722,0.6992666569524907,0.15480829803408147,0.15480829803408147,0.221386643414058,5.733554840087891,6.5935880661010735,1,0.4438585937023163,0.4604148268699646,0.013279728591442108,0.07779724895954132,0.004649552516639233,2839.23276333809,789.8210219483979,2049.411741389692,2.594779936768495,1.1569444444499526,0.7023798892550985
vw11,2,120,WITHOUT_MAP,69.5,695,5.576549530029297,6.413031959533691,0.5506402682064424,5.8623916913272485,5.8623916913272485,10.64650013778026,7.306980609893799,8.403027701377868,1,0.17487823963165283,0.6497407555580139,0.011032138019800186,0.15935128927230835,0.004997594747692347,2845.645795297624,790.3716622166042,2055.2741330810195,2.600389451358852,1.0811111111055145,1.5218630315503106
vw11,2,120,WITHOUT_MAP,70.0,700,12.52077865600586,14.398895454406738,0.36024050360763393,14.038654950799103,14.038654950799103,38.97022908365046,8.976383209228516,10.322840690612793,1,0.053250934928655624,0.7185067534446716,0.006167510990053415,0.2183946818113327,0.003680160967633128,2860.0446907520304,790.7319027202119,2069.3127880318184,2.616958770618886,0.588055555557464,2.4285720021289308
vw11,2,120,WITHOUT_MAP,70.5,705,14.800345420837402,17.02039723396301,0.3129571317968076,16.707440102166203,16.707440102166203,53.38571454257119,9.586811065673828,11.024832725524902,1,0.03446793928742409,0.7328915596008301,0.004751420114189386,0.22468893229961395,0.0032001296058297157,2877.0650879859936,791.0448598520087,2086.020228133985,2.6370441602063432,0.533055555555,2.765704630932305
vw11,2,120,WITHOUT_MAP,71.0,710,15.899548530578613,18.284480810165405,0.21681534640872474,18.06766546375668,18.06766546375668,83.33204158757661,9.788492202758789,11.256766033172607,1,0.029721200466156006,0.7389398813247681,0.00447784224525094,0.22367246448993683,0.003188599133864045,2895.349568796159,791.2616751984174,2104.0878935977416,2.6591555733697314,0.31888888889040284,3.2548353518359363
vw11,2,120,WITHOUT_MAP,71.5,715,15.42508602142334,17.73884892463684,0.1735977810156572,17.565251143621182,17.565251143621182,101.18361560184303,9.484275817871094,10.906917190551757,1,0.03491601720452309,0.7250474095344543,0.005292740650475025,0.23109781742095947,0.0036459651309996843,2913.088417720796,791.4352729794331,2121.6531447413627,2.6807664722273477,0.2919444444452578,4.132388802536298
vw11,2,120,WITHOUT_MAP,72.0,720,17.755229949951172,20.418514442443847,0.11472849741713168,20.303785945026714,20.303785945026714,176.97247329236686,9.933541297912598,11.423572492599487,1,0.02250436320900917,0.7735718488693237,0.004093802534043789,0.19660420715808868,0.0032257915008813143,2933.5069321632395,791.5500014768502,2141.9569306863896,2.7060285852946633,0.15805555555610315,5.132814055425115
vw11,2,120,WITHOUT_MAP,72.5,725,16.57876968383789,19.065585136413574,0.1445983790415176,18.920986757372056,18.920986757372056,130.85199766962393,9.756607055664062,11.220098114013672,1,0.026339935138821602,0.7586148977279663,0.004395914264023304,0.20735351741313934,0.003295657690614462,2952.572517299653,791.6945998558917,2160.8779174437614,2.7294336955653042,0.27388888889040286,6.0187965528457426
vw11,2,120,WITHOUT_MAP,73.0,730,15.492254257202148,17.81609239578247,0.2054096184667106,17.61068277731576,17.61068277731576,85.73446028852737,9.628332138061523,11.072581958770751,1,0.03135230392217636,0.731715202331543,0.004819182213395834,0.22868025302886963,0.0034330335911363363,2970.3886096954357,791.9000094743584,2178.4886002210774,2.750964230530946,0.42388888888721393,6.980028698104434
vw11,2,120,WITHOUT_MAP,73.5,735,19.345138549804688,22.24690933227539,0.37579376341612736,21.871115568859263,21.871115568859263,58.19978322695244,10.051963806152344,11.559758377075195,1,0.018007710576057434,0.7936736345291138,0.003769882721826434,0.18118196725845337,0.003366811666637659,2992.635519027711,792.2758032377745,2200.359715789936,2.7772648196471215,0.7450000000068691,6.763940978620667
vw11,2,120,WITHOUT_MAP,74.0,740,23.189701080322266,26.668156242370603,0.766625549547985,25.901530692822618,25.901530692822618,33.78641725167467,10.361037254333496,11.915192842483519,1,0.010445339605212212,0.8533393144607544,0.0028189080767333508,0.13027487695217133,0.0031215595081448555,3019.3036752700814,793.0424287873225,2226.261246482759,2.807241032345567,1.9888888888766003,8.006947275134735
vw11,2,120,WITHOUT_MAP,74.5,745,20.241315841674805,23.277513217926025,1.358466539915603,21.91904667801042,21.91904667801042,16.135139169031117,10.098126411437988,11.612845373153686,1,0.015468996949493885,0.8162012696266174,0.003423989750444889,0.16170836985111237,0.0031974453013390303,3042.5811884880072,794.4008953272381,2248.180293160769,2.830032426177811,3.108055555551843,8.201239660964347
vw11,2,120,WITHOUT_MAP,75.0,750,18.901371002197266,21.736576652526853,1.629778389276773,20.10679826325008,20.10679826325008,12.337136383415068,9.925457954406738,11.414276647567748,1,0.01893949694931507,0.8003561496734619,0.0037539955228567123,0.173638716340065,0.0033115725964307785,3064.317765140534,796.0306737165149,2268.2870914240193,2.849497093917023,4.18194444443607,8.528291654307395
vw11,2,120,WITHOUT_MAP,75.5,755,15.153610229492188,17.426651763916013,2.4343097069882553,14.992342056927757,14.992342056927757,6.158765260594711,9.603632926940918,11.044177865982055,1,0.032506637275218964,0.7257897853851318,0.004758921917527914,0.23358257114887238,0.0033619855530560017,3081.74441690445,798.4649834235032,2283.279433480947,2.8595861820904713,5.123055555550885,8.516551646287553
vw11,2,120,WITHOUT_MAP,76.0,760,17.986928939819336,20.684968280792233,2.8282318589078206,17.856736421884413,17.856736421884413,6.313745588305535,9.866737365722656,11.346747970581054,1,0.022372642531991005,0.7719275951385498,0.004179554525762796,0.19810748100280762,0.0034126569516956806,3102.4293851852426,801.293215282411,2301.1361699028316,2.8717779284975102,5.728055555554855,8.903301389422268
vw11,2,120,WITHOUT_MAP,76.5,765,19.23753547668457,22.123165798187255,3.23632826823234,18.886837529954914,18.886837529954914,5.835884361715498,10.07357406616211,11.584610176086425,1,0.018627166748046875,0.786963701248169,0.0037806525360792875,0.1873408704996109,0.003287630621343851,3124.5525509834297,804.5295435506433,2320.0230074327865,2.8837014451871976,6.746111111105169,9.003321607597172
vw11,2,120,WITHOUT_MAP,77.0,770,22.137813568115234,25.458485603332516,3.6750316143799138,21.7834539889526,21.7834539889526,5.927419482247941,10.323348045349121,11.871850252151487,1,0.011867978610098362,0.8365533947944641,0.0030165647622197866,0.145369753241539,0.0031923381611704826,3150.011036586762,808.2045751650232,2341.806461421739,2.897541703402975,7.608055555549146,9.228000157279894
vw11,2,120,WITHOUT_MAP,77.5,775,20.81504249572754,23.937298870086668,4.021352110056514,19.915946760030153,19.915946760030153,4.952549842682207,10.244868278503418,11.78159852027893,1,0.01425100490450859,0.8148183822631836,0.0033187533263117075,0.1643713265657425,0.003240619320422411,3173.948335456849,812.2259272750798,2361.722408181769,2.907716103209194,8.268055555552221,9.46782514906954
vw11,2,120,WITHOUT_MAP,78.0,780,19.75847625732422,22.72224769592285,4.354868722244575,18.367378973678274,18.367378973678274,4.217665363793425,10.152613639831543,11.675505685806273,1,0.01661735400557518,0.8004395365715027,0.0034870437812060118,0.17627425491809845,0.0031818037386983633,3196.6705831527715,816.5807959973243,2380.089787155447,2.9147021321368984,8.886944444441722,9.612103301100433
vw11,2,120,WITHOUT_MAP,78.5,785,22.814905166625977,26.23714094161987,4.647871688190656,21.589269253429215,21.589269253429215,4.644979616860633,10.312235832214355,11.859071207046508,1,0.01089523732662201,0.848909318447113,0.0029422417283058167,0.13402709364891052,0.003226133296266198,3222.9077240943916,821.228667685515,2401.6790564088765,2.9244949073411868,9.404999999996699,9.58553686644882
vw11,2,120,WITHOUT_MAP,79.0,790,21.381322860717773,24.588521289825437,4.842313297133044,19.74620799269239,19.74620799269239,4.077846017188395,10.238631248474121,11.774425935745239,1,0.013328204862773418,0.8219143748283386,0.0032279554288834333,0.15827739238739014,0.003252011723816395,3247.496245384217,826.070980982648,2421.425264401569,2.931255691273862,9.883055555551755,9.760609823511913
vw11,2,120,WITHOUT_MAP,79.5,795,20.165529251098633,23.190358638763424,5.031628863928748,18.158729774834676,18.158729774834676,3.608916767493092,10.15195369720459,11.674746751785277,1,0.015607811510562897,0.805475115776062,0.003506321692839265,0.17210200428962708,0.003308679908514023,3270.6866040229806,831.1026098465768,2439.583994176404,2.9353583604156364,10.338888888885764,9.175054643768817
vw11,2,120,WITHOUT_MAP,80.0,800,20.15948486328125,23.183407592773435,5.338829412032424,17.84457818074101,17.84457818074101,3.3424140019390145,10.142023086547852,11.663326549530028,1,0.01558452658355236,0.80657559633255,0.003506801789626479,0.1709573119878769,0.0033757418859750032,3293.8700116157543,836.4414392586092,2457.428572357145,2.9379565107813397,10.843888888885788,8.509636670467444
vw11,2,120,WITHOUT_MAP,80.5,805,17.732704162597656,20.392609786987304,5.512564582413301,14.880045204574003,14.880045204574003,2.6992963043091986,9.985588073730469,11.483426284790038,1,0.022456243634223938,0.7573148608207703,0.004163803998380899,0.2126552164554596,0.0034097402822226286,3314.2626214027414,841.9540038410225,2472.308617561719,2.936393919718849,11.15388888888814,9.14269825804513
vw11,2,120,WITHOUT_MAP,81.0,810,19.985746383666992,22.98360834121704,5.719564335269956,17.264044005947085,17.264044005947085,3.0184194099343484,10.184408187866211,11.712069416046141,1,0.015928342938423157,0.7992193102836609,0.003557574236765504,0.17795753479003906,0.0033372477628290653,3337.2462297439583,847.6735681762925,2489.572661567666,2.9369473757731988,11.528888888887616,9.107922255760059
vw11,2,120,WITHOUT_MAP,81.5,815,20.559877395629883,23.643859004974363,5.863496220600794,17.78036278437357,17.78036278437357,3.032382407257991,10.207229614257812,11.738314056396483,1,0.014826984144747257,0.8127861618995667,0.003383195260539651,0.16574814915657043,0.003255663439631462,3360.8900887489326,853.5370643968934,2507.353024352039,2.9376029805146504,11.923055555550048,9.105158733902499
vw11,2,120,WITHOUT_MAP,82.0,820,16.46141815185547,18.93063087463379,6.009482645753795,12.921148228879993,12.921148228879993,2.1501265567361063,9.778801918029785,11.245622205734252,1,0.027538830414414406,0.7324582934379578,0.004601721651852131,0.23193076252937317,0.0034704592544585466,3379.820719623566,859.5465470426471,2520.274172580919,2.932097373030193,12.15999999999542,9.665322647662833
vw11,2,120,WITHOUT_MAP,82.5,825,18.341888427734375,21.09317169189453,6.150780298693176,14.942391393201353,14.942391393201353,2.4293489065730545,9.976304054260254,11.472749662399291,1,0.020447883754968643,0.7726017832756042,0.004043692722916603,0.1994376927614212,0.003468977753072977,3400.9138913154607,865.6973273413403,2535.2165639741206,2.9285253447184285,12.436944444442183,9.694967834861018
vw11,2,120,WITHOUT_MAP,83.0,830,15.085857391357422,17.348736000061034,6.283756610876701,11.064979389184334,11.064979389184334,1.7608860550123318,9.480464935302734,10.902534675598144,1,0.033243656158447266,0.7171254754066467,0.005259246099740267,0.24056550860404968,0.003806166350841522,3418.2626273155215,871.981083952217,2546.2815433633045,2.920110986608095,12.691111111106789,9.967501592123881
vw11,2,120,WITHOUT_MAP,83.5,835,18.459657669067383,21.228606319427488,6.366602912154028,14.862003407273459,14.862003407273459,2.3343694608158247,9.993810653686523,11.492882251739502,1,0.02016386203467846,0.7611901760101318,0.0041498420760035515,0.21088650822639465,0.003609568579122424,3439.491233634949,878.347686864371,2561.143546770578,2.9158653060425874,12.650000000004841,9.975169936311431
vw11,2,120,WITHOUT_MAP,84.0,840,16.97928810119629,19.52618131637573,6.3233179867026825,13.202863329673047,13.202863329673047,2.087964476472221,9.828831672668457,11.303156423568725,1,0.02449161559343338,0.7409693598747253,0.00451263040304184,0.2264147847890854,0.0036115439143031836,3459.0174149513246,884.6710048510737,2574.346410100251,2.9099477613529547,12.60111111110963,10.136652492103167
vw11,2,120,WITHOUT_MAP,84.5,845,16.17786979675293,18.604550266265868,6.243633253638393,12.360917012627475,12.360917012627475,1.9797634663157573,9.703652381896973,11.159200239181517,1,0.02806769497692585,0.7271905541419983,0.004793248139321804,0.23632563650608063,0.0036228999961167574,3477.6219652175905,890.9146381047121,2586.7073271128784,2.9034289217828007,12.4738888888851,9.729372439906001
vw11,2,120,WITHOUT_MAP,85.0,850,15.502878189086914,17.82830991744995,6.096705706525814,11.731604210924136,11.731604210924136,1.9242529942632491,9.559527397155762,10.993456506729125,1,0.03048241324722767,0.727669358253479,0.004900833126157522,0.23336875438690186,0.003578688483685255,3495.4502751350406,897.0113438112379,2598.4389313238025,2.89677376908469,12.08805555555712,8.79276565508917
vw11,2,120,WITHOUT_MAP,85.5,855,12.798975944519043,14.718822336196899,5.931510089786696,8.787312246410202,8.787312246410202,1.4814629181093082,8.94900131225586,10.291351509094238,1,0.04601848125457764,0.7105357050895691,0.006211414001882076,0.2333395928144455,0.003894786350429058,3510.1690974712374,902.9428539010246,2607.226243570213,2.887476469087823,11.686944444446215,8.440766477258876
vw11,2,120,WITHOUT_MAP,86.0,860,14.495627403259277,16.669971513748166,5.77095701367368,10.899014500074486,10.899014500074486,1.8885974153421017,9.390304565429688,10.79885025024414,1,0.035268522799015045,0.7169432044029236,0.005183923989534378,0.23898302018642426,0.0036213980056345463,3526.8390689849857,908.7138109146982,2618.1252580702876,2.8811329008358753,11.368055555555177,8.069645161624067
vw11,2,120,WITHOUT_MAP,86.5,865,14.417415618896484,16.580027961730956,5.573865737831117,11.006162223899839,11.006162223899839,1.9746012447336987,9.388885498046875,10.797218322753906,1,0.035548433661460876,0.716597855091095,0.005254413932561874,0.23895809054374695,0.0036411574110388756,3543.4190969467168,914.2876766525294,2629.1314202941876,2.8756063189216277,11.01694444444624,8.120096871512942
vw11,2,120,WITHOUT_MAP,87.0,870,14.923867225646973,17.162447309494016,5.342212841023809,11.820234468470208,11.820234468470208,2.212610171144907,9.50352668762207,10.92905569076538,1,0.03321661427617073,0.721416711807251,0.005049137864261866,0.23678897321224213,0.00352859147824347,3560.5815442562107,919.6298894935533,2640.951654762657,2.871754914596184,10.583888888888453,8.01289969519712
vw11,2,120,WITHOUT_MAP,87.5,875,14.96084213256836,17.204968452453613,5.105219730284784,12.09974872216883,12.09974872216883,2.3700740343048605,9.463029861450195,10.882484340667723,1,0.03315015509724617,0.7277101874351501,0.00495113804936409,0.23075279593467712,0.0034357141703367233,3577.7865127086643,924.7351092238381,2653.051403484826,2.868985266182467,10.043055555557464,8.240931824897416
vw11,2,120,WITHOUT_MAP,88.0,880,11.449600219726562,13.167040252685545,4.771461855771679,8.395578396913866,8.395578396913866,1.7595400845043674,8.715852737426758,10.023230648040771,1,0.056928183883428574,0.7132761478424072,0.006579441484063864,0.21937914192676544,0.0038370059337466955,3590.95355296135,929.5065710796098,2661.44698188174,2.8632901204673615,9.318055555559816,7.937607400701381
vw11,2,120,WITHOUT_MAP,88.5,885,14.817689895629883,17.040343379974363,4.465373643908517,12.574969736065846,12.574969736065846,2.8161069462171686,9.31411361694336,10.711230659484862,1,0.03599599376320839,0.7214914560317993,0.005376438144594431,0.23336437344551086,0.003771645948290825,3607.993896341324,933.9719447235183,2674.021951617806,2.863064534994561,8.771944444445436,8.151416464708745
vw11,2,120,WITHOUT_MAP,89.0,890,18.44385528564453,21.21043357849121,4.191220265412518,17.01921331307869,17.01921331307869,4.060682148711549,9.975682258605957,11.47203459739685,1,0.020369676873087883,0.77255779504776,0.003990942612290382,0.19966843724250793,0.0034130725543946028,3629.2043299198153,938.1631649889308,2691.0411649308844,2.868414861462436,8.246944444448125,7.555969928507693
vw11,2,120,WITHOUT_MAP,89.5,895,20.727439880371094,23.836555862426756,4.0694328973361635,19.767122965090593,19.767122965090593,4.857463795024137,10.213687896728516,11.745741081237792,1,0.014160164631903172,0.8132937550544739,0.003358284244313836,0.16591498255729675,0.0032727366778999567,3653.040885782242,942.232597886267,2710.8082878959754,2.877005416685006,8.101944444441724,7.17667434271425
vw11,2,120,WITHOUT_MAP,90.0,900,19.46963882446289,22.390084648132323,4.005084911615665,18.384999736516658,18.384999736516658,4.590414471162881,10.068336486816406,11.578586959838866,1,0.017028039321303368,0.7987247109413147,0.003625402459874749,0.1773071587085724,0.0033146748319268227,3675.4309704303746,946.2376827978826,2729.193287632492,2.8842576630035253,8.086944444443697,7.030529310985003
vw11,2,120,WITHOUT_MAP,90.5,905,17.903396606445312,20.588906097412107,4.077367624047249,16.51153847336486,16.51153847336486,4.0495584396128805,9.897359848022461,11.38196382522583,1,0.021644460037350655,0.7662286162376404,0.004190689418464899,0.2044135183095932,0.0035227173939347267,3696.019876527787,950.3150504219299,2745.704826105857,2.8892574361384606,8.371944444441692,6.609888321429025
vw11,2,120,WITHOUT_MAP,91.0,910,19.075788497924805,21.937156772613523,4.273114387942824,17.6640423846707,17.6640423846707,4.133763054532827,9.925579071044922,11.41441593170166,1,0.01888434588909149,0.7908730506896973,0.003938465844839811,0.18277420103549957,0.0035299230366945267,3717.9570333004003,954.5881648098726,2763.368868490528,2.894828335778617,8.8161111111076,6.017260596039705
vw11,2,120,WITHOUT_MAP,91.5,915,21.757543563842773,25.02117509841919,4.622235668071022,20.398939430348165,20.398939430348165,4.413219250428476,10.25624942779541,11.79468684196472,1,0.012381584383547306,0.8338383436203003,0.0031290831975638866,0.14740397036075592,0.003246992826461792,3742.9782083988193,959.2104004779436,2783.767807920876,2.9021451461887966,9.491944444440362,6.130667400371749
vw11,2,120,WITHOUT_MAP,92.0,920,22.569211959838867,25.954593753814695,5.004699249357305,20.94989450445739,20.94989450445739,4.186044647367719,10.310826301574707,11.857450246810911,1,0.011084888130426407,0.8470394015312195,0.0029662533197551966,0.13567523658275604,0.003234241856262088,3768.932802152634,964.2150997273009,2804.7177024253333,2.9088091476876508,10.253055555552747,6.023735075839795
vw11,2,120,WITHOUT_MAP,92.5,925,22.135147094726562,25.455419158935545,5.3703415006832484,20.085077658252295,20.085077658252295,3.7400000829922915,10.262500762939453,11.80187587738037,1,0.011804845184087753,0.8394904732704163,0.003119604429230094,0.1422797292470932,0.0033052393700927496,3794.3882213115694,969.5854412279841,2824.8027800835853,2.913412949462154,11.036111111106496,5.923964930698276
vw11,2,120,WITHOUT_MAP,93.0,930,20.24103546142578,23.277190780639646,5.798040545471551,17.479150235168095,17.479150235168095,3.0146650576322465,10.143598556518555,11.665138339996338,1,0.015422738157212734,0.8124094009399414,0.003511386225000024,0.1653602123260498,0.0032963023986667395,3817.665412092209,975.3834817734556,2842.2819303187534,2.9140148294810952,11.853888888887761,6.446842253790237
vw11,2,120,WITHOUT_MAP,93.5,935,19.352630615234375,22.25552520751953,6.201152876689059,16.05437233083047,16.05437233083047,2.5889334854460606,9.918660163879395,11.406459188461303,1,0.017874008044600487,0.807867705821991,0.0037582702934741974,0.16710810363292694,0.0033920062705874443,3839.9209372997284,981.5846346501447,2858.3363026495836,2.9119611307570525,12.653055555553697,7.244101523363497
vw11,2,120,WITHOUT_MAP,94.0,940,16.819366455078125,19.34227142333984,6.555673631880712,12.78659779145913,12.78659779145913,1.9504628371487236,9.845267295837402,11.322057390213011,1,0.02539181336760521,0.753896176815033,0.004294448532164097,0.21311013400554657,0.00330747221596539,3859.263208723068,988.1403082820254,2871.1229004410425,2.9055822097094275,13.356111111107367,7.888808353454806
vw11,2,120,WITHOUT_MAP,94.5,945,15.71269416809082,18.06959829330444,6.882223373529209,11.187374919775232,11.187374919775232,1.6255466166362367,9.633843421936035,11.07891993522644,1,0.030549736693501472,0.7255785465240479,0.0048837000504136086,0.23542380332946777,0.0035641256254166365,3877.3328070163725,995.0225316555546,2882.3102753608177,2.896728650521235,13.938055555553582,7.733054728247225
vw11,2,120,WITHOUT_MAP,95.0,950,18.88265609741211,21.715054512023926,7.223506268464136,14.49154824355979,14.49154824355979,2.0061653863063635,9.961751937866211,11.456014728546142,1,0.0189216211438179,0.7883867025375366,0.0039032399654388428,0.18535862863063812,0.003429852658882737,3899.0478615283964,1002.2460379240188,2896.8018236043777,2.890310077558009,14.626944444443751,8.918081447016448
vw11,2,120,WITHOUT_MAP,95.5,955,16.177846908569336,18.604523944854733,7.509039556535843,11.09548438831889,11.09548438831889,1.4776169848061884,9.673673629760742,11.124724674224852,1,0.027839111164212227,0.7406293153762817,0.004559452645480633,0.22353734076023102,0.0034347204491496086,3917.6523854732513,1009.7550774805546,2907.897307992697,2.879804591077875,15.27999999999641,8.318209723220207
vw11,2,120,WITHOUT_MAP,96.0,960,16.26654052734375,18.70652160644531,7.826584421464219,10.879937184981092,10.879937184981092,1.3901258325589803,9.723525047302246,11.182053804397583,1,0.02756369113922119,0.7408024072647095,0.004516614135354757,0.2237185835838318,0.0033987327478826046,3936.3589070796966,1017.5816619020188,2918.7772451776777,2.8683469390771332,15.958055555549144,8.73861009965185
vw11,2,120,WITHOUT_MAP,96.5,965,13.774332046508789,15.840481853485107,8.04206174208621,7.798420111398897,7.798420111398897,0.9697040835421256,9.219615936279297,10.60255832672119,1,0.04145680367946625,0.7095991969108582,0.005558039527386427,0.23973451554775238,0.0036514755338430405,3952.1993889331816,1025.623723644105,2926.575665289077,2.8534594099391257,16.326111111111192,8.703005164512433
vw11,2,120,WITHOUT_MAP,97.0,970,18.679746627807617,21.481708621978758,8.165348950822498,13.31635967115626,13.31635967115626,1.6308377941171637,10.075750350952148,11.587112903594969,1,0.019854392856359482,0.7773501873016357,0.0038032953161746264,0.19576263427734375,0.0032296269200742245,3973.6810975551602,1033.7890725949276,2939.8920249602324,2.8438025733632206,16.41194444444056,8.976412119576707
vw11,2,120,WITHOUT_MAP,97.5,975,15.91480541229248,18.302026224136352,8.156729847984055,10.145296376152297,10.145296376152297,1.2437945800864936,9.780299186706543,11.247344064712523,1,0.02941400557756424,0.7318724989891052,0.004513364285230637,0.2309521585702896,0.003247899701818824,3991.9831237792964,1041.9458024429116,2950.0373213363846,2.8312771301730137,16.353055555555645,9.730874932953157
vw11,2,120,WITHOUT_MAP,98.0,980,17.083084106445312,19.645546722412107,8.155115474646678,11.490431247765429,11.490431247765429,1.4089844936577374,9.864286422729492,11.343929386138916,1,0.02494395337998867,0.7560967206954956,0.004258462227880955,0.2114212065935135,0.0032796531450003386,4011.6286705017087,1050.1009179175583,2961.52775258415,2.820231562559833,16.353888888890403,10.037035129964352
vw11,2,120,WITHOUT_MAP,98.5,985,15.992305755615234,18.39115161895752,8.232933067435402,10.158218551522117,10.158218551522117,1.233851710965804,9.70742416381836,11.163537788391112,1,0.029199011623859406,0.7432875037193298,0.004501177929341793,0.21971531212329865,0.003297022543847561,4030.019822120666,1058.3338509849937,2971.6859711356724,2.807890882796499,16.624999999997502,9.357009455095977
vw11,2,120,WITHOUT_MAP,99.0,990,13.93911361694336,16.029980659484863,8.357645350412058,7.672335309072805,7.672335309072805,0.9180020193958738,9.381295204162598,10.788489484786986,1,0.039018139243125916,0.7108517289161682,0.005250782240182161,0.2413996309041977,0.0034796723630279303,4046.049802780151,1066.6914963354056,2979.3583064447453,2.7930833954149468,16.833888888886715,9.980383101850748
vw11,2,120,WITHOUT_MAP,99.5,995,13.983434677124023,16.080949878692625,8.515876295919462,7.565073582773163,7.565073582773163,0.8883493982173164,9.407516479492188,10.818643951416014,1,0.0390067882835865,0.7131016850471497,0.005245190113782883,0.23920269310474396,0.003443684196099639,4062.1307526588434,1075.2073726313251,2986.9233800275183,2.777997487794102,17.196944444445347,9.88987014174927
vw11,2,120,WITHOUT_MAP,100.0,1000,15.823081016540527,18.196543169021606,8.665254500719229,9.531288668302377,9.531288668302377,1.0999433043208675,9.675029754638672,11.126284217834472,1,0.029635613784193993,0.7347124218940735,0.0047620078548789024,0.22742579877376556,0.003464127192273736,4080.327295827865,1083.8726271320443,2996.4546686958206,2.764581920132552,17.57805555555014,10.34948007564526
vw11,2,120,WITHOUT_MAP,100.5,1005,14.942301750183105,17.18364701271057,8.795964962091213,8.387682050619356,8.387682050619356,0.9535829311245017,9.485858917236328,10.908737754821777,1,0.03367757424712181,0.7246137261390686,0.005110117606818676,0.23300276696681976,0.0035958504304289818,4097.510942840576,1092.6685920941354,3004.8423507464404,2.750003406785548,17.73888888889026,11.122918176464736
vw11,2,120,WITHOUT_MAP,101.0,1010,16.017616271972656,18.420258712768554,8.967093870246895,9.453164842521659,9.453164842521659,1.0542060760496288,9.724444389343262,11.18311104774475,1,0.02903483435511589,0.7325754165649414,0.004657744895666838,0.23028820753097534,0.003443892812356353,4115.931201553344,1101.6356859643822,3014.295515588962,2.73619995611364,18.138888888885152,10.573963084374554
vw11,2,120,WITHOUT_MAP,101.5,1015,17.7967586517334,20.466272449493406,9.057324881711793,11.408947567781613,11.408947567781613,1.2596376652910097,9.804346084594727,11.274997997283934,1,0.02322802133858204,0.77933269739151,0.0040798550471663475,0.19001604616641998,0.0033433297649025917,4136.397474002838,1110.693010846094,3025.704463156744,2.7241590913152947,18.173888888888545,10.895587734295987
vw11,2,120,WITHOUT_MAP,102.0,1020,16.17285919189453,18.598788070678708,9.111946898351828,9.48684117232688,9.48684117232688,1.0411431583345665,9.652633666992188,11.100528717041016,1,0.030041467398405075,0.7365711331367493,0.004698695614933968,0.22526229918003082,0.003426489420235157,4154.996262073517,1119.8049577444458,3035.191304329071,2.7104642494552533,18.363888888885356,11.065975050907582
vw11,2,120,WITHOUT_MAP,102.5,1025,15.298919677734375,17.59375762939453,9.177704471830292,8.416053157564239,8.416053157564239,0.917010695146718,9.484489440917969,10.907162857055663,1,0.03384316712617874,0.7221628427505493,0.005172166042029858,0.23520544171333313,0.003616277826949954,4172.590019702911,1128.9826622162761,3043.607357486635,2.6958849407942274,18.42999999999916,11.224417407996953
vw11,2,120,WITHOUT_MAP,103.0,1030,19.740188598632812,22.701216888427734,9.273790772582364,13.42742611584537,13.42742611584537,1.447889697440995,10.091483116149902,11.605205583572387,1,0.017234699800610542,0.7973980903625488,0.0037224572151899338,0.17827166616916656,0.0033731500152498484,4195.291236591339,1138.2564529888584,3057.0347836024803,2.685717068043192,18.593888888889357,11.012433883617632
vw11,2,120,WITHOUT_MAP,103.5,1035,18.361190795898438,21.1153694152832,9.232628904990525,11.882740510292676,11.882740510292676,1.2870375959624762,9.97461223602295,11.470804071426391,1,0.019957121461629868,0.7793965935707092,0.004028875380754471,0.19321031868457794,0.003407045966014266,4216.4066060066225,1147.489081893849,3068.917524112773,2.6744633761985286,18.38500000000551,11.371562335989438
vw11,2,120,WITHOUT_MAP,104.0,1040,19.37424087524414,22.28037700653076,9.244430277815425,13.035946728715334,13.035946728715334,1.4101406292174332,10.1037015914917,11.619256830215454,1,0.017483476549386978,0.7954744100570679,0.0037171656731516123,0.18001075088977814,0.00331413047388196,4238.686983013154,1156.7335121716644,3081.9534708414894,2.664359109865673,18.513055555555173,11.153708577505313
vw11,2,120,WITHOUT_MAP,104.5,1045,20.2607364654541,23.299846935272214,9.294446278732028,14.005400656540186,14.005400656540186,1.5068569161121492,10.1520357131958,11.67484107017517,1,0.015676992014050484,0.8069934248924255,0.0035370474215596914,0.1704634428024292,0.0033289999701082706,4261.986829948426,1166.0279584503965,3095.9588714980296,2.6551326227309615,18.70694444444245,11.689300987287425
vw11,2,120,WITHOUT_MAP,105.0,1050,17.1527099609375,19.725616455078125,9.38850854053882,10.337107914539304,10.337107914539304,1.1010383459635265,9.869014739990234,11.349366950988768,1,0.024904003366827965,0.7525486350059509,0.004294241778552532,0.21493105590343475,0.003321997821331024,4281.712446403504,1175.4164669909353,3106.295979412569,2.642719467223973,18.901944444441167,11.840282441698946
vw11,2,120,WITHOUT_MAP,105.5,1055,18.219146728515625,20.95201873779297,9.530882343201666,11.421136394591302,11.421136394591302,1.198329386862901,9.894905090332031,11.379140853881836,1,0.021471410989761353,0.7838709354400635,0.0038959605153650045,0.18749834597110748,0.0032633126247674227,4302.664465141297,1184.947349334137,3117.71711580716,2.6311018101851644,19.171944444442993,12.337600299157202
vw11,2,120,WITHOUT_MAP,106.0,1060,14.29067611694336,16.434277534484863,9.564346539677986,6.869930994806877,6.869930994806877,0.7182854538265376,9.526148796081543,10.955071115493773,1,0.037409812211990356,0.708044707775116,0.005022637080401182,0.24616561830043793,0.0033572306856513023,4319.098742675782,1194.511695873815,3124.587046801967,2.6157860635397583,19.153888888890513,11.987835785956122
vw11,2,120,WITHOUT_MAP,106.5,1065,15.077646255493164,17.339293193817138,9.61375449315634,7.725538700660797,7.725538700660797,0.8035922600437019,9.506532669067383,10.93251256942749,1,0.03515848517417908,0.7145956754684448,0.005218110978603363,0.24139510095119476,0.003632577136158943,4336.438035869599,1204.1254503669713,3132.3125855026274,2.6013174827822287,19.251111111112095,12.385817524511367
vw11,2,120,WITHOUT_MAP,107.0,1070,18.661087036132812,21.460250091552734,9.666745657977753,11.79350443357498,11.79350443357498,1.2200077307135997,9.940356254577637,11.431409692764282,1,0.020657379180192947,0.7770880460739136,0.004108245950192213,0.19466136395931244,0.0034849392250180244,4357.8982859611515,1213.7921960249491,3144.1060899362024,2.590316612870673,19.450000000000465,12.528606842155568
vw11,2,120,WITHOUT_MAP,107.5,1075,19.979629516601562,22.976573944091797,9.727445476626436,13.249128467465361,13.249128467465361,1.3620357471343316,10.171278953552246,11.696970796585083,1,0.01600540243089199,0.8035557866096497,0.0034884903579950333,0.17373572289943695,0.0032145893201231956,4380.874859905243,1223.5196415015755,3157.355218403668,2.5805513138544924,19.48194444444352,12.469491158029996
vw11,2,120,WITHOUT_MAP,108.0,1080,24.465839385986328,28.135715293884275,9.72680365614039,18.408911637743884,18.408911637743884,1.8925961999986094,10.35526180267334,11.90855107307434,1,0.009246756322681904,0.8710008263587952,0.00266920099966228,0.11403267830610275,0.0030504490714520216,4409.010575199128,1233.246445157716,3175.7641300414116,2.5751253064713056,19.518888888885698,12.325416327221319
vw11,2,120,WITHOUT_MAP,108.5,1085,22.63128662109375,26.02597961425781,9.844139954446893,16.18183965981092,16.18183965981092,1.6438043074043351,10.297942161560059,11.842633485794066,1,0.011450409889221191,0.8436121940612793,0.0029612104408442974,0.13879403471946716,0.0031822335440665483,4435.036554813386,1243.090585112163,3191.945969701223,2.5677500963561855,19.81999999999777,12.5171536084963
vw11,2,120,WITHOUT_MAP,109.0,1090,22.944332122802734,26.385981941223143,9.986929664264084,16.39905227695906,16.39905227695906,1.6420514440628609,10.33273983001709,11.882650804519653,1,0.01064039021730423,0.8542312383651733,0.0027875935193151236,0.1292743980884552,0.0030664713121950626,4461.422536754609,1253.077514776427,3208.3450219781816,2.5603723505888714,20.17805555555031,12.552877920097671
vw11,2,120,WITHOUT_MAP,109.5,1095,21.46951675415039,24.689944267272946,10.151117780071175,14.53882648720177,14.53882648720177,1.4322389713322616,10.198046684265137,11.727753686904906,1,0.013131331652402878,0.835734486579895,0.003119278699159622,0.1448492556810379,0.003165616886690259,4486.112481021882,1263.2286325564983,3222.8838484653834,2.5513068382110466,20.434999999998087,12.781172170420177
vw11,2,120,WITHOUT_MAP,110.0,1100,17.143878936767578,19.715460777282715,10.33468950191347,9.380771275369245,9.380771275369245,0.9076974468978863,9.920467376708984,11.408537483215332,1,0.024809177964925766,0.7522110342979431,0.0042377859354019165,0.2154826670885086,0.003259316785261035,4505.827941799164,1273.5633220584118,3232.2646197407526,2.537969305300475,20.755000000000493,13.018672021687962
vw11,2,120,WITHOUT_MAP,110.5,1105,17.820016860961914,20.4930193901062,10.467668892218294,10.025350497887905,10.025350497887905,0.9577443269475967,9.971137046813965,11.46680760383606,1,0.022738808766007423,0.7621681094169617,0.004158435855060816,0.20761485397815704,0.0033197542652487755,4526.320961189271,1284.0309909506302,3242.2899702386403,2.5250870057569377,21.108888888883506,13.152456611278467
vw11,2,120,WITHOUT_MAP,111.0,1110,16.521589279174805,18.999827671051023,10.532495389387591,8.467332281663431,8.467332281663431,0.8039246131733423,9.85109806060791,11.328762769699097,1,0.027550721541047096,0.7361289262771606,0.004454584792256355,0.22857403755187988,0.003291686763986945,4545.320788860322,1294.5634863400178,3250.757302520304,2.5110837257667646,21.0738888888922,13.364898052765056
vw11,2,120,WITHOUT_MAP,111.5,1115,16.603946685791016,19.094538688659668,10.60101567599257,8.493523012667097,8.493523012667097,0.8011989862350478,9.833480834960938,11.308502960205077,1,0.027344606816768646,0.7429576516151428,0.004417882766574621,0.22200769186019897,0.003272143192589283,4564.415327548982,1305.1645020160104,3259.2508255329712,2.4971954267056753,21.36111111110691,13.066767752170563
vw11,2,120,WITHOUT_MAP,112.0,1120,17.11077117919922,19.6773868560791,10.713973506892824,8.963413349186276,8.963413349186276,0.8366096241902851,9.934426307678223,11.424590253829955,1,0.025330020114779472,0.7456938624382019,0.004280918277800083,0.22142191231250763,0.0032731147948652506,4584.092714405061,1315.8784755229033,3268.2142388821576,2.483674822314755,21.500000000001798,12.591515109175816
vw11,2,120,WITHOUT_MAP,112.5,1125,16.804445266723633,19.325112056732177,10.851838719918346,8.47327333681383,8.47327333681383,0.7808145288098778,9.826634407043457,11.300629568099975,1,0.02707356959581375,0.7402253150939941,0.0045257629826664925,0.22476886212825775,0.0034065155778080225,4603.417826461793,1326.7303142428216,3276.6875122189713,2.469746471489204,21.81611111111079,12.20768475101795
vw11,2,120,WITHOUT_MAP,113.0,1130,19.308176040649414,22.204402446746826,10.970304675547874,11.234097771198952,11.234097771198952,1.024046104775837,10.090561866760254,11.60414614677429,1,0.018493281677365303,0.7881877422332764,0.003845065599307418,0.1861310750246048,0.0033428899478167295,4625.62222890854,1337.7006189183694,3287.9216099901705,2.4578904752609745,22.056944444447,11.528860029764473
vw11,2,120,WITHOUT_MAP,113.5,1135,23.60008430480957,27.140096950531003,11.135446755213206,16.004650195317797,16.004650195317797,1.4372705960652195,10.21069622039795,11.74230065345764,1,0.010725447908043861,0.8578166365623474,0.003050836268812418,0.12501555681228638,0.0033915883395820856,4652.762325859071,1348.8360656735827,3303.9262601854884,2.449464649016166,22.433055555555793,11.393806769629009
vw11,2,120,WITHOUT_MAP,114.0,1140,22.12881851196289,25.448141288757324,11.174121483357844,14.27401980539948,14.27401980539948,1.2774176320401083,10.1947660446167,11.723980951309203,1,0.012408174574375153,0.8442327976226807,0.003146268194541335,0.13695447146892548,0.003258355427533388,4678.210467147828,1360.0101871569404,3318.200279990888,2.439834871330989,22.7738888888813,11.565392640302889
vw11,2,120,WITHOUT_MAP,114.5,1145,22.627450942993164,26.021568584442136,11.397412553455542,14.624156030986594,14.624156030986594,1.2831119310981463,10.23076057434082,11.765374660491942,1,0.01131024956703186,0.8522855043411255,0.0029987504240125418,0.1301468461751938,0.0032587049063295126,4704.232035732271,1371.407599710396,3332.8244360218746,2.4302216472518285,22.98388888888376,11.916878952411935
vw11,2,120,WITHOUT_MAP,115.0,1150,20.665300369262695,23.7650954246521,11.523369059600835,12.241726365051264,12.241726365051264,1.062339173703017,10.157477378845215,11.681098985671996,1,0.014760812744498253,0.8170125484466553,0.003463966306298971,0.16140849888324738,0.0033541799057275057,4727.9971311569225,1382.9309687699968,3345.0661623869255,2.4188236708315864,23.309999999990488,12.06778348539956
vw11,2,120,WITHOUT_MAP,115.5,1155,17.459171295166016,20.078046989440917,11.635388212932947,8.44265877650797,8.44265877650797,0.7256018125053878,9.824172019958496,11.297797822952269,1,0.02369094081223011,0.7614172101020813,0.004391854628920555,0.20704211294651031,0.003457986284047365,4748.075178146363,1394.5663569829296,3353.508821163434,2.4046964881746984,23.361944444444354,11.65660255763214
vw11,2,120,WITHOUT_MAP,116.0,1160,18.487380981445312,21.260488128662107,11.630617965149193,9.629870163512914,9.629870163512914,0.8279757956428917,9.928988456726074,11.418336725234985,1,0.020242493599653244,0.7867235541343689,0.003941497765481472,0.18577872216701508,0.0033138045109808445,4769.335666275026,1406.1969749480788,3363.138691326947,2.3916554730542816,23.238888888891477,11.400960392435081
vw11,2,120,WITHOUT_MAP,116.5,1165,17.876544952392578,20.558026695251463,11.578040006961228,8.979986688290236,8.979986688290236,0.7756050836662399,9.886859893798828,11.369888877868652,1,0.022481711581349373,0.769760251045227,0.0042008585296571255,0.20016059279441833,0.003396472195163369,4789.893692970277,1417.77501495504,3372.1186780152366,2.378458247920367,23.056111111117172,11.195988351712003
vw11,2,120,WITHOUT_MAP,117.0,1170,19.344911575317383,22.24664831161499,11.56355630014705,10.68309201146794,10.68309201146794,0.9238586931368238,9.877725601196289,11.359384441375731,1,0.0190933495759964,0.7975490093231201,0.0039771501906216145,0.17587044835090637,0.0035098663065582514,4812.140341281892,1429.338571255187,3382.8017700267046,2.366690326600552,23.108055555558188,10.671620880719274
vw11,2,120,WITHOUT_MAP,117.5,1175,21.02651023864746,24.180486774444578,11.504851731981622,12.675635042462956,12.675635042462956,1.1017643110711932,10.1079740524292,11.624170160293579,1,0.014610286802053452,0.8238018155097961,0.003428805386647582,0.15482394397258759,0.0033351643942296505,4836.320828056337,1440.8434229871687,3395.477405069168,2.356590140814632,23.034999999997712,10.201150538399816
vw11,2,120,WITHOUT_MAP,118.0,1180,21.067590713500977,24.22772932052612,11.426575652705472,12.801153667820648,12.801153667820648,1.120296583761708,10.19448471069336,11.723657417297362,1,0.013850675895810127,0.8282831907272339,0.003221241757273674,0.15147583186626434,0.003169062314555049,4860.548557376863,1452.269998639874,3408.278558736989,2.3468628849518463,22.873055555556537,9.713230923982337
vw11,2,120,WITHOUT_MAP,118.5,1185,24.218036651611328,27.850742149353025,11.343773931799323,16.506968217553702,16.506968217553702,1.4551566627470163,10.302227973937988,11.847562170028686,1,0.009650027379393578,0.8680487871170044,0.0027937237173318863,0.11632277071475983,0.0031847446225583553,4888.399299526216,1463.6137725716735,3424.7855269545425,2.3399516943168353,22.754999999998756,9.23583689215593
vw11,2,120,WITHOUT_MAP,119.0,1190,22.611225128173828,26.0029088973999,11.32068028830649,14.682228609093412,14.682228609093412,1.296938720569574,10.257060050964355,11.795619058609008,1,0.011556323617696762,0.8475042581558228,0.0030621562618762255,0.13460701704025269,0.003270290791988373,4914.402208423616,1474.93445285998,3439.467755563636,2.3319461748922583,22.73111111111169,8.662960462621413
vw11,2,120,WITHOUT_MAP,119.5,1195,21.80005645751953,25.07006492614746,11.321968305389357,13.748096620758103,13.748096620758103,1.2142850297694163,10.22075080871582,11.753863430023193,1,0.012727996334433556,0.8375532031059265,0.0031829033978283405,0.14327673614025116,0.003259118879213929,4939.472273349763,1486.2564211653694,3453.2158521843935,2.3234320827873947,22.696944444444828,8.002126880688593
vw11,2,120,WITH_MAP,2.0,20,16.118953704833984,18.53679676055908,2.4800168142694763,16.056779946289605,16.056779946289605,6.474464146332554,9.353219985961914,10.7562029838562,1,0.03260021284222603,0.7337325811386108,0.0055173528380692005,0.22415801882743835,0.003991894889622927,18.53679676055908,2.4800168142694763,16.056779946289605,6.474464146332554,5.061111111107366,3.6881030009826645
vw11,2,120,WITH_MAP,2.5,25,17.900785446166992,20.58590326309204,2.4273533302029597,18.15854993288908,18.15854993288908,7.4808021176590636,9.853737831115723,11.33179850578308,1,0.022440321743488312,0.7610642313957214,0.004254632163792849,0.2087177336215973,0.0035231932997703552,39.12270002365112,4.907370144472436,34.21532987917868,6.97223336978527,4.6519444444483575,3.842460441403091
vw11,2,120,WITH_MAP,3.0,30,16.86867904663086,19.398980903625485,2.0432717040909107,17.355709199534573,17.355709199534573,8.494077985216581,9.71002197265625,11.166525268554686,1,0.026299739256501198,0.7472755312919617,0.004551333840936422,0.21834760904312134,0.003525771666318178,58.521680927276606,6.950641848563347,51.571039078713255,7.419608174656943,3.6488888888973845,4.612551531055942
vw11,2,120,WITH_MAP,3.5,35,14.632824897766113,16.827748632431028,1.536703885520094,15.291044746910934,15.291044746910934,9.950547331202793,9.40536880493164,10.816174125671386,1,0.03671367093920708,0.714633584022522,0.005209159571677446,0.2399088442325592,0.003534708172082901,75.34942955970763,8.48734573408344,66.86208382562418,7.877855565270513,2.6630555555646875,5.356546235620044
vw11,2,120,WITH_MAP,4.0,40,16.372953414916992,18.82889642715454,1.174989713153538,17.653906714001003,17.653906714001003,15.024732996699976,9.708028793334961,11.164233112335204,1,0.028021736070513725,0.7434898614883423,0.0045655881986021996,0.22053800523281097,0.003384922631084919,94.17832598686218,9.662335447236979,84.5159905396252,8.746952639053037,2.1750000000025773,5.510143038700335
vw11,2,120,WITH_MAP,4.5,45,13.215006828308105,15.197257852554321,1.032825764807595,14.164432087746725,14.164432087746725,13.714251300058743,9.1979341506958,10.57762427330017,1,0.04499531164765358,0.7141464352607727,0.005626662168651819,0.23174472153186798,0.003486876841634512,109.37558383941649,10.695161212044574,98.68042262737191,9.226641905709746,1.9961111111145255,5.684149928973056
vw11,2,120,WITH_MAP,5.0,50,13.948750495910645,16.04106307029724,1.0222047322085477,15.018858338088693,15.018858338088693,14.69261280530306,9.401719093322754,10.811976957321166,1,0.03864256292581558,0.7272500991821289,0.004975606687366962,0.22591035068035126,0.0032214303500950336,125.41664690971373,11.717365944253123,113.69928096546062,9.703484683025144,2.068888888887415,5.780746331962291
vw11,2,120,WITH_MAP,5.5,55,13.282251358032227,15.274589061737059,1.0881002177140804,14.186488844022978,14.186488844022978,13.037851305485866,9.264067649841309,10.653677797317505,1,0.04253426194190979,0.7293913960456848,0.005138750653713942,0.21975035965442657,0.003185235196724534,140.6912359714508,12.805466161967203,127.88576980948359,9.986810959628315,2.241111111108212,5.9889337557251565
vw11,2,120,WITH_MAP,6.0,60,7.5060834884643555,8.631996011734008,1.275664858177131,7.356331153556877,7.356331153556877,5.76666442318459,7.995772361755371,9.195138216018677,1,0.11084234714508057,0.6787794828414917,0.008548933081328869,0.19763949513435364,0.0041896747425198555,149.3232319831848,14.081131020144333,135.24210096304046,9.604491341609164,2.9330555555483317,6.357389658864122
vw11,2,120,WITH_MAP,6.5,65,10.913352012634277,12.550354814529419,1.794945964116958,10.755408850412461,10.755408850412461,5.992051607917731,8.810203552246094,10.131734085083007,1,0.06491731852293015,0.6938994526863098,0.006609776988625526,0.23083896934986115,0.0037345329765230417,161.8735867977142,15.876076984261292,145.99750981345292,9.196069656136537,3.924999999995708,5.575823717692401
vw11,2,120,WITH_MAP,7.0,70,13.184639930725098,15.162335920333861,2.204583002682376,12.957752917651485,12.957752917651485,5.87764348263841,9.20705509185791,10.588113355636596,1,0.04731350392103195,0.6907451748847961,0.005891685839742422,0.2523678243160248,0.0036817891523241997,177.03592271804808,18.08065998694367,158.95526273110443,8.791452460578792,4.764999999992028,5.228935709223151
vw11,2,120,WITH_MAP,7.5,75,13.652546882629395,15.700428915023803,2.6316808370057445,13.068748078018059,13.068748078018059,4.965931998382953,9.328193664550781,10.727422714233398,1,0.04362257942557335,0.6935803890228271,0.005544109269976616,0.25368985533714294,0.0035630310885608196,192.73635163307188,20.712340823949415,172.02401080912247,8.305387221622643,5.6030555555492345,4.705702326784376
vw11,2,120,WITH_MAP,8.0,80,16.176876068115234,18.603407478332517,2.9330093242019855,15.670398154130531,15.670398154130531,5.3427713389196745,9.81490421295166,11.287139844894408,1,0.028707066550850868,0.7357585430145264,0.004333687014877796,0.22802282869815826,0.003177850740030408,211.3397591114044,23.6453501481514,187.69440896325298,7.93789932427484,6.056111111106295,3.852374180627521
vw11,2,120,WITH_MAP,8.5,85,13.557209014892578,15.590790367126464,3.02715275009187,12.563637617034594,12.563637617034594,4.150315049894098,9.454490661621094,10.872664260864257,1,0.04214828833937645,0.6995521783828735,0.0050978753715753555,0.24993351101875305,0.0032681019511073828,226.93054947853085,26.67250289824327,200.25804658028758,7.508033548418029,5.986944444446651,3.1156130839372054
vw11,2,120,WITH_MAP,9.0,90,12.848169326782227,14.77539472579956,3.0290746891059674,11.746320036693593,11.746320036693593,3.8778575117144185,9.251693725585938,10.639447784423828,1,0.04747335985302925,0.6973894834518433,0.005556914024055004,0.2461632490158081,0.003417043946683407,241.70594420433042,29.701577587349238,212.00436661698117,7.1378150198755765,6.05194444444471,1.9379845406801905
vw11,2,120,WITH_MAP,9.5,95,13.69359302520752,15.747631978988647,3.0154652030352915,12.732166775953356,12.732166775953356,4.222289404347123,9.459484100341797,10.878406715393066,1,0.04105443134903908,0.7042048573493958,0.00505842687562108,0.24641405045986176,0.0032682204619050026,257.45357618331906,32.71704279038453,224.73653339293452,6.869096783373835,5.981111111113399,1.8817468839115463
vw11,2,120,WITH_MAP,10.0,100,14.25663948059082,16.395135402679443,2.9914451866621885,13.403690216017255,13.403690216017255,4.480673848138564,9.545089721679688,10.97685317993164,1,0.03721637651324272,0.7098267078399658,0.004888258874416351,0.24481120705604553,0.0032573880162090063,273.8487115859985,35.70848797704672,238.14022360895177,6.669008885563214,5.9361111111124965,2.201392139919335
vw11,2,120,WITH_MAP,10.5,105,14.679161071777344,16.881035232543944,2.9367945119478422,13.944240720596103,13.944240720596103,4.748115901152213,9.414253234863281,10.826391220092773,1,0.03750526160001755,0.7103574275970459,0.005438788793981075,0.24302098155021667,0.003677559783682227,290.7297468185424,38.64528248899457,252.08446432954787,6.523033293943101,5.851111111111426,3.0871489903656766
vw11,2,120,WITH_MAP,11.0,110,15.438200950622559,17.75393109321594,2.891161918106195,14.862769175109744,14.862769175109744,5.140759873056623,9.584155082702637,11.021778345108032,1,0.03135032206773758,0.7325741648674011,0.004905900452286005,0.22773049771785736,0.0034391703084111214,308.4836779117584,41.53644440710076,266.9472335046576,6.426819563280248,5.799999999998897,3.0913994867296424
vw11,2,120,WITH_MAP,11.5,115,15.143820762634277,17.415393877029416,2.873235222033686,14.542158654995731,14.542158654995731,5.061248916718604,9.53298568725586,10.962933540344238,1,0.03234676271677017,0.729205310344696,0.004919807892292738,0.2300807237625122,0.0034473545383661985,325.8990717887878,44.409679629134445,281.48939215965333,6.338469327191127,5.754999999998206,4.470114657189697
vw11,2,120,WITH_MAP,12.0,120,13.81682014465332,15.889343166351317,2.908919395444368,12.980423770906949,12.980423770906949,4.462283757753987,9.279866218566895,10.671846151351929,1,0.03920390456914902,0.715530276298523,0.005471342708915472,0.23614387214183807,0.0036505942698568106,341.7884149551391,47.318599024578816,294.4698159305603,6.223130481475225,5.791111111113142,5.360590851807501
vw11,2,120,WITH_MAP,12.5,125,14.559246063232422,16.743132972717284,3.0072151207455367,13.735917851971747,13.735917851971747,4.567653892537756,9.404897689819336,10.815632343292236,1,0.034849613904953,0.7197631597518921,0.005265623331069946,0.23644565045833588,0.003675969550386071,358.53154792785637,50.32581414532435,308.20573378253204,6.124207606309866,6.098888888887762,6.568850951152854
vw11,2,120,WITH_MAP,13.0,130,17.528654098510742,20.157952213287352,3.246111192546353,16.911841020741,16.911841020741,5.209877301669021,9.916223526000977,11.403657054901123,1,0.022976752370595932,0.7557936310768127,0.004262785892933607,0.2135036140680313,0.003463211702182889,378.6895001411437,53.5719253378707,325.117574803273,6.068805120458179,6.661111111108293,6.857140243111644
vw11,2,120,WITH_MAP,13.5,135,17.107288360595703,19.673381614685056,3.498318901473786,16.17506271321127,16.17506271321127,4.623667300999052,9.751728057861328,11.214487266540527,1,0.025113973766565323,0.7531654834747314,0.004447916056960821,0.2137521356344223,0.0035205278545618057,398.36288175582877,57.07024423934449,341.29263751648426,5.980220376929727,7.254999999994637,8.184332589618862
vw11,2,120,WITH_MAP,14.0,140,18.57459259033203,21.360781478881833,3.8827801608582577,17.478001318023576,17.478001318023576,4.50141408834236,9.991761207580566,11.49052538871765,1,0.019919905811548233,0.7736464738845825,0.0039958045817911625,0.19904635846614838,0.0033914733212441206,419.7236632347106,60.95302440020275,358.77063883450785,5.886018657235234,8.103888888878597,8.22191784507595
vw11,2,120,WITH_MAP,14.5,145,18.169668197631836,20.89511842727661,4.223777558929226,16.671340868347386,16.671340868347386,3.9470215075847306,9.923443794250488,11.411960363388062,1,0.021079957485198975,0.7746787667274475,0.003995270002633333,0.19690479338169098,0.003341241739690304,440.6187816619872,65.17680195913198,375.44197970285524,5.760362098439102,8.638888888887672,9.09866459784098
vw11,2,120,WITH_MAP,15.0,150,15.595361709594727,17.934665966033933,4.526627641502331,13.408038324531603,13.408038324531603,2.9620369481245077,9.667631149291992,11.11777582168579,1,0.030465904623270035,0.723747968673706,0.004729794338345528,0.23760449886322021,0.00345186167396605,458.55344762802116,69.70342960063431,388.85001802738685,5.578635373543346,9.264999999995506,9.702699576038867
vw11,2,120,WITH_MAP,15.5,155,16.420005798339844,18.883006668090818,4.767123807019479,14.11588286107134,14.11588286107134,2.9610900476899786,9.596126556396484,11.035545539855956,1,0.02814643271267414,0.739091157913208,0.00483108963817358,0.2242104411125183,0.0037209156434983015,477.436454296112,74.47055340765378,402.96590088845824,5.411077029099169,9.571944444445927,9.669868697295897
vw11,2,120,WITH_MAP,16.0,160,20.236160278320312,23.271584320068357,4.822111225817138,18.449473094251218,18.449473094251218,3.826015666224048,10.141451835632324,11.662669610977172,1,0.015615439042448997,0.802514374256134,0.0035494754556566477,0.17493297159671783,0.003387792268767953,500.7080386161804,79.29266463347092,421.41537398270947,5.314682965072436,9.638055555555669,9.93725953088142
vw11,2,120,WITH_MAP,16.5,165,19.981054306030273,22.978212451934812,4.8053422985883625,18.17287015334645,18.17287015334645,3.78180554560806,10.136724472045898,11.657233142852782,1,0.016002120450139046,0.7989928722381592,0.0035756195429712534,0.17809854447841644,0.0033308786805719137,523.6862510681152,84.09800693205928,439.58824413605595,5.22709467408887,9.753888888885967,10.178191006183624
vw11,2,120,WITH_MAP,17.0,170,22.512298583984375,25.88914337158203,4.926121616975196,20.963021754606835,20.963021754606835,4.255481976402937,10.288819313049316,11.832142210006714,1,0.011372033506631851,0.8384923934936523,0.0030408173333853483,0.1437874734401703,0.003307296894490719,549.5753944396972,89.02412854903447,460.55126589066276,5.173330796908517,9.938888888890371,10.029503941186704
vw11,2,120,WITH_MAP,17.5,175,20.207584381103516,23.238722038269042,5.138012067462827,18.100709970806214,18.100709970806214,3.5229014126750435,10.163556098937988,11.688089513778685,1,0.01572759822010994,0.7985461950302124,0.0035585868172347546,0.17881140112876892,0.0033562558237463236,572.8141164779663,94.1621406164973,478.651975861469,5.083274155914938,10.646111111103574,9.948180512641557
vw11,2,120,WITH_MAP,18.0,180,22.31229591369629,25.65914030075073,5.447238567232146,20.211901733518587,20.211901733518587,3.710485869868679,10.312169075012207,11.858994436264037,1,0.01139130350202322,0.8410703539848328,0.002968459390103817,0.14138548076152802,0.003184233559295535,598.4732567787171,99.60937918372944,498.8638775949876,5.0082018549160265,10.921944444448682,9.733595302095637
vw11,2,120,WITH_MAP,18.5,185,24.39785385131836,28.05753192901611,5.754507616167144,22.30302431284897,22.30302431284897,3.875748508906163,10.297682762145996,11.842335176467895,1,0.009570157155394554,0.8658986687660217,0.0028126011602580547,0.11850909888744354,0.003209473332390189,626.5307887077332,105.36388679989659,521.1669019078366,4.946352281950443,11.75999999999844,9.57578655402176
vw11,2,120,WITH_MAP,19.0,190,23.661325454711914,27.2105242729187,5.877047526027919,21.33347674689078,21.33347674689078,3.6299649870807316,10.220331192016602,11.753380870819091,1,0.010448348708450794,0.8594520688056946,0.0029774783179163933,0.12379772961139679,0.0033244977239519358,653.741312980652,111.24093432592451,542.5003786547275,4.87680530500811,11.959999999998807,9.713374693063088
vw11,2,120,WITH_MAP,19.5,195,23.72734832763672,27.286450576782226,6.24802107415754,21.038429502624687,21.038429502624687,3.3672148753853923,10.337732315063477,11.888392162322997,1,0.009850275702774525,0.8636103868484497,0.0027558323927223682,0.12067126482725143,0.0031121668871492147,681.0277635574342,117.48895540008205,563.5388081573522,4.79652582013644,12.614999999998373,9.52063465223182
vw11,2,120,WITH_MAP,20.0,200,24.791725158691406,28.510483932495116,6.512539474807836,21.997944457687282,21.997944457687282,3.3777828975595376,10.320867538452148,11.86899766921997,1,0.009008401073515415,0.8776406645774841,0.0026481165550649166,0.10761559009552002,0.003087205346673727,709.5382474899294,124.00149487488989,585.5367526150395,4.7220136596402424,13.331944444436013,10.22586321842391
vw11,2,120,WITH_MAP,20.5,205,21.681350708007812,24.933553314208982,6.532185399373983,18.401367914835,18.401367914835,2.8170308694236557,10.198138236999512,11.727858972549438,1,0.01322409138083458,0.8286916613578796,0.0032353855203837156,0.15153858065605164,0.003310214029625058,734.4718008041384,130.53368027426387,603.9381205298746,4.626684233991888,13.14305555555608,10.495344065828249
vw11,2,120,WITH_MAP,21.0,210,22.55459213256836,25.93778095245361,6.87030670264751,19.0674742498061,19.0674742498061,2.775345421254388,10.316217422485352,11.863650035858154,1,0.011218737810850143,0.8453710675239563,0.0029062347020953894,0.1373365968465805,0.0031672478653490543,760.409581756592,137.40398697691137,623.0055947796807,4.534115846903098,13.963888888888576,10.94797079032287
vw11,2,120,WITH_MAP,21.5,215,18.072771072387695,20.783686733245847,7.063396951733865,13.720289781511983,13.720289781511983,1.9424492033035237,9.909185409545898,11.395563220977783,1,0.021936090663075447,0.7699622511863708,0.004042460583150387,0.2007255256175995,0.0033337296918034554,781.1932684898379,144.46738392864523,636.7258845611927,4.407402330173584,14.558888888886079,10.592976156622171
vw11,2,120,WITH_MAP,22.0,220,20.52886962890625,23.608200073242184,7.226180937526102,16.38201913571608,16.38201913571608,2.26703694210631,10.144457817077637,11.66612648963928,1,0.015322829596698284,0.8160571455955505,0.003410438308492303,0.1619577556848526,0.0032518014777451754,804.8014685630801,151.69356486617133,653.1079036969088,4.305442384936371,14.71111111110293,9.833967151469551
vw11,2,120,WITH_MAP,22.5,225,15.47274112701416,17.793652296066284,7.430493081464486,10.363159214601797,10.363159214601797,1.3946798820730895,9.393954277038574,10.80304741859436,1,0.034839242696762085,0.7264545559883118,0.0053848689422011375,0.22955895960330963,0.0037624146789312363,822.5951208591464,159.1240579476358,663.4710629115106,4.169520759267239,15.066944444441726,9.593601020984352
vw11,2,120,WITH_MAP,23.0,230,22.302576065063477,25.647962474822997,7.587114959472018,18.06084751535098,18.06084751535098,2.3804631420278124,10.190917015075684,11.719554567337035,1,0.012292967177927494,0.8409660458564758,0.0031670494936406612,0.1402285248041153,0.0033454205840826035,848.2430833339694,166.71117290710782,681.5319104268615,4.088099786848804,15.246944444445953,8.918703048606403
vw11,2,120,WITH_MAP,23.5,235,25.864463806152344,29.744133377075194,7.602288960931104,22.14184441614409,22.14184441614409,2.9125233899859846,10.291046142578125,11.834703063964843,1,0.008407079614698887,0.8862464427947998,0.002619049744680524,0.09962894022464752,0.0030984794721007347,877.9872167110445,174.31346186803893,703.6737548430056,4.036829670537494,15.218055555553292,9.491028001299128
vw11,2,120,WITH_MAP,24.0,240,27.186439514160156,31.26440544128418,7.5517081838956255,23.712697257388555,23.712697257388555,3.1400441701331894,10.293683052062988,11.837735509872436,1,0.0075354366563260555,0.8987450003623962,0.0024772617034614086,0.08821891248226166,0.0030234751757234335,909.2516221523288,181.86517005193454,727.3864521003942,3.99959185088974,15.118888888888083,9.37584369292017
vw11,2,120,WITH_MAP,24.5,245,26.723751068115234,30.732313728332517,7.525363813704003,23.206949914628513,23.206949914628513,3.0838309600882927,10.30334186553955,11.848843145370482,1,0.007649836130440235,0.8980504274368286,0.0024702628143131733,0.08881328254938126,0.003016218775883317,939.9839358806613,189.39053386563853,750.5934020150228,3.963204425768844,15.126944444443488,9.382611777167767
vw11,2,120,WITH_MAP,25.0,250,23.536922454833984,27.06746082305908,7.520743918245343,19.546716904813735,19.546716904813735,2.599040349903864,10.315349578857422,11.862652015686034,1,0.010068628937005997,0.8624392747879028,0.002774823224171996,0.12157651782035828,0.003140672342851758,967.0513967037203,196.91127778388386,770.1401189198365,3.911102134866489,15.025000000003079,9.520279303425923
vw11,2,120,WITH_MAP,25.5,255,21.251995086669922,24.439794349670407,7.602084291948321,16.837710057722084,16.837710057722084,2.2148807367941963,10.210904121398926,11.742539739608764,1,0.013703947886824608,0.8257664442062378,0.0033040184061974287,0.15395362675189972,0.0032719410955905914,991.4911910533907,204.5133620758322,786.9778289775585,3.848050909679693,15.22305555555848,6.83919631887693
vw11,2,120,WITH_MAP,26.0,260,20.486801147460938,23.559821319580077,7.740877466123967,15.81894385345611,15.81894385345611,2.0435595218609,10.185341835021973,11.713143110275267,1,0.01518272515386343,0.8158538937568665,0.0033909999765455723,0.16236741840839386,0.0032050309237092733,1015.0510123729708,212.25423954195617,802.7967728310147,3.7822414033446257,15.583055555552681,5.891842965036631
vw11,2,120,WITH_MAP,26.5,265,17.841331481933594,20.51753120422363,7.624905032625948,12.892626171597682,12.892626171597682,1.6908572784096143,9.96133041381836,11.455529975891112,1,0.023072678595781326,0.7641574740409851,0.004170801490545273,0.20530188083648682,0.003297272603958845,1035.5685435771945,219.8791445745821,815.6893990026124,3.7097169928543807,15.39388888888521,5.707317542517558
vw11,2,120,WITH_MAP,27.0,270,18.96976661682129,21.81523160934448,7.752972962080998,14.062258647263482,14.062258647263482,1.8137892026762583,10.066838264465332,11.57686400413513,1,0.019346263259649277,0.7855333685874939,0.003882750403136015,0.1879357546567917,0.0033019385300576687,1057.383775186539,227.63211753666312,829.7516576498758,3.6451431662152576,15.57611111111169,5.8420170890167356
vw11,2,120,WITH_MAP,27.5,275,19.90186309814453,22.88714256286621,7.817605120501408,15.069537442364801,15.069537442364801,1.9276411650475211,10.145276069641113,11.66706748008728,1,0.016707981005311012,0.8039208054542542,0.0035797799937427044,0.17254607379436493,0.003245306434109807,1080.2709177494053,235.44972265716453,844.8211950922407,3.5881171808487307,15.56888888889104,5.724137076176703
vw11,2,120,WITH_MAP,28.0,280,20.126779556274414,23.145796489715575,7.715821178912655,15.42997531080292,15.42997531080292,1.9997839443160053,10.146130561828613,11.668050146102905,1,0.01603744924068451,0.807354748249054,0.003547150641679764,0.16978564858436584,0.003274995367974043,1103.416714239121,243.16554383607718,860.2511704030437,3.537718201485637,15.42611111111476,6.3110632440657355
vw11,2,120,WITH_MAP,28.5,285,19.6307430267334,22.575354480743407,7.77544083407461,14.799913646668797,14.799913646668797,1.903417949219107,10.12600326538086,11.644903755187988,1,0.01712232083082199,0.8012731075286865,0.0035701158922165632,0.17482823133468628,0.003206338034942746,1125.9920687198644,250.94098467015178,875.0510840497126,3.4870791839759434,15.608055555557172,6.7980629413505085
vw11,2,120,WITH_MAP,29.0,290,22.12271499633789,25.441122245788574,7.823284934757219,17.617837311031355,17.617837311031355,2.251974389013877,10.280773162841797,11.822889137268065,1,0.012262995354831219,0.8404756188392639,0.0030672375578433275,0.14098533987998962,0.0032089054584503174,1151.433190965653,258.764269604909,892.668921360744,3.449737951548351,15.680000000000872,7.279062065528706
vw11,2,120,WITH_MAP,29.5,295,18.64545440673828,21.442272567749022,7.844845240916357,13.597427326832666,13.597427326832666,1.733294527712614,10.069482803344727,11.579905223846435,1,0.02002115547657013,0.778499960899353,0.003839440643787384,0.19441881775856018,0.003220692742615938,1172.8754635334021,266.60911484582533,906.2663486875767,3.3992324276371884,15.721944444443952,7.308877762174234
vw11,2,120,WITH_MAP,30.0,300,19.991891860961914,22.9906756401062,7.788272454037611,15.20240318606859,15.20240318606859,1.9519608842378557,10.171958923339844,11.69775276184082,1,0.01636352948844433,0.8019797801971436,0.0035195171367377043,0.17490434646606445,0.0032328367233276367,1195.8661391735084,274.39738729986294,921.4687518736455,3.35815424826425,15.551111111112876,6.887849491555244
vw11,2,120,WITH_MAP,30.5,305,19.251943588256836,22.13973512649536,7.716016028162494,14.423719098332866,14.423719098332866,1.8693220757562055,10.125064849853516,11.643824577331541,1,0.01800139993429184,0.7928345203399658,0.003637725720182061,0.18230849504470825,0.003217909252271056,1218.0058743000038,282.1134033280254,935.8924709719784,3.31743355661757,15.32694444444914,6.609023761877324
vw11,2,120,WITH_MAP,31.0,310,19.586246490478516,22.524183464050292,7.558449560803202,14.965733903247092,14.965733903247092,1.9800004991574955,10.143495559692383,11.665019893646239,1,0.017459558323025703,0.7925301790237427,0.0036526350304484367,0.18307894468307495,0.003278672229498625,1240.5300577640542,289.6718528888286,950.8582048752255,3.2825357223787623,15.208055555553116,6.431401177251246
vw11,2,120,WITH_MAP,31.5,315,20.115816116333008,23.133188533782956,7.532672627685514,15.600515906097442,15.600515906097442,2.07104658295642,10.186784744262695,11.714802455902099,1,0.016417842358350754,0.8001908659934998,0.003504540305584669,0.17663933336734772,0.0032474601175636053,1263.663246297837,297.2045255165141,966.458720781323,3.2518304326009395,15.00888888889017,6.473354637913872
vw11,2,120,WITH_MAP,32.0,320,18.70645523071289,21.512423515319824,7.447485965312003,14.064937550007821,14.064937550007821,1.8885483793481157,9.984237670898438,11.481873321533202,1,0.02040848881006241,0.776951253414154,0.003990148194134235,0.1952638030052185,0.0033862462732940912,1285.175669813157,304.6520114818261,980.5236583313308,3.218503805578266,14.871944444446127,5.98988623067271
vw11,2,120,WITH_MAP,32.5,325,19.11440658569336,21.981567573547363,7.38420967072611,14.597357902821253,14.597357902821253,1.9768341574442123,10.054341316223145,11.562492513656615,1,0.01828785613179207,0.7856534123420715,0.0038265592884272337,0.18884561955928802,0.0033865731675177813,1307.1572373867043,312.03622115255223,995.1210162341521,3.189120200720687,14.755000000003681,5.926677494891919
vw11,2,120,WITH_MAP,33.0,330,20.190828323364258,23.219452571868896,7.384354601896635,15.83509796997226,15.83509796997226,2.144411911896145,10.169441223144531,11.69485740661621,1,0.015338042750954628,0.8064416646957397,0.003501701634377241,0.17137518525123596,0.003343428485095501,1330.3766899585733,319.42057575444886,1010.9561142041243,3.164968668083818,14.828888888886567,6.031833978137001
vw11,2,120,WITH_MAP,33.5,335,17.705965042114258,20.361859798431396,7.494913324429968,12.866946474001429,12.866946474001429,1.7167572081268914,9.946898460388184,11.43893322944641,1,0.02230735681951046,0.765572726726532,0.00410884665325284,0.2046704739332199,0.00334062147885561,1350.7385497570046,326.9154890788788,1023.8230606781258,3.1317667558758457,15.133888888884773,6.216373004892375
vw11,2,120,WITH_MAP,34.0,340,21.110355377197266,24.276908683776853,7.580311100415853,16.696597583360997,16.696597583360997,2.202626958469426,10.219765663146973,11.752730512619017,1,0.014178786426782608,0.8224338293075562,0.0033066491596400738,0.15683329105377197,0.0032474033068865538,1375.0154584407815,334.49580017929463,1040.5196582614867,3.1107106806834435,15.264999999997825,6.381485932972282
vw11,2,120,WITH_MAP,34.5,345,18.474397659301758,21.24555730819702,7.6271250824267804,13.618432225770242,13.618432225770242,1.7855262734772355,10.04188346862793,11.548165988922118,1,0.020390421152114868,0.7767112851142883,0.003937633708119392,0.19567283987998962,0.0032877237536013126,1396.2610157489785,342.12292526172143,1054.1380904872572,3.081167652477102,15.278055555551845,6.830025470524561
vw11,2,120,WITH_MAP,35.0,350,18.26460075378418,21.004290866851804,7.564697548554589,13.439593318297215,13.439593318297215,1.776620047534506,9.974650382995605,11.470847940444946,1,0.021228622645139694,0.7705739140510559,0.004125402774661779,0.20065858960151672,0.003413410857319832,1417.2653066158302,349.687622810276,1067.5776838055542,3.0529467277850193,15.046944444448414,6.932213094434701
vw11,2,120,WITH_MAP,35.5,355,21.450664520263672,24.66826419830322,7.482890699633276,17.185373498669943,17.185373498669943,2.2966222798780382,10.159893035888672,11.68387699127197,1,0.013668338768184185,0.8286852240562439,0.003396884771063924,0.1508365124464035,0.0034130101557821035,1441.9335708141334,357.1705135099093,1084.763057304224,3.0371013739187864,14.925000000000088,7.058914766588714
vw11,2,120,WITH_MAP,36.0,360,21.568164825439453,24.803389549255368,7.340134742489882,17.463254806765484,17.463254806765484,2.379146353496188,10.028911590576172,11.533248329162596,1,0.014158670790493488,0.833082377910614,0.0034985998645424843,0.14574205875396729,0.003518202807754278,1466.7369603633888,364.5106482523992,1102.2263121109895,3.0238521628804973,14.52888888889104,7.355335795669816
vw11,2,120,WITH_MAP,36.5,365,29.522611618041992,33.95100336074829,7.298031996495798,26.65297136425249,26.65297136425249,3.6520765292684527,10.116511344909668,11.633988046646117,1,0.006299960892647505,0.9245796203613281,0.002429674845188856,0.0635104849934578,0.003180229803547263,1500.687963724137,371.80868024889503,1128.8792834752421,3.0361832400457978,14.641111111112641,7.5978875529253855
vw11,2,120,WITH_MAP,37.0,370,22.290889739990234,25.634523200988767,7.224187638136893,18.410335562851873,18.410335562851873,2.5484298699085106,10.188735961914062,11.717046356201172,1,0.012106571346521378,0.851234495639801,0.003014265326783061,0.13043926656246185,0.00320539902895689,1526.3224869251258,379.0328678870319,1147.2896190380939,3.02688689092798,14.440000000000058,8.38692752236966
vw11,2,120,WITH_MAP,37.5,375,19.861236572265625,22.840422058105467,7.179343658165696,15.661078399939772,15.661078399939772,2.181408098792855,10.039017677307129,11.544870328903198,1,0.016939708963036537,0.8138631582260132,0.0035149564500898123,0.16244526207447052,0.0032369610853493214,1549.1629089832313,386.2122115451976,1162.9506974380338,3.0111701874603622,14.330000000002753,8.317969035822898
vw11,2,120,WITH_MAP,38.0,380,18.64554214477539,21.4423734664917,7.174815270377005,14.267558196114694,14.267558196114694,1.9885610511843876,10.052578926086426,11.560465764999389,1,0.019923241809010506,0.7770832180976868,0.0038843804504722357,0.1958048939704895,0.0033042130526155233,1570.605282449723,393.3870268155746,1177.2182556341486,2.9925192631887305,14.33611111111088,7.942461124504916
vw11,2,120,WITH_MAP,38.5,385,16.531354904174805,19.011058139801023,7.122621237453639,11.888436902347383,11.888436902347383,1.6691097990488597,9.63947582244873,11.08539719581604,1,0.02950993925333023,0.737783670425415,0.004932734649628401,0.22414544224739075,0.0036282597575336695,1589.616340589524,400.50964805302823,1189.1066925364958,2.968983889194739,14.233888888891151,8.147034716210328
vw11,2,120,WITH_MAP,39.0,390,18.350223541259766,21.10275707244873,7.1159891823769685,13.98676789007176,13.98676789007176,1.965540915198487,9.999048233032227,11.49890546798706,1,0.0207151360809803,0.7749674320220947,0.003962224815040827,0.19704927504062653,0.0033059283159673214,1610.7190976619727,407.6256372354052,1203.0934604265676,2.9514666167373007,14.303888888888922,7.537354607949965
vw11,2,120,WITH_MAP,39.5,395,18.674373626708984,21.475529670715332,7.168641616312663,14.30688805440267,14.30688805440267,1.9957599807816462,10.03903579711914,11.54489116668701,1,0.02019474469125271,0.7707177400588989,0.00399689981713891,0.20168165862560272,0.0034088636748492718,1632.194627332688,414.7942788517178,1217.4003484809703,2.934949710133709,14.448055555552337,6.9058733935817145
vw11,2,120,WITH_MAP,40.0,400,20.242109298706055,23.27842569351196,7.272821100693163,16.0056045928188,16.0056045928188,2.2007422389770217,10.191170692443848,11.719846296310424,1,0.01597551256418228,0.800962507724762,0.0035205581225454807,0.1762276291847229,0.00331380614079535,1655.4730530262,422.06709995241096,1233.405953073789,2.922298263031775,14.591944444443287,7.301886195607949
vw11,2,120,WITH_MAP,40.5,405,18.093957901000977,20.808051586151123,7.287129065048146,13.520922521102978,13.520922521102978,1.8554525932516397,9.908831596374512,11.395156335830688,1,0.022388800978660583,0.7641875743865967,0.004231359343975782,0.2057269960641861,0.0034652468748390675,1676.281104612351,429.3542290174591,1246.926875594892,2.904191437565152,14.521944444445637,7.8697642190381885
vw11,2,120,WITH_MAP,41.0,410,22.38150405883789,25.738729667663574,7.268967081804657,18.469762585858916,18.469762585858916,2.540906070697661,10.256756782531738,11.795270299911499,1,0.011926346458494663,0.8364065289497375,0.003104991978034377,0.14524686336517334,0.0033152271062135696,1702.0198342800147,436.62319609926374,1265.3966381807509,2.898143409433223,14.646111111105105,7.8892710556974635
vw11,2,120,WITH_MAP,41.5,415,23.242076873779297,26.72838840484619,7.193728446545104,19.534659958301084,19.534659958301084,2.7155125611786053,10.23298168182373,11.76792893409729,1,0.010903589427471161,0.8497642278671265,0.0030012752395123243,0.13298216462135315,0.0033487135078758,1728.7482226848608,443.81692454580883,1284.931298139052,2.895183187198232,14.415000000000637,8.324516642605886
vw11,2,120,WITH_MAP,42.0,420,25.33214569091797,29.13196754455566,7.094593899603822,22.03737364495184,22.03737364495184,3.106220589480457,10.303750991821289,11.849313640594481,1,0.008726595900952816,0.8798697590827942,0.0026388992555439472,0.10566975921392441,0.0030950005166232586,1757.8801902294165,450.91151844541264,1306.9686717840038,2.898503627252595,14.136111111112093,8.13834126968868
vw11,2,120,WITH_MAP,42.5,425,25.117271423339844,28.88486213684082,7.006705299869248,21.87815683697157,21.87815683697157,3.122459972361024,10.307268142700195,11.853358364105224,1,0.008641381748020649,0.8847479820251465,0.0025776659604161978,0.10099798440933228,0.0030348687432706356,1786.7650523662574,457.91822374528186,1328.8468286209754,2.901930431491518,13.983055555555467,8.65147987252567
vw11,2,120,WITH_MAP,43.0,430,19.877185821533203,22.858763694763184,6.910433051674703,15.94833064308848,15.94833064308848,2.307862694541769,10.024779319763184,11.52849621772766,1,0.017018549144268036,0.8082147240638733,0.0036849998869001865,0.16773462295532227,0.003347064834088087,1809.6238160610205,464.8286567969566,1344.7951592640638,2.893098649577211,13.773888888887273,8.936665432062
vw11,2,120,WITH_MAP,43.5,435,22.308568954467773,25.654854297637936,6.831016775082293,18.823837522555642,18.823837522555642,2.755642116298107,10.245379447937012,11.782186365127563,1,0.011878911405801773,0.840779185295105,0.0031059058383107185,0.1409127563238144,0.0033232932910323143,1835.2786703586585,471.65967357203886,1363.6189967866196,2.891107875429481,13.61499999999873,9.66581506561488
vw11,2,120,WITH_MAP,44.0,440,16.86339569091797,19.39290504455566,6.79389546185873,12.599009582696931,12.599009582696931,1.854460324482236,9.764715194702148,11.22942247390747,1,0.025978822261095047,0.7461779713630676,0.004546753596514463,0.21982574462890625,0.0034706899896264076,1854.671575403214,478.45356903389757,1376.2180063693165,2.8763877948453844,13.611111111108672,9.908342471462674
vw11,2,120,WITH_MAP,44.5,445,20.94749641418457,24.089620876312253,6.7733359537237705,17.316284922588483,17.316284922588483,2.556537139290799,10.21143627166748,11.743151712417601,1,0.014111627824604511,0.8186851143836975,0.003377166111022234,0.16050462424755096,0.0033214108552783728,1878.7611962795263,485.2269049876213,1393.534291291905,2.871922964221153,13.560000000003157,9.647159452550113
vw11,2,120,WITH_MAP,45.0,450,17.685195922851562,20.337975311279294,6.846324631390148,13.491650679889146,13.491650679889146,1.9706413888161862,9.965022087097168,11.459775400161742,1,0.022349268198013306,0.7682082056999207,0.00405544089153409,0.2021256983280182,0.0032614830415695906,1899.0991715908056,492.07322961901144,1407.025941971794,2.859383232575335,13.744999999998294,9.620416501304135
vw11,2,120,WITH_MAP,45.5,455,18.04939079284668,20.75679941177368,6.925668316308195,13.831131095465487,13.831131095465487,1.9970825144624205,9.869763374328613,11.350227880477904,1,0.021942656487226486,0.7850044965744019,0.003964971285313368,0.18582896888256073,0.003258896991610527,1919.8559710025793,498.99889793531963,1420.8570730672595,2.8474152527115026,13.9411111111105,8.803531921003014
vw11,2,120,WITH_MAP,46.0,460,17.126476287841797,19.695447731018064,6.980954458947565,12.714493272070499,12.714493272070499,1.8213115909636388,9.880461692810059,11.362530946731567,1,0.02536756359040737,0.7542286515235901,0.004266049712896347,0.21284697949886322,0.0032907191198319197,1939.5514187335973,505.9798523942672,1433.57156633933,2.8332582010049467,13.811111111116556,8.531632314436138
vw11,2,120,WITH_MAP,46.5,465,16.253538131713867,18.691568851470947,6.954066819519889,11.737502031951058,11.737502031951058,1.687861554479774,9.390840530395508,10.799466609954834,1,0.03343700245022774,0.7358555197715759,0.00537385419011116,0.2214636355638504,0.003870016196742654,1958.2429875850682,512.9339192137871,1445.3090683712812,2.817729563657277,13.903888888889968,8.312834922922775
vw11,2,120,WITH_MAP,47.0,470,19.58236312866211,22.519717597961424,7.074315163422135,15.44540243453929,15.44540243453929,2.1833070873630285,9.6718168258667,11.122589349746704,1,0.02077990397810936,0.7985108494758606,0.004366257693618536,0.17250429093837738,0.003838748438283801,1980.7627051830298,520.0082343772093,1460.7544708058203,2.809098730052421,14.081944444446306,8.550345388590358
vw11,2,120,WITH_MAP,47.5,475,22.020278930664062,25.32332077026367,7.088871688977812,18.23444908128586,18.23444908128586,2.572263948526228,10.243548393249512,11.780080652236938,1,0.012347281910479069,0.8377375602722168,0.003113639773800969,0.14355185627937317,0.0032497497741132975,2006.0860259532935,527.0971060661872,1478.9889198871065,2.8059135648173923,14.336111111109863,9.069598181173205
vw11,2,120,WITH_MAP,48.0,480,20.487762451171875,23.560926818847655,7.2253953366289645,16.33553148221869,16.33553148221869,2.2608495066569043,9.974236488342285,11.470371961593628,1,0.015517392195761204,0.8271329402923584,0.0035123354755342007,0.15044225752353668,0.0033950612414628267,2029.6469527721413,534.3225014028161,1495.3244513693253,2.7985429163912885,14.52111111111137,9.153257872792892
vw11,2,120,WITH_MAP,48.5,485,16.796037673950195,19.31544332504272,7.390716850478569,11.924726474564153,11.924726474564153,1.6134735934027826,9.657437324523926,11.106052923202514,1,0.026156585663557053,0.7639164924621582,0.004391181282699108,0.20212459564208984,0.0034111260902136564,2048.962396097184,541.7132182532947,1507.2491778438894,2.782374745633636,14.949999999995363,9.121104814461432
vw11,2,120,WITH_MAP,49.0,490,13.885004043579102,15.967754650115966,7.489796597086659,8.477958053029306,8.477958053029306,1.131934351371707,9.379961967468262,10.7869562625885,1,0.03921293839812279,0.7159485816955566,0.005155520047992468,0.23629878461360931,0.0033842145930975676,2064.9301507473,549.2030148503814,1515.7271358969188,2.759866743101995,15.078055555551845,9.081251408206299
vw11,2,120,WITH_MAP,49.5,495,16.57202911376953,19.057833480834958,7.469053744876803,11.588779735958155,11.588779735958155,1.551572679994058,9.820709228515625,11.293815612792969,1,0.027410315349698067,0.7390894889831543,0.004477514419704676,0.22565504908561707,0.003367712488397956,2083.9879842281352,556.6720685952581,1527.315915632877,2.743654660969435,14.9930555555546,7.73063993290998
vw11,2,120,WITH_MAP,50.0,500,16.83111572265625,19.355783081054685,7.478879322833505,11.87690375822118,11.87690375822118,1.5880592860965441,9.847946166992188,11.325138092041016,1,0.02653956413269043,0.7433224320411682,0.004434083588421345,0.2223406583070755,0.003363135037943721,2103.34376730919,564.1509479180916,1539.1928193910983,2.728335076048781,14.941111111113221,7.593870569951832
vw11,2,120,WITH_MAP,50.5,505,15.967092514038086,18.3621563911438,7.427220230261103,10.934936160882696,10.934936160882696,1.4722784328287355,9.626212120056152,11.070143938064575,1,0.030515283346176147,0.7285814881324768,0.004946606233716011,0.23235945403575897,0.003597219241783023,2121.7059237003336,571.5781681483527,1550.127755551981,2.712013582628031,14.78805555555741,7.7331520488951355
vw11,2,120,WITH_MAP,51.0,510,17.34738540649414,19.94949321746826,7.397199201012205,12.552294016456054,12.552294016456054,1.6968982009756404,9.84493637084961,11.32167682647705,1,0.0234358012676239,0.7634947299957275,0.004228308796882629,0.20545975863933563,0.003381452290341258,2141.655416917802,578.9753673493649,1562.6800495684372,2.6990441004815424,14.8019444444412,7.347320579923689
vw11,2,120,WITH_MAP,51.5,515,17.990848541259766,20.689475822448728,7.329746862481711,13.359728959967017,13.359728959967017,1.822672625756092,9.94029712677002,11.431341695785521,1,0.021750139072537422,0.7674152255058289,0.004119336139410734,0.20330721139907837,0.003408106742426753,2162.344892740251,586.3051142118466,1576.0397785284044,2.688088062556013,14.64388888889104,7.578171042026952
vw11,2,120,WITH_MAP,52.0,520,20.612590789794922,23.70447940826416,7.275102974291584,16.429376433972575,16.429376433972575,2.258301565219067,10.17798900604248,11.70468735694885,1,0.014975677244365215,0.8109747767448425,0.0034506777301430702,0.16728349030017853,0.0033153656404465437,2186.049372148515,593.5802171861382,1592.4691549623767,2.6828204661392907,14.423888888895243,7.821170104318298
vw11,2,120,WITH_MAP,52.5,525,20.821147918701172,23.944320106506346,7.270638437552868,16.673681668953478,16.673681668953478,2.29328989636369,10.195570945739746,11.724906587600707,1,0.014314847998321056,0.8139973878860474,0.0034001069143414497,0.1649537831544876,0.0033337497152388096,2209.9936922550214,600.850855623691,1609.1428366313303,2.678106923823915,14.589999999996467,8.311599739128724
vw11,2,120,WITH_MAP,53.0,530,20.3521728515625,23.40499877929687,7.430156351647514,15.974842427649357,15.974842427649357,2.150000844074728,10.16034984588623,11.684402322769165,1,0.015354775823652744,0.8066230416297913,0.0035029000137001276,0.17118577659130096,0.003333539003506303,2233.3986910343183,608.2810119753385,1625.1176790589798,2.6716561047690024,14.83694444445001,8.611990348319523
vw11,2,120,WITH_MAP,53.5,535,23.011192321777344,26.462871170043943,7.38390160811899,19.078969561924954,19.078969561924954,2.583860210291348,10.297685623168945,11.842338466644286,1,0.010800513438880444,0.8507544994354248,0.00293729524128139,0.13225051760673523,0.0032572762575000525,2259.861562204362,615.6649135834575,1644.1966486209046,2.670603135479837,14.796111111112499,9.187033629976213
vw11,2,120,WITH_MAP,54.0,540,22.962326049804688,26.40667495727539,7.408451682210917,18.998223275064472,18.998223275064472,2.564398620656833,10.21111011505127,11.742776632308958,1,0.011296384036540985,0.8488872051239014,0.0030770893208682537,0.13337327539920807,0.003366023302078247,2286.2682371616374,623.0733652656685,1663.1948718959688,2.669340345156319,14.798888888893128,9.510285420692526
vw11,2,120,WITH_MAP,54.5,545,25.27428436279297,29.065427017211913,7.467158734581776,21.598268282630137,21.598268282630137,2.8924345993348997,10.294942855834961,11.839184284210203,1,0.008829173631966114,0.8805209994316101,0.002685969928279519,0.10484474152326584,0.0031192281749099493,2315.333664178849,630.5405240002502,1684.793140178599,2.671982332697669,14.978888888890081,9.988596297102049
vw11,2,120,WITH_MAP,55.0,550,23.688323974609375,27.24157257080078,7.580234475127839,19.661338095672942,19.661338095672942,2.593763842026979,10.342082023620605,11.893394327163696,1,0.009867393411695957,0.8639453649520874,0.0027379863895475864,0.12033843994140625,0.0031108171679079533,2342.57523674965,638.1207584753781,1704.4544782742717,2.6710531754939577,15.271111111110413,10.670851867645979
vw11,2,120,WITH_MAP,55.5,555,22.133520126342773,25.45354814529419,7.717363864588497,17.736184280705693,17.736184280705693,2.2982179656046857,10.190034866333008,11.718540096282958,1,0.012341010384261608,0.8408514261245728,0.0031242610421031713,0.14036116003990173,0.0033220762852579355,2368.028784894944,645.8381223399666,1722.1906625549773,2.6665980266312355,15.421111111111314,10.925204314291477
vw11,2,120,WITH_MAP,56.0,560,22.692243576049805,26.096080112457273,7.7321316290533275,18.363948483403945,18.363948483403945,2.3750175714031796,10.275188446044922,11.816466712951659,1,0.011361147277057171,0.8423224687576294,0.00303191808052361,0.1399662345647812,0.0033181149046868086,2394.1248650074012,653.57025396902,1740.5546110383812,2.6631484533885863,15.408055555560484,11.048468593508005
vw11,2,120,WITH_MAP,56.5,565,20.959293365478516,24.10318737030029,7.656709575077108,16.44647779522318,16.44647779522318,2.147982450419318,10.21225643157959,11.744094896316527,1,0.014298247173428535,0.8180794715881348,0.003316114190965891,0.16103723645210266,0.0032688414212316275,2418.2280523777017,661.2269635440971,1757.0010888336046,2.6571830637642027,15.395000000002842,11.366198868025094
vw11,2,120,WITH_MAP,57.0,570,21.48719596862793,24.71027536392212,7.448884022670297,17.261391341251823,17.261391341251823,2.3173124039410014,10.270729064941406,11.811338424682615,1,0.013119452632963657,0.8292512893676758,0.0031621844973415136,0.15128342807292938,0.0031836670823395252,2442.9383277416237,668.6758475667674,1774.2624801748561,2.6533969884379527,15.008055555558892,11.603311217972077
vw11,2,120,WITH_MAP,57.5,575,19.061222076416016,21.920405387878418,7.43656514507347,14.483840242804948,14.483840242804948,1.9476519011468774,9.990972518920898,11.489618396759033,1,0.018827175721526146,0.7975901961326599,0.0037047339137643576,0.17662806808948517,0.003249803790822625,2464.858733129502,676.1124127118409,1788.746320417661,2.6456344932984166,14.625000000006724,11.91087684663944
vw11,2,120,WITH_MAP,58.0,580,17.826614379882812,20.500606536865234,7.2058653104113555,13.29474122645388,13.29474122645388,1.8449888602892763,10.00683307647705,11.507858037948607,1,0.022634826600551605,0.7582144141197205,0.004076649434864521,0.2117801159620285,0.003294065361842513,2485.3593396663673,683.3182780222522,1802.041061644115,2.637191363971434,14.578888888882053,11.54102329176385
vw11,2,120,WITH_MAP,58.5,585,17.087968826293945,19.651164150238035,7.233585255437601,12.417578894800435,12.417578894800435,1.716656188639782,9.880446434020996,11.362513399124145,1,0.025340329855680466,0.7478305697441101,0.00428164005279541,0.21921849250793457,0.0033289887942373753,2505.0105038166053,690.5518632776898,1814.4586405389155,2.6275486853755283,14.366111111113835,10.117009266861714
vw11,2,120,WITH_MAP,59.0,590,17.887956619262695,20.571150112152097,7.105947470057945,13.465202642094152,13.465202642094152,1.894920093179967,9.944101333618164,11.435716533660887,1,0.0225533340126276,0.7590800523757935,0.004175407811999321,0.21078427135944366,0.0034069232642650604,2525.5816539287575,697.6578107477477,1827.92384318101,2.6200865453249156,14.113055555558278,9.353737912606448
vw11,2,120,WITH_MAP,59.5,595,18.96343994140625,21.807955932617187,6.976363947724652,14.831591984892535,14.831591984892535,2.125977385358439,10.102126121520996,11.617445039749144,1,0.01829911582171917,0.7778249979019165,0.0037802779115736485,0.19676971435546875,0.0033258928451687098,2547.3896098613745,704.6341746954723,1842.7554351659023,2.615194524112177,13.91999999999728,8.562902366626076
vw11,2,120,WITH_MAP,60.0,600,19.29482650756836,22.18905048370361,6.879239865976206,15.309810617727404,15.309810617727404,2.2255090556512886,10.122346878051758,11.64069890975952,1,0.017112964764237404,0.7871646881103516,0.0036770931910723448,0.1886949986219406,0.003350267419591546,2569.5786603450783,711.5134145614485,1858.06524578363,2.61142686526701,13.69194444444624,6.80298491375288
vw11,2,120,WITH_MAP,60.5,605,20.073896408081055,23.08498086929321,6.712002341110567,16.372978528182642,16.372978528182642,2.439358286259711,10.13275146484375,11.65266418457031,1,0.016154175624251366,0.7965648174285889,0.0036033201031386852,0.18027183413505554,0.0034059735480695963,2592.6636412143716,718.225416902559,1874.4382243118125,2.609818839878394,13.294999999992609,6.602891515067313
vw11,2,120,WITH_MAP,61.0,610,19.337806701660156,22.23847770690918,6.774389883270719,15.464087823638462,15.464087823638462,2.28272775705261,10.126651763916016,11.645649528503418,1,0.017141787335276604,0.787318229675293,0.0036618199665099382,0.18855418264865875,0.003324022749438882,2614.902118921281,724.9998067858297,1889.9023121354512,2.6067625045502147,13.528888888892286,6.809657523292117
vw11,2,120,WITH_MAP,61.5,615,20.58131980895996,23.668517780303954,6.799494161752424,16.86902361855153,16.86902361855153,2.48092331830224,10.205667495727539,11.73651762008667,1,0.014316126704216003,0.8121160864830017,0.0033701632637530565,0.16690078377723694,0.0032967717852443457,2638.5706367015846,731.7993009475822,1906.7713357540024,2.605593273025799,13.531944444444568,6.966562613903079
vw11,2,120,WITH_MAP,62.0,620,19.717954635620117,22.675647830963133,6.772972607139899,15.902675223823234,15.902675223823234,2.3479609539626707,10.13120174407959,11.650882005691527,1,0.016473010182380676,0.7930138111114502,0.003641681279987097,0.1834903359413147,0.0033811123576015234,2661.2462845325476,738.5722735547221,1922.6740109778257,2.6032306922707296,13.551111111108906,7.048939743777737
vw11,2,120,WITH_MAP,62.5,625,19.160839080810547,22.034964942932127,6.773846147770996,15.261118795161131,15.261118795161131,2.2529473599253445,10.035125732421875,11.540394592285155,1,0.01830948516726494,0.7824110984802246,0.0038631430361419916,0.19196143746376038,0.003454782534390688,2683.28124947548,745.3461197024931,1937.9351297729868,2.6000472512643102,13.614999999995307,7.2129037459963
vw11,2,120,WITH_MAP,63.0,630,19.996177673339844,22.995604324340817,6.6906474358997885,16.30495688844103,16.30495688844103,2.4369774442087704,10.143704414367676,11.665260076522825,1,0.01598711870610714,0.8007683157920837,0.003587581217288971,0.17630693316459656,0.0033501298166811466,2706.276853799821,752.0367671383929,1954.240086661428,2.598596467693448,13.295000000001219,7.143391168152448
vw11,2,120,WITH_MAP,63.5,635,21.372713088989258,24.578620052337644,6.266358174474194,18.31226187786345,18.31226187786345,2.92231330670785,10.148499488830566,11.67077441215515,1,0.013539395295083523,0.8278100490570068,0.00340623059310019,0.1518346220254898,0.0034097800962626934,2730.8554738521584,758.3031253128671,1972.5523485392914,2.6012715531476136,12.11000000000707,7.48045833571814
vw11,2,120,WITH_MAP,64.0,640,23.185853958129883,26.66373205184936,5.554519699471531,21.10921235237783,21.10921235237783,3.8003668173840857,10.034917831420898,11.540155506134033,1,0.011475702747702599,0.855035662651062,0.003379153786227107,0.12639282643795013,0.0037166723050177097,2757.519205904008,763.8576450123386,1993.661560891669,2.6099909766033242,10.515000000010293,7.793082132469863
vw11,2,120,WITH_MAP,64.5,645,22.24376678466797,25.58033180236816,4.88299819838922,20.69733360397894,20.69733360397894,4.23865272176559,9.885223388671875,11.368006896972656,1,0.013603996485471725,0.8453457951545715,0.003690419252961874,0.1335621327161789,0.003797756042331457,2783.099537706376,768.7406432107279,2014.3588944956482,2.6203361462488335,9.366944444448157,8.151751391240396
vw11,2,120,WITH_MAP,65.0,650,20.24064064025879,23.276736736297604,4.329830617414677,18.94690611888293,18.94690611888293,4.375900073937776,9.638263702392578,11.084003257751464,1,0.018243998289108276,0.8254966735839844,0.00418775575235486,0.14823824167251587,0.0038332417607307434,2806.3762744426735,773.0704738281426,2033.305800614531,2.630168748452997,8.301944444448246,8.525342195294797
vw11,2,120,WITH_MAP,65.5,655,16.7791805267334,19.296057605743407,3.8009470771852745,15.495110528558133,15.495110528558133,4.076644639849279,9.117147445678711,10.484719562530517,1,0.03164828568696976,0.7826175093650818,0.0053206440061330795,0.17641805112361908,0.003995469305664301,2825.672332048417,776.8714209053278,2048.8009111430893,2.6372458247408783,7.236944444449808,8.910900215967558
vw11,2,120,WITH_MAP,66.0,660,11.049005508422852,12.706356334686278,3.2971029792489537,9.409253355437325,9.409253355437325,2.8537941989244926,8.310185432434082,9.556713247299193,1,0.07352490723133087,0.7487759590148926,0.007043288089334965,0.16674262285232544,0.003913286607712507,2838.3786883831035,780.1685238845768,2058.210164498527,2.638160988923762,6.306111111115372,8.972479131422006
vw11,2,120,WITH_MAP,66.5,665,0.0,0.0,2.7477118215363108,-2.7477118215363108,2.7477118215363108,-1.0,4.751888275146484,5.4646715164184565,0,0.6130882501602173,0.3237307071685791,0.013027537614107132,0.04598060995340347,0.00417292769998312,2838.3786883831035,782.9162357061131,2055.4624526769903,2.625392550230059,5.003055555569559,8.829834041418508
vw11,2,120,WITH_MAP,67.0,670,0.0,0.0,2.240799035078529,-2.240799035078529,2.240799035078529,-1.0,4.606525421142578,5.297504234313965,0,0.6332104206085205,0.3061556816101074,0.013148260302841663,0.04331386834383011,0.004171827808022499,2838.3786883831035,785.1570347411916,2053.221653641912,2.6150458606267315,4.111944444450879,0.19962746902456274
vw11,2,120,WITH_MAP,67.5,675,0.0,0.0,1.7170900660606416,-1.7170900660606416,1.7170900660606416,-1.0,4.444055557250977,5.110663890838623,0,0.6562903523445129,0.2856085002422333,0.013484052382409573,0.040410611778497696,0.004206487443298101,2838.3786883831035,786.8741248072523,2051.504563575851,2.607157229980557,3.0438888888971514,0.2814819900195289
vw11,2,120,WITH_MAP,68.0,680,0.0,0.0,1.2880163794157486,-1.2880163794157486,1.2880163794157486,-1.0,4.683099746704102,5.385564708709716,0,0.6261827945709229,0.3130847215652466,0.012996205128729343,0.04364834725856781,0.004087911453098059,2838.3786883831035,788.162141186668,2050.2165471964354,2.6012624053593854,2.3730555555566264,0.34420680497714784
vw11,2,120,WITH_MAP,68.5,685,0.0,0.0,0.9596141047773359,-0.9596141047773359,0.9596141047773359,-1.0,5.068513870239258,5.828790950775146,0,0.5703204274177551,0.3615586459636688,0.012672539800405502,0.051370278000831604,0.0040781511925160885,2838.3786883831035,789.1217552914453,2049.256933091658,2.5968830783721186,1.6561111111183267,0.710031510781846
vw11,2,120,WITH_MAP,69.0,690,0.7426738739013672,0.8540749549865722,0.6992666569524907,0.15480829803408147,0.15480829803408147,0.221386643414058,5.733554840087891,6.5935880661010735,1,0.4438585937023163,0.4604148268699646,0.013279728591442108,0.07779724895954132,0.004649552516639233,2839.23276333809,789.8210219483979,2049.411741389692,2.594779936768495,1.1569444444499526,0.696998304585577
vw11,2,120,WITH_MAP,69.5,695,5.576549530029297,6.413031959533691,0.5506402682064424,5.8623916913272485,5.8623916913272485,10.64650013778026,7.306980609893799,8.403027701377868,1,0.17487823963165283,0.6497407555580139,0.011032138019800186,0.15935128927230835,0.004997594747692347,2845.645795297624,790.3716622166042,2055.2741330810195,2.600389451358852,1.0811111111055145,1.5111056396563072
vw11,2,120,WITH_MAP,70.0,700,12.52077865600586,14.398895454406738,0.36024050360763393,14.038654950799103,14.038654950799103,38.97022908365046,8.976383209228516,10.322840690612793,1,0.053250934928655624,0.7185067534446716,0.006167510990053415,0.2183946818113327,0.003680160967633128,2860.0446907520304,790.7319027202119,2069.3127880318184,2.616958770618886,0.588055555557464,2.4128259600838646
vw11,2,120,WITH_MAP,70.5,705,14.800345420837402,17.02039723396301,0.3129571317968076,16.707440102166203,16.707440102166203,53.38571454257119,9.586811065673828,11.024832725524902,1,0.03446793928742409,0.7328915596008301,0.004751420114189386,0.22468893229961395,0.0032001296058297157,2877.0650879859936,791.0448598520087,2086.020228133985,2.6370441602063432,0.533055555555,2.7460741794202477
vw11,2,120,WITH_MAP,71.0,710,15.899548530578613,18.284480810165405,0.21681534640872474,18.06766546375668,18.06766546375668,83.33204158757661,9.788492202758789,11.256766033172607,1,0.029721200466156006,0.7389398813247681,0.00447784224525094,0.22367246448993683,0.003188599133864045,2895.349568796159,791.2616751984174,2104.0878935977416,2.6591555733697314,0.31888888889040284,3.2213305482582655
vw11,2,120,WITH_MAP,71.5,715,15.42508602142334,17.73884892463684,0.1735977810156572,17.565251143621182,17.565251143621182,101.18361560184303,9.484275817871094,10.906917190551757,1,0.03491601720452309,0.7250474095344543,0.005292740650475025,0.23109781742095947,0.0036459651309996843,2913.088417720796,791.4352729794331,2121.6531447413627,2.6807664722273477,0.2919444444452578,4.089510694087949
vw11,2,120,WITH_MAP,72.0,720,17.755229949951172,20.418514442443847,0.11472849741713168,20.303785945026714,20.303785945026714,176.97247329236686,9.933541297912598,11.423572492599487,1,0.02250436320900917,0.7735718488693237,0.004093802534043789,0.19660420715808868,0.0032257915008813143,2933.5069321632395,791.5500014768502,2141.9569306863896,2.7060285852946633,0.15805555555610315,5.090483779611532
vw11,2,120,WITH_MAP,72.5,725,16.57876968383789,19.065585136413574,0.1445983790415176,18.920986757372056,18.920986757372056,130.85199766962393,9.756607055664062,11.220098114013672,1,0.026339935138821602,0.7586148977279663,0.004395914264023304,0.20735351741313934,0.003295657690614462,2952.572517299653,791.6945998558917,2160.8779174437614,2.7294336955653042,0.27388888889040286,5.996744322008453
vw11,2,120,WITH_MAP,73.0,730,15.492254257202148,17.81609239578247,0.2054096184667106,17.61068277731576,17.61068277731576,85.73446028852737,9.628332138061523,11.072581958770751,1,0.03135230392217636,0.731715202331543,0.004819182213395834,0.22868025302886963,0.0034330335911363363,2970.3886096954357,791.9000094743584,2178.4886002210774,2.750964230530946,0.42388888888721393,6.978491454443429
vw11,2,120,WITH_MAP,73.5,735,19.345138549804688,22.24690933227539,0.37579376341612736,21.871115568859263,21.871115568859263,58.19978322695244,10.051963806152344,11.559758377075195,1,0.018007710576057434,0.7936736345291138,0.003769882721826434,0.18118196725845337,0.003366811666637659,2992.635519027711,792.2758032377745,2200.359715789936,2.7772648196471215,0.7450000000068691,6.77157360909041
vw11,2,120,WITH_MAP,74.0,740,23.189701080322266,26.668156242370603,0.766625549547985,25.901530692822618,25.901530692822618,33.78641725167467,10.361037254333496,11.915192842483519,1,0.010445339605212212,0.8533393144607544,0.0028189080767333508,0.13027487695217133,0.0031215595081448555,3019.3036752700814,793.0424287873225,2226.261246482759,2.807241032345567,1.9888888888766003,8.024567846674472
vw11,2,120,WITH_MAP,74.5,745,20.241315841674805,23.277513217926025,1.358466539915603,21.91904667801042,21.91904667801042,16.135139169031117,10.098126411437988,11.612845373153686,1,0.015468996949493885,0.8162012696266174,0.003423989750444889,0.16170836985111237,0.0031974453013390303,3042.5811884880072,794.4008953272381,2248.180293160769,2.830032426177811,3.108055555551843,8.23880149750039
vw11,2,120,WITH_MAP,75.0,750,18.901371002197266,21.736576652526853,1.629778389276773,20.10679826325008,20.10679826325008,12.337136383415068,9.925457954406738,11.414276647567748,1,0.01893949694931507,0.8003561496734619,0.0037539955228567123,0.173638716340065,0.0033115725964307785,3064.317765140534,796.0306737165149,2268.2870914240193,2.849497093917023,4.18194444443607,8.587618881603703
vw11,2,120,WITH_MAP,75.5,755,15.153610229492188,17.426651763916013,2.4343097069882553,14.992342056927757,14.992342056927757,6.158765260594711,9.603632926940918,11.044177865982055,1,0.032506637275218964,0.7257897853851318,0.004758921917527914,0.23358257114887238,0.0033619855530560017,3081.74441690445,798.4649834235032,2283.279433480947,2.8595861820904713,5.123055555550885,8.58907309465576
vw11,2,120,WITH_MAP,76.0,760,17.986928939819336,20.684968280792233,2.8282318589078206,17.856736421884413,17.856736421884413,6.313745588305535,9.866737365722656,11.346747970581054,1,0.022372642531991005,0.7719275951385498,0.004179554525762796,0.19810748100280762,0.0034126569516956806,3102.4293851852426,801.293215282411,2301.1361699028316,2.8717779284975102,5.728055555554855,8.98064293526113
vw11,2,120,WITH_MAP,76.5,765,19.23753547668457,22.123165798187255,3.23632826823234,18.886837529954914,18.886837529954914,5.835884361715498,10.07357406616211,11.584610176086425,1,0.018627166748046875,0.786963701248169,0.0037806525360792875,0.1873408704996109,0.003287630621343851,3124.5525509834297,804.5295435506433,2320.0230074327865,2.8837014451871976,6.746111111105169,9.09132758656051
vw11,2,120,WITH_MAP,77.0,770,22.137813568115234,25.458485603332516,3.6750316143799138,21.7834539889526,21.7834539889526,5.927419482247941,10.323348045349121,11.871850252151487,1,0.011867978610098362,0.8365533947944641,0.0030165647622197866,0.145369753241539,0.0031923381611704826,3150.011036586762,808.2045751650232,2341.806461421739,2.897541703402975,7.608055555549146,9.328267950098962
vw11,2,120,WITH_MAP,77.5,775,20.81504249572754,23.937298870086668,4.021352110056514,19.915946760030153,19.915946760030153,4.952549842682207,10.244868278503418,11.78159852027893,1,0.01425100490450859,0.8148183822631836,0.0033187533263117075,0.1643713265657425,0.003240619320422411,3173.948335456849,812.2259272750798,2361.722408181769,2.907716103209194,8.268055555552221,9.587579343933612
vw11,2,120,WITH_MAP,78.0,780,19.75847625732422,22.72224769592285,4.354868722244575,18.367378973678274,18.367378973678274,4.217665363793425,10.152613639831543,11.675505685806273,1,0.01661735400557518,0.8004395365715027,0.0034870437812060118,0.17627425491809845,0.0031818037386983633,3196.6705831527715,816.5807959973243,2380.089787155447,2.9147021321368984,8.886944444441722,9.748595785466023
vw11,2,120,WITH_MAP,78.5,785,22.814905166625977,26.23714094161987,4.647871688190656,21.589269253429215,21.589269253429215,4.644979616860633,10.312235832214355,11.859071207046508,1,0.01089523732662201,0.848909318447113,0.0029422417283058167,0.13402709364891052,0.003226133296266198,3222.9077240943916,821.228667685515,2401.6790564088765,2.9244949073411868,9.404999999996699,9.73617731325794
vw11,2,120,WITH_MAP,79.0,790,21.381322860717773,24.588521289825437,4.842313297133044,19.74620799269239,19.74620799269239,4.077846017188395,10.238631248474121,11.774425935745239,1,0.013328204862773418,0.8219143748283386,0.0032279554288834333,0.15827739238739014,0.003252011723816395,3247.496245384217,826.070980982648,2421.425264401569,2.931255691273862,9.883055555551755,9.936391666298732
vw11,2,120,WITH_MAP,79.5,795,20.165529251098633,23.190358638763424,5.031628863928748,18.158729774834676,18.158729774834676,3.608916767493092,10.15195369720459,11.674746751785277,1,0.015607811510562897,0.805475115776062,0.003506321692839265,0.17210200428962708,0.003308679908514023,3270.6866040229806,831.1026098465768,2439.583994176404,2.9353583604156364,10.338888888885764,9.371006059809588
vw11,2,120,WITH_MAP,80.0,800,20.15948486328125,23.183407592773435,5.338829412032424,17.84457818074101,17.84457818074101,3.3424140019390145,10.142023086547852,11.663326549530028,1,0.01558452658355236,0.80657559633255,0.003506801789626479,0.1709573119878769,0.0033757418859750032,3293.8700116157543,836.4414392586092,2457.428572357145,2.9379565107813397,10.843888888885788,8.72714169532992
vw11,2,120,WITH_MAP,80.5,805,17.732704162597656,20.392609786987304,5.512564582413301,14.880045204574003,14.880045204574003,2.6992963043091986,9.985588073730469,11.483426284790038,1,0.022456243634223938,0.7573148608207703,0.004163803998380899,0.2126552164554596,0.0034097402822226286,3314.2626214027414,841.9540038410225,2472.308617561719,2.936393919718849,11.15388888888814,9.387728600995615
vw11,2,120,WITH_MAP,81.0,810,19.985746383666992,22.98360834121704,5.719564335269956,17.264044005947085,17.264044005947085,3.0184194099343484,10.184408187866211,11.712069416046141,1,0.015928342938423157,0.7992193102836609,0.003557574236765504,0.17795753479003906,0.0033372477628290653,3337.2462297439583,847.6735681762925,2489.572661567666,2.9369473757731988,11.528888888887616,9.36237174575217
vw11,2,120,WITH_MAP,81.5,815,20.559877395629883,23.643859004974363,5.863496220600794,17.78036278437357,17.78036278437357,3.032382407257991,10.207229614257812,11.738314056396483,1,0.014826984144747257,0.8127861618995667,0.003383195260539651,0.16574814915657043,0.003255663439631462,3360.8900887489326,853.5370643968934,2507.353024352039,2.9376029805146504,11.923055555550048,9.38209830224514
vw11,2,120,WITH_MAP,82.0,820,16.46141815185547,18.93063087463379,6.009482645753795,12.921148228879993,12.921148228879993,2.1501265567361063,9.778801918029785,11.245622205734252,1,0.027538830414414406,0.7324582934379578,0.004601721651852131,0.23193076252937317,0.0034704592544585466,3379.820719623566,859.5465470426471,2520.274172580919,2.932097373030193,12.15999999999542,9.969678989960812
vw11,2,120,WITH_MAP,82.5,825,18.341888427734375,21.09317169189453,6.150780298693176,14.942391393201353,14.942391393201353,2.4293489065730545,9.976304054260254,11.472749662399291,1,0.020447883754968643,0.7726017832756042,0.004043692722916603,0.1994376927614212,0.003468977753072977,3400.9138913154607,865.6973273413403,2535.2165639741206,2.9285253447184285,12.436944444442183,10.001187388203107
vw11,2,120,WITH_MAP,83.0,830,15.085857391357422,17.348736000061034,6.283756610876701,11.064979389184334,11.064979389184334,1.7608860550123318,9.480464935302734,10.902534675598144,1,0.033243656158447266,0.7171254754066467,0.005259246099740267,0.24056550860404968,0.003806166350841522,3418.2626273155215,871.981083952217,2546.2815433633045,2.920110986608095,12.691111111106789,10.285758356563747
vw11,2,120,WITH_MAP,83.5,835,18.459657669067383,21.228606319427488,6.366602912154028,14.862003407273459,14.862003407273459,2.3343694608158247,9.993810653686523,11.492882251739502,1,0.02016386203467846,0.7611901760101318,0.0041498420760035515,0.21088650822639465,0.003609568579122424,3439.491233634949,878.347686864371,2561.143546770578,2.9158653060425874,12.650000000004841,10.280614894931205
vw11,2,120,WITH_MAP,84.0,840,16.97928810119629,19.52618131637573,6.3233179867026825,13.202863329673047,13.202863329673047,2.087964476472221,9.828831672668457,11.303156423568725,1,0.02449161559343338,0.7409693598747253,0.00451263040304184,0.2264147847890854,0.0036115439143031836,3459.0174149513246,884.6710048510737,2574.346410100251,2.9099477613529547,12.60111111110963,10.453930395073257
vw11,2,120,WITH_MAP,84.5,845,16.17786979675293,18.604550266265868,6.243633253638393,12.360917012627475,12.360917012627475,1.9797634663157573,9.703652381896973,11.159200239181517,1,0.02806769497692585,0.7271905541419983,0.004793248139321804,0.23632563650608063,0.0036228999961167574,3477.6219652175905,890.9146381047121,2586.7073271128784,2.9034289217828007,12.4738888888851,10.032481726142578
vw11,2,120,WITH_MAP,85.0,850,15.502878189086914,17.82830991744995,6.096705706525814,11.731604210924136,11.731604210924136,1.9242529942632491,9.559527397155762,10.993456506729125,1,0.03048241324722767,0.727669358253479,0.004900833126157522,0.23336875438690186,0.003578688483685255,3495.4502751350406,897.0113438112379,2598.4389313238025,2.89677376908469,12.08805555555712,9.072107885382138
vw11,2,120,WITH_MAP,85.5,855,12.798975944519043,14.718822336196899,5.931510089786696,8.787312246410202,8.787312246410202,1.4814629181093082,8.94900131225586,10.291351509094238,1,0.04601848125457764,0.7105357050895691,0.006211414001882076,0.2333395928144455,0.003894786350429058,3510.1690974712374,902.9428539010246,2607.226243570213,2.887476469087823,11.686944444446215,8.716439586947672
vw11,2,120,WITH_MAP,86.0,860,14.495627403259277,16.669971513748166,5.77095701367368,10.899014500074486,10.899014500074486,1.8885974153421017,9.390304565429688,10.79885025024414,1,0.035268522799015045,0.7169432044029236,0.005183923989534378,0.23898302018642426,0.0036213980056345463,3526.8390689849857,908.7138109146982,2618.1252580702876,2.8811329008358753,11.368055555555177,8.25056470441632
vw11,2,120,WITH_MAP,86.5,865,14.417415618896484,16.580027961730956,5.573865737831117,11.006162223899839,11.006162223899839,1.9746012447336987,9.388885498046875,10.797218322753906,1,0.035548433661460876,0.716597855091095,0.005254413932561874,0.23895809054374695,0.0036411574110388756,3543.4190969467168,914.2876766525294,2629.1314202941876,2.8756063189216277,11.01694444444624,8.312443449045531
vw11,2,120,WITH_MAP,87.0,870,14.923867225646973,17.162447309494016,5.342212841023809,11.820234468470208,11.820234468470208,2.212610171144907,9.50352668762207,10.92905569076538,1,0.03321661427617073,0.721416711807251,0.005049137864261866,0.23678897321224213,0.00352859147824347,3560.5815442562107,919.6298894935533,2640.951654762657,2.871754914596184,10.583888888888453,8.207766973180696
vw11,2,120,WITH_MAP,87.5,875,14.96084213256836,17.204968452453613,5.105219730284784,12.09974872216883,12.09974872216883,2.3700740343048605,9.463029861450195,10.882484340667723,1,0.03315015509724617,0.7277101874351501,0.00495113804936409,0.23075279593467712,0.0034357141703367233,3577.7865127086643,924.7351092238381,2653.051403484826,2.868985266182467,10.043055555557464,8.477043226128444
vw11,2,120,WITH_MAP,88.0,880,11.449600219726562,13.167040252685545,4.771461855771679,8.395578396913866,8.395578396913866,1.7595400845043674,8.715852737426758,10.023230648040771,1,0.056928183883428574,0.7132761478424072,0.006579441484063864,0.21937914192676544,0.0038370059337466955,3590.95355296135,929.5065710796098,2661.44698188174,2.8632901204673615,9.318055555559816,8.191336389631033
vw11,2,120,WITH_MAP,88.5,885,14.817689895629883,17.040343379974363,4.465373643908517,12.574969736065846,12.574969736065846,2.8161069462171686,9.31411361694336,10.711230659484862,1,0.03599599376320839,0.7214914560317993,0.005376438144594431,0.23336437344551086,0.003771645948290825,3607.993896341324,933.9719447235183,2674.021951617806,2.863064534994561,8.771944444445436,8.185600078315474
vw11,2,120,WITH_MAP,89.0,890,18.44385528564453,21.21043357849121,4.191220265412518,17.01921331307869,17.01921331307869,4.060682148711549,9.975682258605957,11.47203459739685,1,0.020369676873087883,0.77255779504776,0.003990942612290382,0.19966843724250793,0.0034130725543946028,3629.2043299198153,938.1631649889308,2691.0411649308844,2.868414861462436,8.246944444448125,7.639783504186198
vw11,2,120,WITH_MAP,89.5,895,20.727439880371094,23.836555862426756,4.0694328973361635,19.767122965090593,19.767122965090593,4.857463795024137,10.213687896728516,11.745741081237792,1,0.014160164631903172,0.8132937550544739,0.003358284244313836,0.16591498255729675,0.0032727366778999567,3653.040885782242,942.232597886267,2710.8082878959754,2.877005416685006,8.101944444441724,7.631923235021532
vw11,2,120,WITH_MAP,90.0,900,19.46963882446289,22.390084648132323,4.005084911615665,18.384999736516658,18.384999736516658,4.590414471162881,10.068336486816406,11.578586959838866,1,0.017028039321303368,0.7987247109413147,0.003625402459874749,0.1773071587085724,0.0033146748319268227,3675.4309704303746,946.2376827978826,2729.193287632492,2.8842576630035253,8.086944444443697,8.02792899205815
vw11,2,120,WITH_MAP,90.5,905,17.903396606445312,20.588906097412107,4.077367624047249,16.51153847336486,16.51153847336486,4.0495584396128805,9.897359848022461,11.38196382522583,1,0.021644460037350655,0.7662286162376404,0.004190689418464899,0.2044135183095932,0.0035227173939347267,3696.019876527787,950.3150504219299,2745.704826105857,2.8892574361384606,8.371944444441692,8.034471586579457
vw11,2,120,WITH_MAP,91.0,910,19.075788497924805,21.937156772613523,4.273114387942824,17.6640423846707,17.6640423846707,4.133763054532827,9.925579071044922,11.41441593170166,1,0.01888434588909149,0.7908730506896973,0.003938465844839811,0.18277420103549957,0.0035299230366945267,3717.9570333004003,954.5881648098726,2763.368868490528,2.894828335778617,8.8161111111076,7.762443822924979
vw11,2,120,WITH_MAP,91.5,915,21.757543563842773,25.02117509841919,4.622235668071022,20.398939430348165,20.398939430348165,4.413219250428476,10.25624942779541,11.79468684196472,1,0.012381584383547306,0.8338383436203003,0.0031290831975638866,0.14740397036075592,0.003246992826461792,3742.9782083988193,959.2104004779436,2783.767807920876,2.9021451461887966,9.491944444440362,8.346319173811935
vw11,2,120,WITH_MAP,92.0,920,22.569211959838867,25.954593753814695,5.004699249357305,20.94989450445739,20.94989450445739,4.186044647367719,10.310826301574707,11.857450246810911,1,0.011084888130426407,0.8470394015312195,0.0029662533197551966,0.13567523658275604,0.003234241856262088,3768.932802152634,964.2150997273009,2804.7177024253333,2.9088091476876508,10.253055555552747,8.837038187775761
vw11,2,120,WITH_MAP,92.5,925,22.135147094726562,25.455419158935545,5.3703415006832484,20.085077658252295,20.085077658252295,3.7400000829922915,10.262500762939453,11.80187587738037,1,0.011804845184087753,0.8394904732704163,0.003119604429230094,0.1422797292470932,0.0033052393700927496,3794.3882213115694,969.5854412279841,2824.8027800835853,2.913412949462154,11.036111111106496,9.342416823259555
vw11,2,120,WITH_MAP,93.0,930,20.24103546142578,23.277190780639646,5.798040545471551,17.479150235168095,17.479150235168095,3.0146650576322465,10.143598556518555,11.665138339996338,1,0.015422738157212734,0.8124094009399414,0.003511386225000024,0.1653602123260498,0.0032963023986667395,3817.665412092209,975.3834817734556,2842.2819303187534,2.9140148294810952,11.853888888887761,10.369108587037772
vw11,2,120,WITH_MAP,93.5,935,19.352630615234375,22.25552520751953,6.201152876689059,16.05437233083047,16.05437233083047,2.5889334854460606,9.918660163879395,11.406459188461303,1,0.017874008044600487,0.807867705821991,0.0037582702934741974,0.16710810363292694,0.0033920062705874443,3839.9209372997284,981.5846346501447,2858.3363026495836,2.9119611307570525,12.653055555553697,11.331028158427216
vw11,2,120,WITH_MAP,94.0,940,16.819366455078125,19.34227142333984,6.555673631880712,12.78659779145913,12.78659779145913,1.9504628371487236,9.845267295837402,11.322057390213011,1,0.02539181336760521,0.753896176815033,0.004294448532164097,0.21311013400554657,0.00330747221596539,3859.263208723068,988.1403082820254,2871.1229004410425,2.9055822097094275,13.356111111107367,11.881791640305892
vw11,2,120,WITH_MAP,94.5,945,15.71269416809082,18.06959829330444,6.882223373529209,11.187374919775232,11.187374919775232,1.6255466166362367,9.633843421936035,11.07891993522644,1,0.030549736693501472,0.7255785465240479,0.0048837000504136086,0.23542380332946777,0.0035641256254166365,3877.3328070163725,995.0225316555546,2882.3102753608177,2.896728650521235,13.938055555553582,11.26106426876504
vw11,2,120,WITH_MAP,95.0,950,18.88265609741211,21.715054512023926,7.223506268464136,14.49154824355979,14.49154824355979,2.0061653863063635,9.961751937866211,11.456014728546142,1,0.0189216211438179,0.7883867025375366,0.0039032399654388428,0.18535862863063812,0.003429852658882737,3899.0478615283964,1002.2460379240188,2896.8018236043777,2.890310077558009,14.626944444443751,11.963932581362315
vw11,2,120,WITH_MAP,95.5,955,16.177846908569336,18.604523944854733,7.509039556535843,11.09548438831889,11.09548438831889,1.4776169848061884,9.673673629760742,11.124724674224852,1,0.027839111164212227,0.7406293153762817,0.004559452645480633,0.22353734076023102,0.0034347204491496086,3917.6523854732513,1009.7550774805546,2907.897307992697,2.879804591077875,15.27999999999641,11.12176294310484
vw11,2,120,WITH_MAP,96.0,960,16.26654052734375,18.70652160644531,7.826584421464219,10.879937184981092,10.879937184981092,1.3901258325589803,9.723525047302246,11.182053804397583,1,0.02756369113922119,0.7408024072647095,0.004516614135354757,0.2237185835838318,0.0033987327478826046,3936.3589070796966,1017.5816619020188,2918.7772451776777,2.8683469390771332,15.958055555549144,11.153841939521953
vw11,2,120,WITH_MAP,96.5,965,13.774332046508789,15.840481853485107,8.04206174208621,7.798420111398897,7.798420111398897,0.9697040835421256,9.219615936279297,10.60255832672119,1,0.04145680367946625,0.7095991969108582,0.005558039527386427,0.23973451554775238,0.0036514755338430405,3952.1993889331816,1025.623723644105,2926.575665289077,2.8534594099391257,16.326111111111192,10.747722900356166
vw11,2,120,WITH_MAP,97.0,970,18.679746627807617,21.481708621978758,8.165348950822498,13.31635967115626,13.31635967115626,1.6308377941171637,10.075750350952148,11.587112903594969,1,0.019854392856359482,0.7773501873016357,0.0038032953161746264,0.19576263427734375,0.0032296269200742245,3973.6810975551602,1033.7890725949276,2939.8920249602324,2.8438025733632206,16.41194444444056,10.428878513746895
vw11,2,120,WITH_MAP,97.5,975,15.91480541229248,18.302026224136352,8.156729847984055,10.145296376152297,10.145296376152297,1.2437945800864936,9.780299186706543,11.247344064712523,1,0.02941400557756424,0.7318724989891052,0.004513364285230637,0.2309521585702896,0.003247899701818824,3991.9831237792964,1041.9458024429116,2950.0373213363846,2.8312771301730137,16.353055555555645,11.221750089665875
vw11,2,120,WITH_MAP,98.0,980,17.083084106445312,19.645546722412107,8.155115474646678,11.490431247765429,11.490431247765429,1.4089844936577374,9.864286422729492,11.343929386138916,1,0.02494395337998867,0.7560967206954956,0.004258462227880955,0.2114212065935135,0.0032796531450003386,4011.6286705017087,1050.1009179175583,2961.52775258415,2.820231562559833,16.353888888890403,11.151132572675124
vw11,2,120,WITH_MAP,98.5,985,15.992305755615234,18.39115161895752,8.232933067435402,10.158218551522117,10.158218551522117,1.233851710965804,9.70742416381836,11.163537788391112,1,0.029199011623859406,0.7432875037193298,0.004501177929341793,0.21971531212329865,0.003297022543847561,4030.019822120666,1058.3338509849937,2971.6859711356724,2.807890882796499,16.624999999997502,10.221826135879382
vw11,2,120,WITH_MAP,99.0,990,13.93911361694336,16.029980659484863,8.357645350412058,7.672335309072805,7.672335309072805,0.9180020193958738,9.381295204162598,10.788489484786986,1,0.039018139243125916,0.7108517289161682,0.005250782240182161,0.2413996309041977,0.0034796723630279303,4046.049802780151,1066.6914963354056,2979.3583064447453,2.7930833954149468,16.833888888886715,10.650470175547525
vw11,2,120,WITH_MAP,99.5,995,13.983434677124023,16.080949878692625,8.515876295919462,7.565073582773163,7.565073582773163,0.8883493982173164,9.407516479492188,10.818643951416014,1,0.0390067882835865,0.7131016850471497,0.005245190113782883,0.23920269310474396,0.003443684196099639,4062.1307526588434,1075.2073726313251,2986.9233800275183,2.777997487794102,17.196944444445347,10.04257091099862
vw11,2,120,WITH_MAP,100.0,1000,15.823081016540527,18.196543169021606,8.665254500719229,9.531288668302377,9.531288668302377,1.0999433043208675,9.675029754638672,11.126284217834472,1,0.029635613784193993,0.7347124218940735,0.0047620078548789024,0.22742579877376556,0.003464127192273736,4080.327295827865,1083.8726271320443,2996.4546686958206,2.764581920132552,17.57805555555014,10.110381746082567
vw11,2,120,WITH_MAP,100.5,1005,14.942301750183105,17.18364701271057,8.795964962091213,8.387682050619356,8.387682050619356,0.9535829311245017,9.485858917236328,10.908737754821777,1,0.03367757424712181,0.7246137261390686,0.005110117606818676,0.23300276696681976,0.0035958504304289818,4097.510942840576,1092.6685920941354,3004.8423507464404,2.750003406785548,17.73888888889026,10.705818716087379
vw11,2,120,WITH_MAP,101.0,1010,16.017616271972656,18.420258712768554,8.967093870246895,9.453164842521659,9.453164842521659,1.0542060760496288,9.724444389343262,11.18311104774475,1,0.02903483435511589,0.7325754165649414,0.004657744895666838,0.23028820753097534,0.003443892812356353,4115.931201553344,1101.6356859643822,3014.295515588962,2.73619995611364,18.138888888885152,9.751253594411537
vw11,2,120,WITH_MAP,101.5,1015,17.7967586517334,20.466272449493406,9.057324881711793,11.408947567781613,11.408947567781613,1.2596376652910097,9.804346084594727,11.274997997283934,1,0.02322802133858204,0.77933269739151,0.0040798550471663475,0.19001604616641998,0.0033433297649025917,4136.397474002838,1110.693010846094,3025.704463156744,2.7241590913152947,18.173888888888545,10.000337788602337
vw11,2,120,WITH_MAP,102.0,1020,16.17285919189453,18.598788070678708,9.111946898351828,9.48684117232688,9.48684117232688,1.0411431583345665,9.652633666992188,11.100528717041016,1,0.030041467398405075,0.7365711331367493,0.004698695614933968,0.22526229918003082,0.003426489420235157,4154.996262073517,1119.8049577444458,3035.191304329071,2.7104642494552533,18.363888888885356,10.250215858104639
vw11,2,120,WITH_MAP,102.5,1025,15.298919677734375,17.59375762939453,9.177704471830292,8.416053157564239,8.416053157564239,0.917010695146718,9.484489440917969,10.907162857055663,1,0.03384316712617874,0.7221628427505493,0.005172166042029858,0.23520544171333313,0.003616277826949954,4172.590019702911,1128.9826622162761,3043.607357486635,2.6958849407942274,18.42999999999916,10.253532155766152
vw11,2,120,WITH_MAP,103.0,1030,19.740188598632812,22.701216888427734,9.273790772582364,13.42742611584537,13.42742611584537,1.447889697440995,10.091483116149902,11.605205583572387,1,0.017234699800610542,0.7973980903625488,0.0037224572151899338,0.17827166616916656,0.0033731500152498484,4195.291236591339,1138.2564529888584,3057.0347836024803,2.685717068043192,18.593888888889357,9.784832475357689
vw11,2,120,WITH_MAP,103.5,1035,18.361190795898438,21.1153694152832,9.232628904990525,11.882740510292676,11.882740510292676,1.2870375959624762,9.97461223602295,11.470804071426391,1,0.019957121461629868,0.7793965935707092,0.004028875380754471,0.19321031868457794,0.003407045966014266,4216.4066060066225,1147.489081893849,3068.917524112773,2.6744633761985286,18.38500000000551,10.47050232021138
vw11,2,120,WITH_MAP,104.0,1040,19.37424087524414,22.28037700653076,9.244430277815425,13.035946728715334,13.035946728715334,1.4101406292174332,10.1037015914917,11.619256830215454,1,0.017483476549386978,0.7954744100570679,0.0037171656731516123,0.18001075088977814,0.00331413047388196,4238.686983013154,1156.7335121716644,3081.9534708414894,2.664359109865673,18.513055555555173,10.302883051568642
vw11,2,120,WITH_MAP,104.5,1045,20.2607364654541,23.299846935272214,9.294446278732028,14.005400656540186,14.005400656540186,1.5068569161121492,10.1520357131958,11.67484107017517,1,0.015676992014050484,0.8069934248924255,0.0035370474215596914,0.1704634428024292,0.0033289999701082706,4261.986829948426,1166.0279584503965,3095.9588714980296,2.6551326227309615,18.70694444444245,11.023812747444026
vw11,2,120,WITH_MAP,105.0,1050,17.1527099609375,19.725616455078125,9.38850854053882,10.337107914539304,10.337107914539304,1.1010383459635265,9.869014739990234,11.349366950988768,1,0.024904003366827965,0.7525486350059509,0.004294241778552532,0.21493105590343475,0.003321997821331024,4281.712446403504,1175.4164669909353,3106.295979412569,2.642719467223973,18.901944444441167,11.316376763861626
vw11,2,120,WITH_MAP,105.5,1055,18.219146728515625,20.95201873779297,9.530882343201666,11.421136394591302,11.421136394591302,1.198329386862901,9.894905090332031,11.379140853881836,1,0.021471410989761353,0.7838709354400635,0.0038959605153650045,0.18749834597110748,0.0032633126247674227,4302.664465141297,1184.947349334137,3117.71711580716,2.6311018101851644,19.171944444442993,11.558419987210073
vw11,2,120,WITH_MAP,106.0,1060,14.29067611694336,16.434277534484863,9.564346539677986,6.869930994806877,6.869930994806877,0.7182854538265376,9.526148796081543,10.955071115493773,1,0.037409812211990356,0.708044707775116,0.005022637080401182,0.24616561830043793,0.0033572306856513023,4319.098742675782,1194.511695873815,3124.587046801967,2.6157860635397583,19.153888888890513,11.015949370223098
vw11,2,120,WITH_MAP,106.5,1065,15.077646255493164,17.339293193817138,9.61375449315634,7.725538700660797,7.725538700660797,0.8035922600437019,9.506532669067383,10.93251256942749,1,0.03515848517417908,0.7145956754684448,0.005218110978603363,0.24139510095119476,0.003632577136158943,4336.438035869599,1204.1254503669713,3132.3125855026274,2.6013174827822287,19.251111111112095,10.837756251683459
vw11,2,120,WITH_MAP,107.0,1070,18.661087036132812,21.460250091552734,9.666745657977753,11.79350443357498,11.79350443357498,1.2200077307135997,9.940356254577637,11.431409692764282,1,0.020657379180192947,0.7770880460739136,0.004108245950192213,0.19466136395931244,0.0034849392250180244,4357.8982859611515,1213.7921960249491,3144.1060899362024,2.590316612870673,19.450000000000465,10.561997739947401
vw11,2,120,WITH_MAP,107.5,1075,19.979629516601562,22.976573944091797,9.727445476626436,13.249128467465361,13.249128467465361,1.3620357471343316,10.171278953552246,11.696970796585083,1,0.01600540243089199,0.8035557866096497,0.0034884903579950333,0.17373572289943695,0.0032145893201231956,4380.874859905243,1223.5196415015755,3157.355218403668,2.5805513138544924,19.48194444444352,10.599852169048972
vw11,2,120,WITH_MAP,108.0,1080,24.465839385986328,28.135715293884275,9.72680365614039,18.408911637743884,18.408911637743884,1.8925961999986094,10.35526180267334,11.90855107307434,1,0.009246756322681904,0.8710008263587952,0.00266920099966228,0.11403267830610275,0.0030504490714520216,4409.010575199128,1233.246445157716,3175.7641300414116,2.5751253064713056,19.518888888885698,10.701020098640583
vw11,2,120,WITH_MAP,108.5,1085,22.63128662109375,26.02597961425781,9.844139954446893,16.18183965981092,16.18183965981092,1.6438043074043351,10.297942161560059,11.842633485794066,1,0.011450409889221191,0.8436121940612793,0.0029612104408442974,0.13879403471946716,0.0031822335440665483,4435.036554813386,1243.090585112163,3191.945969701223,2.5677500963561855,19.81999999999777,11.650321012362838
vw11,2,120,WITH_MAP,109.0,1090,22.944332122802734,26.385981941223143,9.986929664264084,16.39905227695906,16.39905227695906,1.6420514440628609,10.33273983001709,11.882650804519653,1,0.01064039021730423,0.8542312383651733,0.0027875935193151236,0.1292743980884552,0.0030664713121950626,4461.422536754609,1253.077514776427,3208.3450219781816,2.5603723505888714,20.17805555555031,12.012667026603594
vw11,2,120,WITH_MAP,109.5,1095,21.46951675415039,24.689944267272946,10.151117780071175,14.53882648720177,14.53882648720177,1.4322389713322616,10.198046684265137,11.727753686904906,1,0.013131331652402878,0.835734486579895,0.003119278699159622,0.1448492556810379,0.003165616886690259,4486.112481021882,1263.2286325564983,3222.8838484653834,2.5513068382110466,20.434999999998087,12.525410238537006
vw11,2,120,WITH_MAP,110.0,1100,17.143878936767578,19.715460777282715,10.33468950191347,9.380771275369245,9.380771275369245,0.9076974468978863,9.920467376708984,11.408537483215332,1,0.024809177964925766,0.7522110342979431,0.0042377859354019165,0.2154826670885086,0.003259316785261035,4505.827941799164,1273.5633220584118,3232.2646197407526,2.537969305300475,20.755000000000493,12.73777936922852
vw11,2,120,WITH_MAP,110.5,1105,17.820016860961914,20.4930193901062,10.467668892218294,10.025350497887905,10.025350497887905,0.9577443269475967,9.971137046813965,11.46680760383606,1,0.022738808766007423,0.7621681094169617,0.004158435855060816,0.20761485397815704,0.0033197542652487755,4526.320961189271,1284.0309909506302,3242.2899702386403,2.5250870057569377,21.108888888883506,12.189397184178233
vw11,2,120,WITH_MAP,111.0,1110,16.521589279174805,18.999827671051023,10.532495389387591,8.467332281663431,8.467332281663431,0.8039246131733423,9.85109806060791,11.328762769699097,1,0.027550721541047096,0.7361289262771606,0.004454584792256355,0.22857403755187988,0.003291686763986945,4545.320788860322,1294.5634863400178,3250.757302520304,2.5110837257667646,21.0738888888922,11.973893032060005
vw11,2,120,WITH_MAP,111.5,1115,16.603946685791016,19.094538688659668,10.60101567599257,8.493523012667097,8.493523012667097,0.8011989862350478,9.833480834960938,11.308502960205077,1,0.027344606816768646,0.7429576516151428,0.004417882766574621,0.22200769186019897,0.003272143192589283,4564.415327548982,1305.1645020160104,3259.2508255329712,2.4971954267056753,21.36111111110691,11.1206638594158
vw11,2,120,WITH_MAP,112.0,1120,17.11077117919922,19.6773868560791,10.713973506892824,8.963413349186276,8.963413349186276,0.8366096241902851,9.934426307678223,11.424590253829955,1,0.025330020114779472,0.7456938624382019,0.004280918277800083,0.22142191231250763,0.0032731147948652506,4584.092714405061,1315.8784755229033,3268.2142388821576,2.483674822314755,21.500000000001798,10.32639317761641
vw11,2,120,WITH_MAP,112.5,1125,16.804445266723633,19.325112056732177,10.851838719918346,8.47327333681383,8.47327333681383,0.7808145288098778,9.826634407043457,11.300629568099975,1,0.02707356959581375,0.7402253150939941,0.0045257629826664925,0.22476886212825775,0.0034065155778080225,4603.417826461793,1326.7303142428216,3276.6875122189713,2.469746471489204,21.81611111111079,9.891304414486513
vw11,2,120,WITH_MAP,113.0,1130,19.308176040649414,22.204402446746826,10.970304675547874,11.234097771198952,11.234097771198952,1.024046104775837,10.090561866760254,11.60414614677429,1,0.018493281677365303,0.7881877422332764,0.003845065599307418,0.1861310750246048,0.0033428899478167295,4625.62222890854,1337.7006189183694,3287.9216099901705,2.4578904752609745,22.056944444447,7.950586059130728
vw11,2,120,WITH_MAP,113.5,1135,23.60008430480957,27.140096950531003,11.135446755213206,16.004650195317797,16.004650195317797,1.4372705960652195,10.21069622039795,11.74230065345764,1,0.010725447908043861,0.8578166365623474,0.003050836268812418,0.12501555681228638,0.0033915883395820856,4652.762325859071,1348.8360656735827,3303.9262601854884,2.449464649016166,22.433055555555793,8.076107240165584
vw11,2,120,WITH_MAP,114.0,1140,22.12881851196289,25.448141288757324,11.174121483357844,14.27401980539948,14.27401980539948,1.2774176320401083,10.1947660446167,11.723980951309203,1,0.012408174574375153,0.8442327976226807,0.003146268194541335,0.13695447146892548,0.003258355427533388,4678.210467147828,1360.0101871569404,3318.200279990888,2.439834871330989,22.7738888888813,8.483437448274344
vw11,2,120,WITH_MAP,114.5,1145,22.627450942993164,26.021568584442136,11.397412553455542,14.624156030986594,14.624156030986594,1.2831119310981463,10.23076057434082,11.765374660491942,1,0.01131024956703186,0.8522855043411255,0.0029987504240125418,0.1301468461751938,0.0032587049063295126,4704.232035732271,1371.407599710396,3332.8244360218746,2.4302216472518285,22.98388888888376,8.929395131068304
vw11,2,120,WITH_MAP,115.0,1150,20.665300369262695,23.7650954246521,11.523369059600835,12.241726365051264,12.241726365051264,1.062339173703017,10.157477378845215,11.681098985671996,1,0.014760812744498253,0.8170125484466553,0.003463966306298971,0.16140849888324738,0.0033541799057275057,4727.9971311569225,1382.9309687699968,3345.0661623869255,2.4188236708315864,23.309999999990488,9.215560835786164
vw11,2,120,WITH_MAP,115.5,1155,17.459171295166016,20.078046989440917,11.635388212932947,8.44265877650797,8.44265877650797,0.7256018125053878,9.824172019958496,11.297797822952269,1,0.02369094081223011,0.7614172101020813,0.004391854628920555,0.20704211294651031,0.003457986284047365,4748.075178146363,1394.5663569829296,3353.508821163434,2.4046964881746984,23.361944444444354,8.927843753714114
vw11,2,120,WITH_MAP,116.0,1160,18.487380981445312,21.260488128662107,11.630617965149193,9.629870163512914,9.629870163512914,0.8279757956428917,9.928988456726074,11.418336725234985,1,0.020242493599653244,0.7867235541343689,0.003941497765481472,0.18577872216701508,0.0033138045109808445,4769.335666275026,1406.1969749480788,3363.138691326947,2.3916554730542816,23.238888888891477,8.746917968499474
vw11,2,120,WITH_MAP,116.5,1165,17.876544952392578,20.558026695251463,11.578040006961228,8.979986688290236,8.979986688290236,0.7756050836662399,9.886859893798828,11.369888877868652,1,0.022481711581349373,0.769760251045227,0.0042008585296571255,0.20016059279441833,0.003396472195163369,4789.893692970277,1417.77501495504,3372.1186780152366,2.378458247920367,23.056111111117172,8.666813971241936
vw11,2,120,WITH_MAP,117.0,1170,19.344911575317383,22.24664831161499,11.56355630014705,10.68309201146794,10.68309201146794,0.9238586931368238,9.877725601196289,11.359384441375731,1,0.0190933495759964,0.7975490093231201,0.0039771501906216145,0.17587044835090637,0.0035098663065582514,4812.140341281892,1429.338571255187,3382.8017700267046,2.366690326600552,23.108055555558188,8.310093187144957
vw11,2,120,WITH_MAP,117.5,1175,21.02651023864746,24.180486774444578,11.504851731981622,12.675635042462956,12.675635042462956,1.1017643110711932,10.1079740524292,11.624170160293579,1,0.014610286802053452,0.8238018155097961,0.003428805386647582,0.15482394397258759,0.0033351643942296505,4836.320828056337,1440.8434229871687,3395.477405069168,2.356590140814632,23.034999999997712,7.990875853924081
vw11,2,120,WITH_MAP,118.0,1180,21.067590713500977,24.22772932052612,11.426575652705472,12.801153667820648,12.801153667820648,1.120296583761708,10.19448471069336,11.723657417297362,1,0.013850675895810127,0.8282831907272339,0.003221241757273674,0.15147583186626434,0.003169062314555049,4860.548557376863,1452.269998639874,3408.278558736989,2.3468628849518463,22.873055555556537,7.677806796506047
vw11,2,120,WITH_MAP,118.5,1185,24.218036651611328,27.850742149353025,11.343773931799323,16.506968217553702,16.506968217553702,1.4551566627470163,10.302227973937988,11.847562170028686,1,0.009650027379393578,0.8680487871170044,0.0027937237173318863,0.11632277071475983,0.0031847446225583553,4888.399299526216,1463.6137725716735,3424.7855269545425,2.3399516943168353,22.754999999998756,7.496160584734753
vw11,2,120,WITH_MAP,119.0,1190,22.611225128173828,26.0029088973999,11.32068028830649,14.682228609093412,14.682228609093412,1.296938720569574,10.257060050964355,11.795619058609008,1,0.011556323617696762,0.8475042581558228,0.0030621562618762255,0.13460701704025269,0.003270290791988373,4914.402208423616,1474.93445285998,3439.467755563636,2.3319461748922583,22.73111111111169,7.512165461783297
vw11,2,120,WITH_MAP,119.5,1195,21.80005645751953,25.07006492614746,11.321968305389357,13.748096620758103,13.748096620758103,1.2142850297694163,10.22075080871582,11.753863430023193,1,0.012727996334433556,0.8375532031059265,0.0031829033978283405,0.14327673614025116,0.003259118879213929,4939.472273349763,1486.2564211653694,3453.2158521843935,2.3234320827873947,22.696944444444828,7.656584088224918
vw11,3,60,WITHOUT_MAP,2.0,20,20.51563262939453,23.592977523803707,9.851988186090782,13.740989337712925,13.740989337712925,1.3947427745714014,10.205963134765625,11.736857604980468,1,0.014751727692782879,0.8120541572570801,0.0033921157009899616,0.16652266681194305,0.003279309254139662,23.592977523803707,9.851988186090782,13.740989337712925,1.3947427745714014,19.373888888881865,17.104260976659134
vw11,3,60,WITHOUT_MAP,2.5,25,17.264272689819336,19.853913593292233,9.3203008694231,10.533612723869133,10.533612723869133,1.1301794728994767,9.84996223449707,11.32745656967163,1,0.023968957364559174,0.757206380367279,0.004372371826320887,0.2110414057970047,0.003410785226151347,43.446891117095944,19.172289055513883,24.274602061582062,1.2661295681123048,18.281944444437475,15.35129436897114
vw11,3,60,WITHOUT_MAP,3.0,30,16.431764602661133,18.8965292930603,8.76035525862838,10.13617403443192,10.13617403443192,1.1570505687481623,9.673406600952148,11.12441759109497,1,0.026294872164726257,0.7528828978538513,0.004578666295856237,0.21277973055839539,0.003463837318122387,62.34342041015624,27.932644314142262,34.410776096013976,1.2319197462659073,17.141111111103427,14.154868730111048
vw11,3,60,WITHOUT_MAP,3.5,35,14.818902969360352,17.041738414764403,8.133752401354378,8.907986013410024,8.907986013410024,1.0951877526941594,9.403347969055176,10.813850164413452,1,0.033411528915166855,0.7301901578903198,0.005126580595970154,0.2277110069990158,0.003560796147212386,79.38515882492064,36.06639671549664,43.318762109424,1.2010837248626847,15.753055555549023,12.877635314245708
vw11,3,60,WITHOUT_MAP,4.0,40,13.259273529052734,15.248164558410643,7.456587012628393,7.79157754578225,7.79157754578225,1.0449254508244215,9.06197452545166,10.421270704269409,1,0.04188624396920204,0.7221490740776062,0.005757076200097799,0.22651250660419464,0.003695107763633132,94.63332338333129,43.52298372812503,51.11033965520626,1.1743298661341135,14.493055555553601,13.014869737555273
vw11,3,60,WITHOUT_MAP,4.5,45,13.032852172851562,14.987779998779295,6.958060110232128,8.029719888547167,8.029719888547167,1.1540170336756816,9.058343887329102,10.417095470428466,1,0.04341860115528107,0.7183944582939148,0.005749134346842766,0.22877201437950134,0.0036657860036939383,109.62110338211059,50.48104383835715,59.14005954375344,1.1715300446861379,13.62805555554666,14.054993662284687
vw11,3,60,WITHOUT_MAP,5.0,50,14.208559036254883,16.339842891693113,6.461322144859123,9.87852074683399,9.87852074683399,1.5288698698754282,9.351920127868652,10.75470814704895,1,0.037301234900951385,0.7095527648925781,0.005366706755012274,0.24408115446567535,0.0036981503944844007,125.9609462738037,56.94236598321628,69.01858029058742,1.2120778457103556,12.674999999994771,16.47438071598299
vw11,3,60,WITHOUT_MAP,5.5,55,15.703493118286133,18.05901708602905,6.011136445819085,12.047880640209966,12.047880640209966,2.004260051123878,9.730873107910156,11.19050407409668,1,0.030422788113355637,0.7204194068908691,0.004727316088974476,0.24101375043392181,0.003416762687265873,144.01996335983276,62.95350242903536,81.0664609307974,1.2877196312020918,11.633055555550111,17.675150781637058
vw11,3,60,WITHOUT_MAP,6.0,60,15.781920433044434,18.149208498001098,5.473621475958696,12.675587022042402,12.675587022042402,2.315758785607712,9.762042999267578,11.226349449157714,1,0.029799407348036766,0.7230910062789917,0.00460020313039422,0.23915427923202515,0.0033550551161170006,162.16917185783385,68.42712390499406,93.74204795283978,1.3699545239252435,10.54499999999285,19.10147073608823
vw11,3,60,WITHOUT_MAP,6.5,65,15.545422554016113,17.877235937118527,4.875714439451751,13.001521497666776,13.001521497666776,2.6665879757980107,9.750496864318848,11.213071393966674,1,0.030597448348999023,0.7188772559165955,0.0045919110998511314,0.2426062971353531,0.003327110083773732,180.04640779495236,73.30283834444582,106.74356945050654,1.4561996760469855,9.458055555558389,20.069166369037703
vw11,3,60,WITHOUT_MAP,7.0,70,14.604589462280273,16.79527788162231,4.720170226286186,12.075107655336126,12.075107655336126,2.5581932592369196,9.602871894836426,11.043302679061888,1,0.034635595977306366,0.7105242013931274,0.004809070844203234,0.2466803938150406,0.003350665792822838,196.84168567657468,78.023008570732,118.81867710584268,1.5228671552459714,9.45499999999817,21.347317738924176
vw11,3,60,WITHOUT_MAP,7.5,75,13.732730865478516,15.792640495300292,4.682732122224579,11.109908373075713,11.109908373075713,2.3725269955860386,9.441473007202148,10.85769395828247,1,0.03981791064143181,0.7008565664291382,0.005137360654771328,0.25077390670776367,0.0034143244847655296,212.634326171875,82.70574069295658,129.92858547891842,1.5709742079606748,9.388888888887386,21.934025812894106
vw11,3,60,WITHOUT_MAP,8.0,80,12.330669403076172,14.180269813537597,4.662337674217264,9.517932139320333,9.517932139320333,2.0414506207807546,9.13112735748291,10.500796461105345,1,0.050497010350227356,0.6964485049247742,0.005866597406566143,0.24363721907138824,0.0035507488064467907,226.81459598541258,87.36807836717385,139.44651761823872,1.5960808595583338,9.398888888885876,22.160428874427453
vw11,3,60,WITHOUT_MAP,8.5,85,12.624832153320312,14.518556976318358,4.683578389582931,9.834978586735428,9.834978586735428,2.099885550887774,9.208613395690918,10.589905405044554,1,0.04785480350255966,0.7050087451934814,0.005516438744962215,0.23827405273914337,0.003345857374370098,241.33315296173095,92.05165675675678,149.28149620497416,1.6217143880358957,9.52999999999997,22.147826705360785
vw11,3,60,WITHOUT_MAP,9.0,90,14.100496292114258,16.215570735931394,4.779169274701191,11.436401461230203,11.436401461230203,2.3929684855000755,9.574810981750488,11.01103262901306,1,0.03801606968045235,0.7017795443534851,0.004859008360654116,0.2521047592163086,0.003240634687244892,257.54872369766235,96.83082603145797,160.71789766620438,1.65978030192566,9.638888888891763,21.713129337411374
vw11,3,60,WITHOUT_MAP,9.5,95,13.748361587524414,15.810615825653075,4.883539101790169,10.927076723862907,10.927076723862907,2.237532350228822,9.435274124145508,10.850565242767333,1,0.04131872206926346,0.6939074993133545,0.0052583785727620125,0.256075918674469,0.0034395260736346245,273.35933952331544,101.71436513324814,171.64497439006732,1.6875194980100254,9.933055555553693,21.28109357925132
vw11,3,60,WITHOUT_MAP,10.0,100,14.413982391357422,16.576079750061034,4.932627101430012,11.643452648631023,11.643452648631023,2.3604972379232727,9.561781883239746,10.996049165725708,1,0.03718709200620651,0.7036991119384766,0.004924102686345577,0.25087639689445496,0.0033132752869278193,289.93541927337645,106.64699223467815,183.2884270386983,1.718646003962021,9.9238888888899,20.385310284793377
vw11,3,60,WITHOUT_MAP,10.5,105,14.63346004486084,16.828479051589966,4.932745318602147,11.895733732987818,11.895733732987818,2.411584820348856,9.55299186706543,10.985940647125243,1,0.03517512232065201,0.719429612159729,0.00470579881221056,0.2374875545501709,0.0032019643113017082,306.7638983249664,111.5797375532803,195.18416077168612,1.7492796187881692,9.808888888886672,20.01253236620687
vw11,3,60,WITHOUT_MAP,11.0,110,13.401656150817871,15.41190457344055,4.898793722333613,10.513110851106937,10.513110851106937,2.1460611421905025,9.228772163391113,10.61308798789978,1,0.04422173276543617,0.7109320163726807,0.0055162045173347,0.23587436974048615,0.0034557338804006577,322.17580289840697,116.4785312756139,205.69727162279307,1.765967250531928,9.81194444444208,19.376587660517544
vw11,3,60,WITHOUT_MAP,11.5,115,14.571372032165527,16.757077836990355,4.818904791745495,11.93817304524486,11.93817304524486,2.477362297278473,9.396777153015137,10.806293725967407,1,0.03723538666963577,0.7175328731536865,0.005215815734118223,0.2364986091852188,0.0035173026844859123,338.9328807353973,121.2974360673594,217.6354446680379,1.794229554425039,9.71194444444226,18.948831183370203
vw11,3,60,WITHOUT_MAP,12.0,120,16.068275451660156,18.47851676940918,4.782994596911036,13.695522172498144,13.695522172498144,2.863378139992677,9.467305183410645,10.88740096092224,1,0.032287485897541046,0.7272680401802063,0.005356991663575172,0.23121576011180878,0.0038717533461749554,357.4113975048065,126.08043066427044,231.33096684053604,1.8347888377422257,9.541944444443681,18.66944996244274
vw11,3,60,WITHOUT_MAP,12.5,125,22.19013023376465,25.518649768829345,4.7291901872076485,20.789459581621696,20.789459581621696,4.39598721105713,10.276684761047363,11.818187475204466,1,0.011821260675787926,0.8368399739265442,0.0030845366418361664,0.1449662148952484,0.0032879484351724386,382.9300472736358,130.8096208514781,252.12042642215772,1.9273844292264752,9.431944444445477,18.575442373054102
vw11,3,60,WITHOUT_MAP,13.0,130,18.98560333251953,21.83344383239746,4.659599820580647,17.17384401181681,17.17384401181681,3.68569076167505,9.99618148803711,11.495608711242674,1,0.018502546474337578,0.7845593094825745,0.0039255754090845585,0.18953938782215118,0.0034731565974652767,404.76349110603326,135.46922067205873,269.29427043397453,1.9878631404094138,9.321111111110751,18.346760157030076
vw11,3,60,WITHOUT_MAP,13.5,135,17.762353897094727,20.426706981658935,4.618396495321942,15.808310486336993,15.808310486336993,3.4229002430496207,9.845911979675293,11.322798776626586,1,0.02228136919438839,0.7657574415206909,0.004233425483107567,0.20421209931373596,0.0035156123340129852,425.1901980876922,140.08761716738067,285.10258092031154,2.0351733199920368,9.208055555555434,18.07121467962861
vw11,3,60,WITHOUT_MAP,14.0,140,17.618125915527344,20.260844802856443,4.604650298282641,15.656194504573802,15.656194504573802,3.400083283287108,9.832221984863281,11.307055282592772,1,0.023014944046735764,0.7602856755256653,0.004313853569328785,0.208811417222023,0.0035741350147873163,445.45104289054865,144.69226746566332,300.75877542488536,2.07860987109251,9.219999999996807,17.95457380870357
vw11,3,60,WITHOUT_MAP,14.5,145,21.815963745117188,25.088358306884764,4.611727948967961,20.476630357916804,20.476630357916804,4.440121053215895,10.03386116027832,11.538940334320067,1,0.013489020057022572,0.8321844935417175,0.003503010608255863,0.14714211225509644,0.003681361209601164,470.5394011974334,149.3039954146313,321.2354057828021,2.151552641914914,9.228888888891765,17.705113693373278
vw11,3,60,WITHOUT_MAP,15.0,150,24.290632247924805,27.934227085113523,4.701924929344347,23.232302155769176,23.232302155769176,4.941019370764129,10.309816360473633,11.856288814544676,1,0.009668390266597271,0.8693468570709229,0.0027240742929279804,0.11515189707279205,0.0031087943352758884,498.47362828254694,154.00592034397565,344.46770793857127,2.2367173104072555,9.488888888889571,17.445882972097024
vw11,3,60,WITHOUT_MAP,15.5,155,24.525836944580078,28.204712486267088,4.857137587217057,23.34757489905003,23.34757489905003,4.806858871055215,10.333955764770508,11.884049129486083,1,0.009253258816897869,0.8730550408363342,0.0026526583824306726,0.11196500808000565,0.0030739610083401203,526.678340768814,158.8630579311927,367.8152828376213,2.3152977641720245,9.863888888892502,17.598781008971855
vw11,3,60,WITHOUT_MAP,16.0,160,21.938772201538086,25.229588031768795,5.080575761646347,20.149012270122448,20.149012270122448,3.9658915082477213,10.22579574584961,11.75966510772705,1,0.012320579960942268,0.8337428569793701,0.003145970869809389,0.14744938910007477,0.003341218689456582,551.9079288005828,163.94363369283906,387.96429510774374,2.366449287287511,10.373055555557626,17.33774270210415
vw11,3,60,WITHOUT_MAP,16.5,165,19.4447078704834,22.361414051055906,5.2815765664653425,17.079837484590563,17.079837484590563,3.2338521026158524,10.119405746459961,11.637316608428954,1,0.017275312915444374,0.7862381339073181,0.0036959939170628786,0.18943029642105103,0.003360257251188159,574.2693428516387,169.2252102593044,405.04413259233434,2.3935212251867424,10.7380555555565,17.25123501010239
vw11,3,60,WITHOUT_MAP,17.0,170,18.958335876464844,21.80208625793457,5.4972391827743055,16.304847075160264,16.304847075160264,2.9660064867200586,10.079845428466797,11.591822242736816,1,0.01865333504974842,0.7739046812057495,0.00382934114895761,0.20023226737976074,0.00338047300465405,596.0714291095733,174.7224494420787,421.3489796674946,2.4115331545141467,11.263055555554462,17.28925975598395
vw11,3,60,WITHOUT_MAP,17.5,175,16.593643188476562,19.082689666748045,5.72408751460806,13.358602152139985,13.358602152139985,2.3337522562414343,9.803277015686035,11.273768568038939,1,0.0262393020093441,0.7377684712409973,0.004461135249584913,0.22813299298286438,0.003398210508748889,615.1541187763213,180.44653695668677,434.7075818196345,2.4090658050366405,11.608055555557742,17.28170550847426
vw11,3,60,WITHOUT_MAP,18.0,180,15.670589447021484,18.021177864074705,5.940773383169316,12.08040448090539,12.08040448090539,2.033473371519294,9.745476722717285,11.207298231124877,1,0.030155621469020844,0.7204351425170898,0.004657204728573561,0.24137328565120697,0.0033787242136895657,633.175296640396,186.3873103398561,446.78798630053996,2.397094445356139,12.078055555558093,17.617298994446173
vw11,3,60,WITHOUT_MAP,18.5,185,15.797279357910156,18.16687126159668,6.167597367994899,11.99927389360178,11.99927389360178,1.9455345700529691,9.731801986694336,11.191572284698486,1,0.029097937047481537,0.729152262210846,0.004684239625930786,0.23362240195274353,0.0034432054962962866,651.3421679019928,192.554907707851,458.78726019414177,2.3826308332282293,12.5669444444443,17.724644485628232
vw11,3,60,WITHOUT_MAP,19.0,190,14.644028663635254,16.84063296318054,6.373863716026638,10.466769247153902,10.466769247153902,1.6421388522688267,9.375749588012695,10.782112026214598,1,0.03510046750307083,0.7156223058700562,0.005418139975517988,0.24009142816066742,0.0037676203064620495,668.1828008651732,198.92877142387763,469.25402944129564,2.3589047782404924,12.955000000001126,16.88028909265995
vw11,3,60,WITHOUT_MAP,19.5,195,16.392715454101562,18.851622772216796,6.587241955025844,12.264380817190952,12.264380817190952,1.861838520723175,9.678964614868164,11.130809307098389,1,0.02683803252875805,0.7455747127532959,0.004556011874228716,0.21956485509872437,0.003466422436758876,687.0344236373901,205.51601337890347,481.5184102584866,2.3429727072932565,13.313055555560991,15.39214142668061
vw11,3,60,WITHOUT_MAP,20.0,200,13.366560935974121,15.371545076370237,6.825850718367192,8.545694358003045,8.545694358003045,1.2519603358755047,9.020146369934082,10.373168325424194,1,0.04344211518764496,0.7102534770965576,0.006039765663444996,0.23631888628005981,0.003945762291550636,702.4059687137603,212.34186409727067,490.06410461648966,2.3079014903627226,13.813888888894356,14.103324151830748
vw11,3,60,WITHOUT_MAP,20.5,205,16.504344940185547,18.97999668121338,7.05008868481909,11.929907996394288,11.929907996394288,1.692164244980759,9.794672966003418,11.26387391090393,1,0.026417355984449387,0.7397013902664185,0.004500245209783316,0.2258899062871933,0.0034911041148006916,721.3859653949737,219.39195278208976,501.9940126128839,2.2881149752629604,14.298888888895016,12.99737249163445
vw11,3,60,WITHOUT_MAP,21.0,210,21.070419311523438,24.23098220825195,7.298891586904653,16.9320906213473,16.9320906213473,2.319816703638413,10.210005760192871,11.7415066242218,1,0.014143143780529499,0.8140925168991089,0.003354543587192893,0.16506315767765045,0.0033466797322034836,745.6169476032256,226.69084436899442,518.9261032342313,2.28913569349785,14.80611111111424,11.81171105359681
vw11,3,60,WITHOUT_MAP,21.5,215,21.026790618896484,24.180809211730956,7.534787955401315,16.64602125632964,16.64602125632964,2.209222257462061,10.062642097473145,11.572038412094114,1,0.015125595964491367,0.8184785842895508,0.0035291435196995735,0.15940190851688385,0.0034648317378014326,769.7977568149566,234.22563232439575,535.5721244905609,2.286564963773089,15.278055555557684,10.705928691080771
vw11,3,60,WITHOUT_MAP,22.0,220,23.2768611907959,26.768390369415282,7.769603437123174,18.99878693229211,18.99878693229211,2.4452711243299605,10.311887741088867,11.858670902252197,1,0.010704979300498962,0.8546344637870789,0.0028647887520492077,0.12862074375152588,0.003175053745508194,796.566147184372,241.99523576151893,554.570911422853,2.2916604522304342,15.78500000000399,9.574733581976034
vw11,3,60,WITHOUT_MAP,22.5,225,24.843326568603516,28.56982555389404,8.02044561375044,20.549379940143602,20.549379940143602,2.5621244666148306,10.347288131713867,11.899381351470947,1,0.008860290050506592,0.8791850805282593,0.0026169195771217346,0.10629725456237793,0.0030404445715248585,825.135972738266,250.01568137526937,575.1202913629966,2.300336875668813,16.2980555555555,8.78983363090083
vw11,3,60,WITHOUT_MAP,23.0,230,24.532772064208984,28.21268787384033,8.22770582216896,19.98498205167137,19.98498205167137,2.4289859753885796,10.371811866760254,11.927583646774291,1,0.009053399786353111,0.8731473088264465,0.002652399707585573,0.11209722608327866,0.003049739170819521,853.3486606121063,258.2433871974383,595.105273414668,2.3044356716080556,16.60194444444856,8.131697182310745
vw11,3,60,WITHOUT_MAP,23.5,235,20.798355102539062,23.91810836791992,8.380393117322733,15.537715250597188,15.537715250597188,1.854055655036024,10.220758438110352,11.753872203826903,1,0.014361921697854996,0.8164145350456238,0.0033182851038873196,0.1626768410205841,0.0032284322660416365,877.2667689800262,266.62378031476106,610.6429886652652,2.2902795389982633,16.886111111112797,7.318097688257694
vw11,3,60,WITHOUT_MAP,24.0,240,21.343978881835938,24.545575714111326,8.406728882196372,16.138846831914954,16.138846831914954,1.919753456792633,10.274595260620117,11.815784549713134,1,0.013094078749418259,0.823600709438324,0.0031861744355410337,0.15687596797943115,0.0032429674174636602,901.8123446941376,275.03050919695744,626.78183549718,2.2789538416202513,16.796111111109635,6.417168913118076
vw11,3,60,WITHOUT_MAP,24.5,245,21.83611297607422,25.11152992248535,8.295178573036132,16.816351349449217,16.816351349449217,2.0272440431977627,10.306601524353027,11.85259175300598,1,0.012328747659921646,0.8304154872894287,0.003081022994592786,0.1509988158941269,0.003175858873873949,926.9238746166229,283.3256877699936,643.5981868466293,2.271584309605941,16.56194444444199,5.754687508451752
vw11,3,60,WITHOUT_MAP,25.0,250,21.628379821777344,24.87263679504394,8.144524748955632,16.72811204608831,16.72811204608831,2.0539089218475697,10.2777681350708,11.81943335533142,1,0.01246414240449667,0.8291273713111877,0.0031032199040055275,0.1521025002002716,0.0032028169371187687,951.7965114116669,291.4702125189492,660.3262988927177,2.2655018267082374,16.266111111109215,4.670257245656103
vw11,3,60,WITHOUT_MAP,25.5,255,23.811588287353516,27.38332653045654,7.969948449358496,19.413378081098045,19.413378081098045,2.435822289749018,10.368409156799316,11.923670530319212,1,0.00954861007630825,0.8628984689712524,0.0026735884603112936,0.12183839082717896,0.0030410108156502247,979.1798379421234,299.4401609683077,679.7396769738157,2.2700351040946654,15.90888888888517,4.227614700153936
vw11,3,60,WITHOUT_MAP,26.0,260,21.547080993652344,24.779143142700192,7.7734988101660845,17.005644332534107,17.005644332534107,2.18764352421259,10.237789154052734,11.773457527160643,1,0.012436475604772568,0.8305232524871826,0.0031577430199831724,0.15061548352241516,0.0032671112567186356,1003.9589810848236,307.21365977847375,696.7453213063498,2.2679503307527416,15.41999999999784,2.9827610056090634
vw11,3,60,WITHOUT_MAP,26.5,265,22.449697494506836,25.81715211868286,7.565275007788356,18.251877110894505,18.251877110894505,2.412586071504925,10.327583312988281,11.876720809936522,1,0.011053708381950855,0.8413044810295105,0.0029215679969638586,0.14153212308883667,0.0031881893519312143,1029.7761332035063,314.7789347862621,714.9971984172442,2.2714264501299435,15.034999999996751,2.0659809685021173
vw11,3,60,WITHOUT_MAP,27.0,270,21.221027374267578,24.40418148040771,7.36504335094008,17.03913812946763,17.03913812946763,2.3135149811837485,10.231366157531738,11.766071081161497,1,0.013246002607047558,0.8224450349807739,0.0032025170512497425,0.15784229338169098,0.0032641924917697906,1054.180314683914,322.14397813720217,732.0363365467119,2.27238870265312,14.611944444441695,1.5764043481904082
vw11,3,60,WITHOUT_MAP,27.5,275,21.379974365234375,24.58697052001953,7.166914504311388,17.42005601570814,17.42005601570814,2.4306214348209103,10.231544494628906,11.766276168823241,1,0.01319635845720768,0.826449990272522,0.0031753461807966232,0.15393629670143127,0.003242035862058401,1078.7672852039336,329.31089264151353,749.4563925624201,2.2758323800065585,14.196944444441966,1.2084699777333299
vw11,3,60,WITHOUT_MAP,28.0,280,22.35069465637207,25.703298854827878,6.975053221328468,18.72824563349941,18.72824563349941,2.6850326498200436,10.288848876953125,11.832176208496092,1,0.011546696536242962,0.8427611589431763,0.0029930565506219864,0.13947881758213043,0.003220222657546401,1104.4705840587615,336.285945862842,768.1846381959194,2.284319780967689,13.861111111108622,0.7498870735435048
vw11,3,60,WITHOUT_MAP,28.5,285,17.030494689941406,19.585068893432616,6.790848531430122,12.794220362002495,12.794220362002495,1.8840385413968423,9.831766128540039,11.306531047821045,1,0.025467602536082268,0.7489675879478455,0.00442414591088891,0.21773794293403625,0.0034027099609375,1124.0556529521941,343.07679439427216,780.978858557922,2.2763966299055545,13.476111111107713,0.5935819312289823
vw11,3,60,WITHOUT_MAP,29.0,290,17.19062042236328,19.76921348571777,6.5960822216628365,13.173131264054934,13.173131264054934,1.9971144721016014,9.83665657043457,11.312155055999755,1,0.024516219273209572,0.7584004998207092,0.004362266510725021,0.20932947099208832,0.0033914498053491116,1143.8248664379119,349.67287661593497,794.1519898219769,2.2711283686273385,13.078888888889104,0.024110952854016432
vw11,3,60,WITHOUT_MAP,29.5,295,16.755178451538086,19.268455219268798,6.419861452252707,12.84859376701609,12.84859376701609,2.0013817841049457,9.824254035949707,11.297892141342162,1,0.025413721799850464,0.750989556312561,0.004376921337097883,0.2158513069152832,0.00336849014274776,1163.0933216571807,356.09273806818766,807.0005835889931,2.2662652093580795,12.74611111110644,0.0
vw11,3,60,WITHOUT_MAP,30.0,300,17.01133155822754,19.563031291961668,6.240048146537156,13.322983145424512,13.322983145424512,2.135076978984201,9.809114456176758,11.28048162460327,1,0.025349991396069527,0.7542132139205933,0.004459667485207319,0.21251793205738068,0.003459203289821744,1182.6563529491423,362.3327862147248,820.3235667344175,2.264005902707019,12.371111111107352,0.0
vw11,3,60,WITHOUT_MAP,30.5,305,18.522930145263672,21.301369667053223,6.061323016913182,15.240046650140041,15.240046650140041,2.514310259924286,9.959701538085938,11.453656768798828,1,0.02020825818181038,0.7786824107170105,0.0040601943619549274,0.193567156791687,0.0034819417633116245,1203.9577226161955,368.394109231638,835.5636133845575,2.2681242518434885,12.033888888887184,0.0
vw11,3,60,WITHOUT_MAP,31.0,310,20.32166862487793,23.369918918609617,5.902108307640447,17.46781061096917,17.46781061096917,2.9595882861648937,10.21757698059082,11.750213527679442,1,0.015063988044857979,0.8060814142227173,0.003452118718996644,0.17212550342082977,0.0032769758254289627,1227.327641534805,374.2962175392785,853.0314239955266,2.27902763646285,11.703888888883213,0.0
vw11,3,60,WITHOUT_MAP,31.5,315,19.848278045654297,22.82551975250244,5.723708063149255,17.101811689353184,17.101811689353184,2.9878902803340317,10.151183128356934,11.673860597610473,1,0.01605549268424511,0.8037832379341125,0.003559894859790802,0.17330576479434967,0.0032955813221633434,1250.1531612873075,380.01992560242775,870.1332356848798,2.2897042419696767,11.346111111107735,0.0
vw11,3,60,WITHOUT_MAP,32.0,320,17.739845275878906,20.40082206726074,5.577317898287898,14.823504168972843,14.823504168972843,2.657819482286154,9.934712409973145,11.424919271469115,1,0.02189500443637371,0.7666194438934326,0.004159531556069851,0.20393986999988556,0.0033861580304801464,1270.5539833545683,385.59724350071565,884.9567398538527,2.295028698389049,11.11305555555467,0.0
vw11,3,60,WITHOUT_MAP,32.5,325,16.75728416442871,19.270876789093016,5.475945046042406,13.794931743050611,13.794931743050611,2.5191873963418483,9.781347274780273,11.248549365997313,1,0.02527194656431675,0.7561166286468506,0.004412760026752949,0.21082109212875366,0.0033776143100112677,1289.8248601436615,391.07318854675805,898.7516715969034,2.2981674477268483,10.874999999995213,0.0
vw11,3,60,WITHOUT_MAP,33.0,330,15.515109062194824,17.842375421524046,5.317420821069906,12.52495460045414,12.52495460045414,2.355456718946315,9.561990737915039,10.996289348602295,1,0.03085063211619854,0.7421579957008362,0.004757253918796778,0.21887628734111786,0.0033577419817447662,1307.6672355651856,396.39060936782795,911.2766261973577,2.2989359602909887,10.578888888883956,0.0
vw11,3,60,WITHOUT_MAP,33.5,335,13.361434936523438,15.365650177001951,5.160684658621735,10.204965518380217,10.204965518380217,1.977444117096211,9.211699485778809,10.593454408645629,1,0.04225601255893707,0.7289732694625854,0.005410495214164257,0.22001266479492188,0.0033476194366812706,1323.0328857421875,401.5512940264497,921.4815917157379,2.294804189212851,10.208888888889218,0.0
vw11,3,60,WITHOUT_MAP,34.0,340,12.994242668151855,14.943379068374632,5.026539632579762,9.91683943579487,9.91683943579487,1.972895900694464,9.14455795288086,10.516241645812988,1,0.044582467526197433,0.7303363680839539,0.005509688053280115,0.21623709797859192,0.003334310371428728,1337.9762648105623,406.57783365902947,931.3984311515328,2.2908244228893118,9.954999999996987,0.0
vw11,3,60,WITHOUT_MAP,34.5,345,8.9010591506958,10.23621802330017,4.79993726503687,5.4362807582633,5.4362807582633,1.1325732937931519,8.22875690460205,9.463070440292357,1,0.08889227360486984,0.7190617918968201,0.007276752032339573,0.1810232400894165,0.0037459044251590967,1348.2124828338624,411.37777092406634,936.834711909796,2.2773100009886544,9.308888888885761,0.004642706864672164
vw11,3,60,WITHOUT_MAP,35.0,350,7.003098487854004,8.053563261032103,4.327835925588861,3.725727335443242,3.725727335443242,0.8608753657721685,7.814006328582764,8.986107277870177,1,0.12183640152215958,0.7103927731513977,0.007886676117777824,0.15610910952091217,0.003774987068027258,1356.2660460948946,415.7056068496552,940.5604392452394,2.2625637560510556,8.148888888888422,0.033284946974617924
vw11,3,60,WITHOUT_MAP,35.5,355,1.6665735244750977,1.9165595531463622,3.9131619303049705,-1.9966023771586083,1.9966023771586083,-0.5102273845853867,6.145275115966797,7.067066383361816,1,0.37010228633880615,0.5285930037498474,0.011423884890973568,0.08561396598815918,0.004266846925020218,1358.1826056480409,419.6187687799602,938.5638368680807,2.2367060453395617,7.62694444444093,0.07403121280094638
vw11,3,60,WITHOUT_MAP,36.0,360,0.0,0.0,3.463035221425438,-3.463035221425438,3.463035221425438,-1.0,4.701833724975586,5.407108783721924,0,0.6200389266014099,0.3165999948978424,0.013333081267774105,0.0457763709127903,0.004251720383763313,1358.1826056480409,423.08180400138565,935.1008016466552,2.2102127598084853,6.411111111098778,0.15942713627919147
vw11,3,60,WITHOUT_MAP,36.5,365,0.0,0.0,2.635824513227417,-2.635824513227417,2.635824513227417,-1.0,4.5485734939575195,5.2308595180511475,0,0.6371496915817261,0.3005967438220978,0.013801340013742447,0.04407269135117531,0.00437954580411315,1358.1826056480409,425.71762851461307,932.4649771334277,2.19033677413577,4.648055555545916,0.08408528461677633
vw11,3,60,WITHOUT_MAP,37.0,370,0.0,0.0,1.8410826751866647,-1.8410826751866647,1.8410826751866647,-1.0,4.476053237915039,5.147461223602295,0,0.647550642490387,0.2911493182182312,0.014043782837688923,0.04283546656370163,0.004420790821313858,1358.1826056480409,427.55871118979974,930.6238944582411,2.1765990730688753,3.1680555555489622,0.10689290271602658
vw11,3,60,WITHOUT_MAP,37.5,375,0.0,0.0,1.2906670063172843,-1.2906670063172843,1.2906670063172843,-1.0,4.6064910888671875,5.297464752197265,0,0.6300504207611084,0.30680379271507263,0.013758274726569653,0.045028723776340485,0.004358820151537657,1358.1826056480409,428.849378196117,929.3332274519239,2.1670387662936768,2.3361111111084756,0.13584689903291292
vw11,3,60,WITHOUT_MAP,38.0,380,0.0,0.0,1.0042838911494498,-1.0042838911494498,1.0042838911494498,-1.0,4.730031490325928,5.439536213874817,0,0.6127367615699768,0.3218475580215454,0.01364912185817957,0.047417085617780685,0.0043494519777596,1358.1826056480409,429.85366208726646,928.3289435607744,2.1596394899906897,1.8388888888833386,0.11990101672017772
vw11,3,60,WITHOUT_MAP,38.5,385,0.0,0.0,0.6621006755677032,-0.6621006755677032,0.6621006755677032,-1.0,4.8865838050842285,5.619571375846863,0,0.5865668654441833,0.34412455558776855,0.013504202477633953,0.0514528788626194,0.0043515306897461414,1358.1826056480409,430.5157627628342,927.6668428852067,2.154780203474796,1.094999999995509,0.127246934129289
vw11,3,60,WITHOUT_MAP,39.0,390,0.0,0.0,0.32467459345522565,-0.32467459345522565,0.32467459345522565,-1.0,5.113823890686035,5.88089747428894,0,0.5484377145767212,0.3760595917701721,0.013367118313908577,0.05775041505694389,0.004385234322398901,1358.1826056480409,430.8404373562894,927.3421682917515,2.1524028106137894,0.4569444444374079,0.09367267383731814
vw11,3,60,WITHOUT_MAP,39.5,395,0.0,0.0,0.07080143219153544,-0.07080143219153544,0.07080143219153544,-1.0,5.2294111251831055,6.01382279396057,0,0.5280019044876099,0.3931829035282135,0.01326132845133543,0.06114351004362106,0.0044102915562689304,1358.1826056480409,430.91123878848094,927.27136685956,2.1518848509651534,0.07694444444432948,0.06064281699309504
vw11,3,60,WITHOUT_MAP,40.0,400,0.0,0.0,0.0309741948664049,-0.0309741948664049,0.0309741948664049,-1.0,5.1013641357421875,5.866568756103515,0,0.547785758972168,0.3767162263393402,0.01334276795387268,0.05773799493908882,0.004417317919433117,1358.1826056480409,430.94221298334736,927.2403926646934,2.151658307608227,0.05194444444394359,0.05541786479579969
vw11,3,60,WITHOUT_MAP,40.5,405,0.0,0.0,0.02474679838439897,-0.02474679838439897,0.02474679838439897,-1.0,4.8667521476745605,5.5967649698257445,0,0.5862473249435425,0.3437162935733795,0.01370200514793396,0.051879338920116425,0.0044549391604959965,1358.1826056480409,430.96695978173176,927.2156458663092,2.1514773344478852,0.0030555555562616775,0.08285348115532543
vw11,3,60,WITHOUT_MAP,41.0,410,0.0,0.0,0.01793314557426129,-0.01793314557426129,0.01793314557426129,-1.0,4.66751766204834,5.367645311355591,0,0.6175301671028137,0.3168643116950989,0.01391137670725584,0.04725312814116478,0.004440976772457361,1358.1826056480409,430.984892927306,927.1977127207349,2.1513462024691545,0.026111111110692368,0.005488920243521989
vw11,3,60,WITHOUT_MAP,41.5,415,0.0,0.0,0.026082099947357502,-0.026082099947357502,0.026082099947357502,-1.0,4.708902359008789,5.415237712860107,0,0.6106367111206055,0.3228331506252289,0.013959778472781181,0.048099420964717865,0.004470970015972853,1358.1826056480409,431.0109750272534,927.1716306207875,2.1511555026230162,0.02111111111096332,7.12931601278251
vw11,3,60,WITHOUT_MAP,42.0,420,0.0,0.0,0.03156045037417243,-0.03156045037417243,0.03156045037417243,-1.0,4.6441802978515625,5.340807342529296,0,0.617723822593689,0.31667062640190125,0.013945585116744041,0.04717976599931717,0.004480141680687666,1358.1826056480409,431.04253547762755,927.1400701704133,2.1509247785559547,0.018055555555202496,0.0
vw11,3,60,WITHOUT_MAP,42.5,425,0.0,0.0,0.01793314560455883,-0.01793314560455883,0.01793314560455883,-1.0,4.62956428527832,5.323998928070068,0,0.6229764819145203,0.31217971444129944,0.013950211927294731,0.046419255435466766,0.0044743455946445465,1358.1826056480409,431.0604686232321,927.1221370248088,2.1507936925553683,0.01611111111107824,0.0
vw11,3,60,WITHOUT_MAP,43.0,430,0.0,0.0,0.026668355525506452,-0.026668355525506452,0.026668355525506452,-1.0,4.505146503448486,5.180918478965759,0,0.643109142780304,0.2947792112827301,0.014078810811042786,0.04358543083071709,0.0044472794979810715,1358.1826056480409,431.0871369787576,927.0954686692833,2.150598774917673,0.021111111111135745,0.0
vw11,3,60,WITHOUT_MAP,43.5,435,0.0,0.0,0.02905263839897998,-0.02905263839897998,0.02905263839897998,-1.0,4.624631404876709,5.318326115608215,0,0.6267990469932556,0.3098892271518707,0.013752664439380169,0.04518227279186249,0.004376772325485945,1358.1826056480409,431.1161896171566,927.0664160308843,2.1503864581243066,0.031111111110897607,0.0
vw11,3,60,WITHOUT_MAP,44.0,440,0.0,0.0,0.02474679838439897,-0.02474679838439897,0.02474679838439897,-1.0,4.549917221069336,5.232404804229736,0,0.6278207302093506,0.3076328635215759,0.01411315705627203,0.04590407386422157,0.004529133439064026,1358.1826056480409,431.140936415541,927.0416692324999,2.1502056309934843,0.010000000000262743,0.0
vw11,3,60,WITHOUT_MAP,44.5,445,0.0,0.0,0.024746797594389136,-0.024746797594389136,0.024746797594389136,-1.0,4.293062686920166,4.937022089958191,0,0.6610522270202637,0.27745237946510315,0.01473784539848566,0.04207892715930939,0.004678620491176844,1358.1826056480409,431.16568321313537,927.0169224349055,2.1500248246256164,0.049999999999466305,0.0
vw11,3,60,WITHOUT_MAP,45.0,450,0.0,0.0,0.03097419473549362,-0.03097419473549362,0.03097419473549362,-1.0,4.242795467376709,4.879214787483215,0,0.6716790199279785,0.268697053194046,0.014704179018735886,0.04027879983186722,0.0046409606002271175,1358.1826056480409,431.1966574078709,926.98594824017,2.1497985485618685,0.016944444444091385,0.0
vw11,3,60,WITHOUT_MAP,45.5,455,0.0,0.0,0.031560452744543,-0.031560452744543,0.031560452744543,-1.0,4.335055828094482,4.985314202308654,0,0.6614783406257629,0.2786922752857208,0.014337750151753426,0.0409618616104126,0.004529778379946947,1358.1826056480409,431.2282178606154,926.9543877874255,2.149568023136747,0.015000000000476223,0.0
vw11,3,60,WITHOUT_MAP,46.0,460,0.0,0.0,0.030974194764318015,-0.030974194764318015,0.030974194764318015,-1.0,4.262765884399414,4.902180767059326,0,0.6685588955879211,0.27183547616004944,0.014481417834758759,0.040507812052965164,0.004616319201886654,1358.1826056480409,431.25919205537974,926.9234135926611,2.1493418126926116,0.01500000000020527,0.0
vw11,3,60,WITHOUT_MAP,46.5,465,0.0,0.0,0.024746797624629835,-0.024746797624629835,0.024746797624629835,-1.0,4.167176246643066,4.792252683639526,0,0.6851565837860107,0.25673678517341614,0.01469007320702076,0.0387476347386837,0.00466883834451437,1358.1826056480409,431.2839388530044,926.8986667950364,2.1491611054659603,0.0280555555552271,0.0
vw11,3,60,WITHOUT_MAP,47.0,470,0.0,0.0,0.033482008335671276,-0.033482008335671276,0.033482008335671276,-1.0,4.135896682739258,4.756281185150146,0,0.6921943426132202,0.2508799731731415,0.014656185172498226,0.03763444721698761,0.004635001067072153,1358.1826056480409,431.31742086134005,926.8651847867009,2.148916644581044,0.054999999999671575,0.0
vw11,3,60,WITHOUT_MAP,47.5,475,0.0,0.0,0.03837410391400908,-0.03837410391400908,0.03837410391400908,-1.0,4.231404781341553,4.8661154985427855,0,0.6791174411773682,0.2628721594810486,0.014459941536188126,0.038969963788986206,0.004580439534038305,1358.1826056480409,431.35579496525406,926.8268106827868,2.1486365119018354,0.016111111111283508,0.0
vw11,3,60,WITHOUT_MAP,48.0,480,0.0,0.0,0.024746799174522494,-0.024746799174522494,0.024746799174522494,-1.0,4.211048126220703,4.842705345153808,0,0.6782054305076599,0.26298293471336365,0.014617429114878178,0.03953399881720543,0.004660277161747217,1358.1826056480409,431.3805417644286,926.8020638836123,2.1484558855919076,0.028888888889332266,0.0
vw11,3,60,WITHOUT_MAP,48.5,485,0.0,0.0,0.04029566045754495,-0.04029566045754495,0.04029566045754495,-1.0,4.072768211364746,4.683683443069458,0,0.697511613368988,0.24538485705852509,0.014905665069818497,0.037449803203344345,0.004748036153614521,1358.1826056480409,431.42083742488614,926.7617682231547,2.1481618128482527,0.05611111111096329,0.0
vw11,3,60,WITHOUT_MAP,49.0,490,0.0,0.0,0.020440958400229192,-0.020440958400229192,0.020440958400229192,-1.0,4.099225997924805,4.714109897613525,0,0.6974917054176331,0.2461043745279312,0.014710783958435059,0.03703118488192558,0.004662021994590759,1358.1826056480409,431.4412783832864,926.7413272647545,2.1480126582636596,0.006944444444887824,0.0
vw11,3,60,WITHOUT_MAP,49.5,495,0.0,0.0,0.017933145574318132,-0.017933145574318132,0.017933145574318132,-1.0,4.158636569976807,4.782432055473327,0,0.6902218461036682,0.25321057438850403,0.01445810403674841,0.037538014352321625,0.004571429453790188,1358.1826056480409,431.4592115288607,926.7233941191802,2.14788181444862,0.030000000000032844,0.0
vw11,3,60,WITHOUT_MAP,50.0,500,0.0,0.0,0.02044095833952042,-0.02044095833952042,0.02044095833952042,-1.0,4.279731750488281,4.921691513061523,0,0.6753633618354797,0.26719528436660767,0.014046560041606426,0.03896046057343483,0.004434301517903805,1358.1826056480409,431.4796524872002,926.7029531608407,2.147732686394363,0.01500000000032843,0.0
vw11,3,60,WITHOUT_MAP,50.5,505,0.0,0.0,0.033482007738299895,-0.033482007738299895,0.033482007738299895,-1.0,4.2106242179870605,4.8422178506851195,0,0.6818514466285706,0.260830819606781,0.014315453357994556,0.03846233710646629,0.0045399051159620285,1358.1826056480409,431.5131344949385,926.6694711531023,2.14748844722355,0.03305555555561303,0.0
vw11,3,60,WITHOUT_MAP,51.0,510,0.0,0.0,0.013627305590034666,-0.013627305590034666,0.013627305590034666,-1.0,4.1133646965026855,4.730369400978088,0,0.6920671463012695,0.2507922053337097,0.014704970642924309,0.03774617984890938,0.004689553286880255,1358.1826056480409,431.52676180052856,926.6558438475123,2.1473890517961784,0.031111111111111086,0.0
vw11,3,60,WITHOUT_MAP,51.5,515,0.0,0.0,0.013627305559793967,-0.013627305559793967,0.013627305559793967,-1.0,4.011992931365967,4.613791871070862,0,0.7004168629646301,0.24151600897312164,0.01545017771422863,0.037637148052453995,0.004979751538485289,1358.1826056480409,431.54038910608836,926.6422165419525,2.1472896626465015,0.044999999999885056,0.0
vw11,3,60,WITHOUT_MAP,52.0,520,0.0,0.0,0.02044095840017235,-0.02044095840017235,0.02044095840017235,-1.0,4.0002217292785645,4.600254988670349,0,0.7051881551742554,0.23735208809375763,0.015457391738891602,0.03703446313738823,0.004967924673110247,1358.1826056480409,431.5608300644885,926.6217755835523,2.147140590690509,0.03194444444394359,0.0
vw11,3,60,WITHOUT_MAP,52.5,525,0.0,0.0,0.020440958430413048,-0.020440958430413048,0.020440958430413048,-1.0,4.036057472229004,4.641466093063354,0,0.7040654420852661,0.23920851945877075,0.015151881612837315,0.03673765808343887,0.004836414474993944,1358.1826056480409,431.58127102291894,926.6013346251219,2.1469915328552687,0.008888888888864258,0.0
vw11,3,60,WITHOUT_MAP,53.0,530,0.0,0.0,0.0,0.0,0.0,0.0,4.055034160614014,4.663289284706115,0,0.6991065144538879,0.24363891780376434,0.015110957436263561,0.03730878606438637,0.004834678024053574,1358.1826056480409,431.58127102291894,926.6013346251219,2.1469915328552687,0.03694444444412423,0.0
vw11,3,60,WITHOUT_MAP,53.5,535,0.0,0.0,0.02044095833969095,-0.02044095833969095,0.02044095833969095,-1.0,4.130477428436279,4.750049042701721,0,0.6942325830459595,0.24914108216762543,0.014596663415431976,0.037394504994153976,0.004635147284716368,1358.1826056480409,431.60171198125863,926.5808936667822,2.1468424891396563,0.01999999999988505,0.0
vw11,3,60,WITHOUT_MAP,54.0,540,0.0,0.0,0.02044095833952042,-0.02044095833952042,0.02044095833952042,-1.0,4.239821434020996,4.8757946491241455,0,0.6710444688796997,0.2679157257080078,0.015202323906123638,0.04091336950659752,0.00492411432787776,1358.1826056480409,431.62215293959815,926.5604527084427,2.1466934595410048,0.021111111111488806,0.0
vw11,3,60,WITHOUT_MAP,54.5,545,5.284087181091309,6.076700258255005,0.037201590588411756,6.039498667666593,6.039498667666593,162.3451732074028,6.279574394226074,7.221510553359985,1,0.25067031383514404,0.6041274070739746,0.015911780297756195,0.1219789981842041,0.0073114968836307526,1364.2593059062958,431.6593545301866,932.5999513761092,2.160499805202046,0.018888888888773943,0.3060026594575902
vw11,3,60,WITHOUT_MAP,55.0,550,10.466880798339844,12.036912918090819,0.0,12.036912918090819,12.036912918090819,1203.6912918090818,7.784249782562256,8.951887249946594,1,0.09581755101680756,0.6956326365470886,0.010676400735974312,0.19188855588436127,0.005984915886074305,1376.2962188243866,431.6593545301866,944.6368642942,2.188385017909163,0.016944444444419813,0.6768694375423365
vw11,3,60,WITHOUT_MAP,55.5,555,16.88243865966797,19.414804458618164,0.0247467984148102,19.390057660203354,19.390057660203354,783.5380292506443,9.5410737991333,10.972234869003294,1,0.028394849970936775,0.7463653683662415,0.005070927087217569,0.2163316011428833,0.003837211988866329,1395.7110232830048,431.6841013286014,964.0269219544034,2.2331768044906024,0.026944444444386945,0.4562401088514889
vw11,3,60,WITHOUT_MAP,56.0,560,18.143264770507812,20.86475448608398,0.03289575277343028,20.83185873331055,20.83185873331055,633.2689474167112,9.902262687683105,11.387602090835571,1,0.02142852544784546,0.762058436870575,0.004206182900816202,0.2087511569261551,0.0035556359216570854,1416.5757777690887,431.7169970813748,984.858780687714,2.2812601480735233,0.0069444444447400305,0.3047297614502895
vw11,3,60,WITHOUT_MAP,56.5,565,17.679893493652344,20.331877517700192,0.0,20.331877517700192,20.331877517700192,2033.1877517700193,9.881560325622559,11.363794374465941,1,0.022720880806446075,0.7542570233345032,0.004308805335313082,0.21516211330890656,0.0035512815229594707,1436.907655286789,431.7169970813748,1005.1906582054141,2.328355531519517,0.015000000000057476,0.0
vw11,3,60,WITHOUT_MAP,57.0,570,18.96466064453125,21.809359741210937,0.026668354851880734,21.782691386359055,21.782691386359055,816.7992179248685,10.022639274597168,11.526035165786743,1,0.018751613795757294,0.7794831395149231,0.0039078532718122005,0.19439363479614258,0.0034638240467756987,1458.7170150279999,431.7436654362267,1026.973349591773,2.3786645452091024,0.015000000000032845,0.0
vw11,3,60,WITHOUT_MAP,57.5,575,17.965423583984375,20.66023712158203,0.024746799144281795,20.635490322437747,20.635490322437747,833.865026427305,9.93790054321289,11.428585624694824,1,0.021455861628055573,0.7644006013870239,0.004159585572779179,0.20652712881565094,0.0034568205010145903,1479.3772521495819,431.768412235371,1047.6088399142109,2.426321171783927,0.03000000000032843,0.0
vw11,3,60,WITHOUT_MAP,58.0,580,18.445743560791016,21.212605094909666,0.013627305559793967,21.198977789349872,21.198977789349872,1555.625042407164,10.009875297546387,11.511356592178343,1,0.01999160833656788,0.7727089524269104,0.004008502699434757,0.19986087083816528,0.0034300752449780703,1500.5898572444914,431.7820395409308,1068.8078177035607,2.475341074491921,0.01888888888853583,0.0
vw11,3,60,WITHOUT_MAP,58.5,585,17.945960998535156,20.637855148315428,0.01985470279172586,20.618000445523702,20.618000445523702,1038.444174249535,9.982983589172363,11.480431127548217,1,0.021415574476122856,0.7640389204025269,0.004099711310118437,0.20702925324440002,0.00341654010117054,1521.2277123928068,431.80189424372253,1089.4258181490843,2.5229760051357677,0.01805555555617136,0.0
vw11,3,60,WITHOUT_MAP,59.0,590,16.686429977416992,19.18939447402954,0.03778784918635137,19.15160662484319,19.15160662484319,506.8191769898504,9.822535514831543,11.295915842056274,1,0.02627144567668438,0.7395111918449402,0.004489557817578316,0.2262733429670334,0.0034544821828603745,1540.4171068668363,431.8396820929089,1108.5774247739273,2.567104114659432,0.11194444444412421,0.15612105408581556
vw11,3,60,WITHOUT_MAP,59.5,595,16.234621047973633,18.669814205169676,0.1903031219133744,18.479511083256302,18.479511083256302,97.1056643603994,9.729059219360352,11.188418102264404,1,0.028594668954610825,0.7312378883361816,0.004669950809329748,0.23201057314872742,0.0034869422670453787,1559.086921072006,432.02998521482226,1127.0569358571836,2.6087470185588315,0.7550000000112651,0.0
vw11,3,60,WITH_MAP,2.0,20,20.51563262939453,23.592977523803707,9.851988186090782,13.740989337712925,13.740989337712925,1.3947427745714014,10.205963134765625,11.736857604980468,1,0.014751727692782879,0.8120541572570801,0.0033921157009899616,0.16652266681194305,0.003279309254139662,23.592977523803707,9.851988186090782,13.740989337712925,1.3947427745714014,19.373888888881865,17.104260984575376
vw11,3,60,WITH_MAP,2.5,25,17.264272689819336,19.853913593292233,9.3203008694231,10.533612723869133,10.533612723869133,1.1301794728994767,9.84996223449707,11.32745656967163,1,0.023968957364559174,0.757206380367279,0.004372371826320887,0.2110414057970047,0.003410785226151347,43.446891117095944,19.172289055513883,24.274602061582062,1.2661295681123048,18.281944444437475,15.351294377353042
vw11,3,60,WITH_MAP,3.0,30,16.431764602661133,18.8965292930603,8.76035525862838,10.13617403443192,10.13617403443192,1.1570505687481623,9.673406600952148,11.12441759109497,1,0.026294872164726257,0.7528828978538513,0.004578666295856237,0.21277973055839539,0.003463837318122387,62.34342041015624,27.932644314142262,34.410776096013976,1.2319197462659073,17.141111111103427,14.154815943096764
vw11,3,60,WITH_MAP,3.5,35,14.818902969360352,17.041738414764403,8.133752401354378,8.907986013410024,8.907986013410024,1.0951877526941594,9.403347969055176,10.813850164413452,1,0.033411528915166855,0.7301901578903198,0.005126580595970154,0.2277110069990158,0.003560796147212386,79.38515882492064,36.06639671549664,43.318762109424,1.2010837248626847,15.753055555549023,12.877627133158967
vw11,3,60,WITH_MAP,4.0,40,13.259273529052734,15.248164558410643,7.456587012628393,7.79157754578225,7.79157754578225,1.0449254508244215,9.06197452545166,10.421270704269409,1,0.04188624396920204,0.7221490740776062,0.005757076200097799,0.22651250660419464,0.003695107763633132,94.63332338333129,43.52298372812503,51.11033965520626,1.1743298661341135,14.493055555553601,13.01491265266668
vw11,3,60,WITH_MAP,4.5,45,13.032852172851562,14.987779998779295,6.958060110232128,8.029719888547167,8.029719888547167,1.1540170336756816,9.058343887329102,10.417095470428466,1,0.04341860115528107,0.7183944582939148,0.005749134346842766,0.22877201437950134,0.0036657860036939383,109.62110338211059,50.48104383835715,59.14005954375344,1.1715300446861379,13.62805555554666,14.054884497192688
vw11,3,60,WITH_MAP,5.0,50,14.208559036254883,16.339842891693113,6.461322144859123,9.87852074683399,9.87852074683399,1.5288698698754282,9.351920127868652,10.75470814704895,1,0.037301234900951385,0.7095527648925781,0.005366706755012274,0.24408115446567535,0.0036981503944844007,125.9609462738037,56.94236598321628,69.01858029058742,1.2120778457103556,12.674999999994771,16.474024638533592
vw11,3,60,WITH_MAP,5.5,55,15.703493118286133,18.05901708602905,6.011136445819085,12.047880640209966,12.047880640209966,2.004260051123878,9.730873107910156,11.19050407409668,1,0.030422788113355637,0.7204194068908691,0.004727316088974476,0.24101375043392181,0.003416762687265873,144.01996335983276,62.95350242903536,81.0664609307974,1.2877196312020918,11.633055555550111,17.674556033918634
vw11,3,60,WITH_MAP,6.0,60,15.781920433044434,18.149208498001098,5.473621475958696,12.675587022042402,12.675587022042402,2.315758785607712,9.762042999267578,11.226349449157714,1,0.029799407348036766,0.7230910062789917,0.00460020313039422,0.23915427923202515,0.0033550551161170006,162.16917185783385,68.42712390499406,93.74204795283978,1.3699545239252435,10.54499999999285,19.099483460187912
vw11,3,60,WITH_MAP,6.5,65,15.545422554016113,17.877235937118527,4.875714439451751,13.001521497666776,13.001521497666776,2.6665879757980107,9.750496864318848,11.213071393966674,1,0.030597448348999023,0.7188772559165955,0.0045919110998511314,0.2426062971353531,0.003327110083773732,180.04640779495236,73.30283834444582,106.74356945050654,1.4561996760469855,9.458055555558389,20.065951267955825
vw11,3,60,WITH_MAP,7.0,70,14.604589462280273,16.79527788162231,4.720170226286186,12.075107655336126,12.075107655336126,2.5581932592369196,9.602871894836426,11.043302679061888,1,0.034635595977306366,0.7105242013931274,0.004809070844203234,0.2466803938150406,0.003350665792822838,196.84168567657468,78.023008570732,118.81867710584268,1.5228671552459714,9.45499999999817,21.343891005264595
vw11,3,60,WITH_MAP,7.5,75,13.732730865478516,15.792640495300292,4.682732122224579,11.109908373075713,11.109908373075713,2.3725269955860386,9.441473007202148,10.85769395828247,1,0.03981791064143181,0.7008565664291382,0.005137360654771328,0.25077390670776367,0.0034143244847655296,212.634326171875,82.70574069295658,129.92858547891842,1.5709742079606748,9.388888888887386,21.92992988973856
vw11,3,60,WITH_MAP,8.0,80,12.330669403076172,14.180269813537597,4.662337674217264,9.517932139320333,9.517932139320333,2.0414506207807546,9.13112735748291,10.500796461105345,1,0.050497010350227356,0.6964485049247742,0.005866597406566143,0.24363721907138824,0.0035507488064467907,226.81459598541258,87.36807836717385,139.44651761823872,1.5960808595583338,9.398888888885876,22.155645846389234
vw11,3,60,WITH_MAP,8.5,85,12.624832153320312,14.518556976318358,4.683578389582931,9.834978586735428,9.834978586735428,2.099885550887774,9.208613395690918,10.589905405044554,1,0.04785480350255966,0.7050087451934814,0.005516438744962215,0.23827405273914337,0.003345857374370098,241.33315296173095,92.05165675675678,149.28149620497416,1.6217143880358957,9.52999999999997,22.142440067604184
vw11,3,60,WITH_MAP,9.0,90,14.100496292114258,16.215570735931394,4.779169274701191,11.436401461230203,11.436401461230203,2.3929684855000755,9.574810981750488,11.01103262901306,1,0.03801606968045235,0.7017795443534851,0.004859008360654116,0.2521047592163086,0.003240634687244892,257.54872369766235,96.83082603145797,160.71789766620438,1.65978030192566,9.638888888891763,21.707157869590446
vw11,3,60,WITH_MAP,9.5,95,13.748361587524414,15.810615825653075,4.883539101790169,10.927076723862907,10.927076723862907,2.237532350228822,9.435274124145508,10.850565242767333,1,0.04131872206926346,0.6939074993133545,0.0052583785727620125,0.256075918674469,0.0034395260736346245,273.35933952331544,101.71436513324814,171.64497439006732,1.6875194980100254,9.933055555553693,21.196920449845493
vw11,3,60,WITH_MAP,10.0,100,14.413982391357422,16.576079750061034,4.932627101430012,11.643452648631023,11.643452648631023,2.3604972379232727,9.561781883239746,10.996049165725708,1,0.03718709200620651,0.7036991119384766,0.004924102686345577,0.25087639689445496,0.0033132752869278193,289.93541927337645,106.64699223467815,183.2884270386983,1.718646003962021,9.9238888888899,20.098032989306375
vw11,3,60,WITH_MAP,10.5,105,14.63346004486084,16.828479051589966,4.932745318602147,11.895733732987818,11.895733732987818,2.411584820348856,9.55299186706543,10.985940647125243,1,0.03517512232065201,0.719429612159729,0.00470579881221056,0.2374875545501709,0.0032019643113017082,306.7638983249664,111.5797375532803,195.18416077168612,1.7492796187881692,9.808888888886672,19.344235111260787
vw11,3,60,WITH_MAP,11.0,110,13.401656150817871,15.41190457344055,4.898793722333613,10.513110851106937,10.513110851106937,2.1460611421905025,9.228772163391113,10.61308798789978,1,0.04422173276543617,0.7109320163726807,0.0055162045173347,0.23587436974048615,0.0034557338804006577,322.17580289840697,116.4785312756139,205.69727162279307,1.765967250531928,9.81194444444208,18.331132042454556
vw11,3,60,WITH_MAP,11.5,115,14.571372032165527,16.757077836990355,4.818904791745495,11.93817304524486,11.93817304524486,2.477362297278473,9.396777153015137,10.806293725967407,1,0.03723538666963577,0.7175328731536865,0.005215815734118223,0.2364986091852188,0.0035173026844859123,338.9328807353973,121.2974360673594,217.6354446680379,1.794229554425039,9.71194444444226,17.269612767733634
vw11,3,60,WITH_MAP,12.0,120,16.068275451660156,18.47851676940918,4.782994596911036,13.695522172498144,13.695522172498144,2.863378139992677,9.467305183410645,10.88740096092224,1,0.032287485897541046,0.7272680401802063,0.005356991663575172,0.23121576011180878,0.0038717533461749554,357.4113975048065,126.08043066427044,231.33096684053604,1.8347888377422257,9.541944444443681,16.240941737079993
vw11,3,60,WITH_MAP,12.5,125,22.19013023376465,25.518649768829345,4.7291901872076485,20.789459581621696,20.789459581621696,4.39598721105713,10.276684761047363,11.818187475204466,1,0.011821260675787926,0.8368399739265442,0.0030845366418361664,0.1449662148952484,0.0032879484351724386,382.9300472736358,130.8096208514781,252.12042642215772,1.9273844292264752,9.431944444445477,15.585018685786054
vw11,3,60,WITH_MAP,13.0,130,18.98560333251953,21.83344383239746,4.659599820580647,17.17384401181681,17.17384401181681,3.68569076167505,9.99618148803711,11.495608711242674,1,0.018502546474337578,0.7845593094825745,0.0039255754090845585,0.18953938782215118,0.0034731565974652767,404.76349110603326,135.46922067205873,269.29427043397453,1.9878631404094138,9.321111111110751,15.173254855675623
vw11,3,60,WITH_MAP,13.5,135,17.762353897094727,20.426706981658935,4.618396495321942,15.808310486336993,15.808310486336993,3.4229002430496207,9.845911979675293,11.322798776626586,1,0.02228136919438839,0.7657574415206909,0.004233425483107567,0.20421209931373596,0.0035156123340129852,425.1901980876922,140.08761716738067,285.10258092031154,2.0351733199920368,9.208055555555434,14.54044498107396
vw11,3,60,WITH_MAP,14.0,140,17.618125915527344,20.260844802856443,4.604650298282641,15.656194504573802,15.656194504573802,3.400083283287108,9.832221984863281,11.307055282592772,1,0.023014944046735764,0.7602856755256653,0.004313853569328785,0.208811417222023,0.0035741350147873163,445.45104289054865,144.69226746566332,300.75877542488536,2.07860987109251,9.219999999996807,14.017226195544936
vw11,3,60,WITH_MAP,14.5,145,21.815963745117188,25.088358306884764,4.611727948967961,20.476630357916804,20.476630357916804,4.440121053215895,10.03386116027832,11.538940334320067,1,0.013489020057022572,0.8321844935417175,0.003503010608255863,0.14714211225509644,0.003681361209601164,470.5394011974334,149.3039954146313,321.2354057828021,2.151552641914914,9.228888888891765,13.393427899107337
vw11,3,60,WITH_MAP,15.0,150,24.290632247924805,27.934227085113523,4.701924929344347,23.232302155769176,23.232302155769176,4.941019370764129,10.309816360473633,11.856288814544676,1,0.009668390266597271,0.8693468570709229,0.0027240742929279804,0.11515189707279205,0.0031087943352758884,498.47362828254694,154.00592034397565,344.46770793857127,2.2367173104072555,9.488888888889571,13.162519020377658
vw11,3,60,WITH_MAP,15.5,155,24.525836944580078,28.204712486267088,4.857137587217057,23.34757489905003,23.34757489905003,4.806858871055215,10.333955764770508,11.884049129486083,1,0.009253258816897869,0.8730550408363342,0.0026526583824306726,0.11196500808000565,0.0030739610083401203,526.678340768814,158.8630579311927,367.8152828376213,2.3152977641720245,9.863888888892502,13.55899582291022
vw11,3,60,WITH_MAP,16.0,160,21.938772201538086,25.229588031768795,5.080575761646347,20.149012270122448,20.149012270122448,3.9658915082477213,10.22579574584961,11.75966510772705,1,0.012320579960942268,0.8337428569793701,0.003145970869809389,0.14744938910007477,0.003341218689456582,551.9079288005828,163.94363369283906,387.96429510774374,2.366449287287511,10.373055555557626,13.50420066260267
vw11,3,60,WITH_MAP,16.5,165,19.4447078704834,22.361414051055906,5.2815765664653425,17.079837484590563,17.079837484590563,3.2338521026158524,10.119405746459961,11.637316608428954,1,0.017275312915444374,0.7862381339073181,0.0036959939170628786,0.18943029642105103,0.003360257251188159,574.2693428516387,169.2252102593044,405.04413259233434,2.3935212251867424,10.7380555555565,13.417878621956334
vw11,3,60,WITH_MAP,17.0,170,18.958335876464844,21.80208625793457,5.4972391827743055,16.304847075160264,16.304847075160264,2.9660064867200586,10.079845428466797,11.591822242736816,1,0.01865333504974842,0.7739046812057495,0.00382934114895761,0.20023226737976074,0.00338047300465405,596.0714291095733,174.7224494420787,421.3489796674946,2.4115331545141467,11.263055555554462,13.301504850387573
vw11,3,60,WITH_MAP,17.5,175,16.593643188476562,19.082689666748045,5.72408751460806,13.358602152139985,13.358602152139985,2.3337522562414343,9.803277015686035,11.273768568038939,1,0.0262393020093441,0.7377684712409973,0.004461135249584913,0.22813299298286438,0.003398210508748889,615.1541187763213,180.44653695668677,434.7075818196345,2.4090658050366405,11.608055555557742,13.17595473898109
vw11,3,60,WITH_MAP,18.0,180,15.670589447021484,18.021177864074705,5.940773383169316,12.08040448090539,12.08040448090539,2.033473371519294,9.745476722717285,11.207298231124877,1,0.030155621469020844,0.7204351425170898,0.004657204728573561,0.24137328565120697,0.0033787242136895657,633.175296640396,186.3873103398561,446.78798630053996,2.397094445356139,12.078055555558093,13.316978061106056
vw11,3,60,WITH_MAP,18.5,185,15.797279357910156,18.16687126159668,6.167597367994899,11.99927389360178,11.99927389360178,1.9455345700529691,9.731801986694336,11.191572284698486,1,0.029097937047481537,0.729152262210846,0.004684239625930786,0.23362240195274353,0.0034432054962962866,651.3421679019928,192.554907707851,458.78726019414177,2.3826308332282293,12.5669444444443,13.204881567042321
vw11,3,60,WITH_MAP,19.0,190,14.644028663635254,16.84063296318054,6.373863716026638,10.466769247153902,10.466769247153902,1.6421388522688267,9.375749588012695,10.782112026214598,1,0.03510046750307083,0.7156223058700562,0.005418139975517988,0.24009142816066742,0.0037676203064620495,668.1828008651732,198.92877142387763,469.25402944129564,2.3589047782404924,12.955000000001126,12.15915804146789
vw11,3,60,WITH_MAP,19.5,195,16.392715454101562,18.851622772216796,6.587241955025844,12.264380817190952,12.264380817190952,1.861838520723175,9.678964614868164,11.130809307098389,1,0.02683803252875805,0.7455747127532959,0.004556011874228716,0.21956485509872437,0.003466422436758876,687.0344236373901,205.51601337890347,481.5184102584866,2.3429727072932565,13.313055555560991,10.536860255757347
vw11,3,60,WITH_MAP,20.0,200,13.366560935974121,15.371545076370237,6.825850718367192,8.545694358003045,8.545694358003045,1.2519603358755047,9.020146369934082,10.373168325424194,1,0.04344211518764496,0.7102534770965576,0.006039765663444996,0.23631888628005981,0.003945762291550636,702.4059687137603,212.34186409727067,490.06410461648966,2.3079014903627226,13.813888888894356,9.340793450595811
vw11,3,60,WITH_MAP,20.5,205,16.504344940185547,18.97999668121338,7.05008868481909,11.929907996394288,11.929907996394288,1.692164244980759,9.794672966003418,11.26387391090393,1,0.026417355984449387,0.7397013902664185,0.004500245209783316,0.2258899062871933,0.0034911041148006916,721.3859653949737,219.39195278208976,501.9940126128839,2.2881149752629604,14.298888888895016,8.242433497449383
vw11,3,60,WITH_MAP,21.0,210,21.070419311523438,24.23098220825195,7.298891586904653,16.9320906213473,16.9320906213473,2.319816703638413,10.210005760192871,11.7415066242218,1,0.014143143780529499,0.8140925168991089,0.003354543587192893,0.16506315767765045,0.0033466797322034836,745.6169476032256,226.69084436899442,518.9261032342313,2.28913569349785,14.80611111111424,7.404651932651177
vw11,3,60,WITH_MAP,21.5,215,21.026790618896484,24.180809211730956,7.534787955401315,16.64602125632964,16.64602125632964,2.209222257462061,10.062642097473145,11.572038412094114,1,0.015125595964491367,0.8184785842895508,0.0035291435196995735,0.15940190851688385,0.0034648317378014326,769.7977568149566,234.22563232439575,535.5721244905609,2.286564963773089,15.278055555557684,7.019261739158537
vw11,3,60,WITH_MAP,22.0,220,23.2768611907959,26.768390369415282,7.769603437123174,18.99878693229211,18.99878693229211,2.4452711243299605,10.311887741088867,11.858670902252197,1,0.010704979300498962,0.8546344637870789,0.0028647887520492077,0.12862074375152588,0.003175053745508194,796.566147184372,241.99523576151893,554.570911422853,2.2916604522304342,15.78500000000399,6.6692286703619175
vw11,3,60,WITH_MAP,22.5,225,24.843326568603516,28.56982555389404,8.02044561375044,20.549379940143602,20.549379940143602,2.5621244666148306,10.347288131713867,11.899381351470947,1,0.008860290050506592,0.8791850805282593,0.0026169195771217346,0.10629725456237793,0.0030404445715248585,825.135972738266,250.01568137526937,575.1202913629966,2.300336875668813,16.2980555555555,6.824068404326681
vw11,3,60,WITH_MAP,23.0,230,24.532772064208984,28.21268787384033,8.22770582216896,19.98498205167137,19.98498205167137,2.4289859753885796,10.371811866760254,11.927583646774291,1,0.009053399786353111,0.8731473088264465,0.002652399707585573,0.11209722608327866,0.003049739170819521,853.3486606121063,258.2433871974383,595.105273414668,2.3044356716080556,16.60194444444856,6.8258505733683705
vw11,3,60,WITH_MAP,23.5,235,20.798355102539062,23.91810836791992,8.380393117322733,15.537715250597188,15.537715250597188,1.854055655036024,10.220758438110352,11.753872203826903,1,0.014361921697854996,0.8164145350456238,0.0033182851038873196,0.1626768410205841,0.0032284322660416365,877.2667689800262,266.62378031476106,610.6429886652652,2.2902795389982633,16.886111111112797,6.649942533869762
vw11,3,60,WITH_MAP,24.0,240,21.343978881835938,24.545575714111326,8.406728882196372,16.138846831914954,16.138846831914954,1.919753456792633,10.274595260620117,11.815784549713134,1,0.013094078749418259,0.823600709438324,0.0031861744355410337,0.15687596797943115,0.0032429674174636602,901.8123446941376,275.03050919695744,626.78183549718,2.2789538416202513,16.796111111109635,6.143221800972242
vw11,3,60,WITH_MAP,24.5,245,21.83611297607422,25.11152992248535,8.295178573036132,16.816351349449217,16.816351349449217,2.0272440431977627,10.306601524353027,11.85259175300598,1,0.012328747659921646,0.8304154872894287,0.003081022994592786,0.1509988158941269,0.003175858873873949,926.9238746166229,283.3256877699936,643.5981868466293,2.271584309605941,16.56194444444199,5.867232593067456
vw11,3,60,WITH_MAP,25.0,250,21.628379821777344,24.87263679504394,8.144524748955632,16.72811204608831,16.72811204608831,2.0539089218475697,10.2777681350708,11.81943335533142,1,0.01246414240449667,0.8291273713111877,0.0031032199040055275,0.1521025002002716,0.0032028169371187687,951.7965114116669,291.4702125189492,660.3262988927177,2.2655018267082374,16.266111111109215,5.1803129117470235
vw11,3,60,WITH_MAP,25.5,255,23.811588287353516,27.38332653045654,7.969948449358496,19.413378081098045,19.413378081098045,2.435822289749018,10.368409156799316,11.923670530319212,1,0.00954861007630825,0.8628984689712524,0.0026735884603112936,0.12183839082717896,0.0030410108156502247,979.1798379421234,299.4401609683077,679.7396769738157,2.2700351040946654,15.90888888888517,5.109628140286077
vw11,3,60,WITH_MAP,26.0,260,21.547080993652344,24.779143142700192,7.7734988101660845,17.005644332534107,17.005644332534107,2.18764352421259,10.237789154052734,11.773457527160643,1,0.012436475604772568,0.8305232524871826,0.0031577430199831724,0.15061548352241516,0.0032671112567186356,1003.9589810848236,307.21365977847375,696.7453213063498,2.2679503307527416,15.41999999999784,4.30552017595619
vw11,3,60,WITH_MAP,26.5,265,22.449697494506836,25.81715211868286,7.565275007788356,18.251877110894505,18.251877110894505,2.412586071504925,10.327583312988281,11.876720809936522,1,0.011053708381950855,0.8413044810295105,0.0029215679969638586,0.14153212308883667,0.0031881893519312143,1029.7761332035063,314.7789347862621,714.9971984172442,2.2714264501299435,15.034999999996751,4.046406567969825
vw11,3,60,WITH_MAP,27.0,270,21.221027374267578,24.40418148040771,7.36504335094008,17.03913812946763,17.03913812946763,2.3135149811837485,10.231366157531738,11.766071081161497,1,0.013246002607047558,0.8224450349807739,0.0032025170512497425,0.15784229338169098,0.0032641924917697906,1054.180314683914,322.14397813720217,732.0363365467119,2.27238870265312,14.611944444441695,4.505994711595122
vw11,3,60,WITH_MAP,27.5,275,21.379974365234375,24.58697052001953,7.166914504311388,17.42005601570814,17.42005601570814,2.4306214348209103,10.231544494628906,11.766276168823241,1,0.01319635845720768,0.826449990272522,0.0031753461807966232,0.15393629670143127,0.003242035862058401,1078.7672852039336,329.31089264151353,749.4563925624201,2.2758323800065585,14.196944444441966,4.861125168565195
vw11,3,60,WITH_MAP,28.0,280,22.35069465637207,25.703298854827878,6.975053221328468,18.72824563349941,18.72824563349941,2.6850326498200436,10.288848876953125,11.832176208496092,1,0.011546696536242962,0.8427611589431763,0.0029930565506219864,0.13947881758213043,0.003220222657546401,1104.4705840587615,336.285945862842,768.1846381959194,2.284319780967689,13.861111111108622,5.18633211904671
vw11,3,60,WITH_MAP,28.5,285,17.030494689941406,19.585068893432616,6.790848531430122,12.794220362002495,12.794220362002495,1.8840385413968423,9.831766128540039,11.306531047821045,1,0.025467602536082268,0.7489675879478455,0.00442414591088891,0.21773794293403625,0.0034027099609375,1124.0556529521941,343.07679439427216,780.978858557922,2.2763966299055545,13.476111111107713,5.7328318846412
vw11,3,60,WITH_MAP,29.0,290,17.19062042236328,19.76921348571777,6.5960822216628365,13.173131264054934,13.173131264054934,1.9971144721016014,9.83665657043457,11.312155055999755,1,0.024516219273209572,0.7584004998207092,0.004362266510725021,0.20932947099208832,0.0033914498053491116,1143.8248664379119,349.67287661593497,794.1519898219769,2.2711283686273385,13.078888888889104,5.556660885573365
vw11,3,60,WITH_MAP,29.5,295,16.755178451538086,19.268455219268798,6.419861452252707,12.84859376701609,12.84859376701609,2.0013817841049457,9.824254035949707,11.297892141342162,1,0.025413721799850464,0.750989556312561,0.004376921337097883,0.2158513069152832,0.00336849014274776,1163.0933216571807,356.09273806818766,807.0005835889931,2.2662652093580795,12.74611111110644,4.909574764373247
vw11,3,60,WITH_MAP,30.0,300,17.01133155822754,19.563031291961668,6.240048146537156,13.322983145424512,13.322983145424512,2.135076978984201,9.809114456176758,11.28048162460327,1,0.025349991396069527,0.7542132139205933,0.004459667485207319,0.21251793205738068,0.003459203289821744,1182.6563529491423,362.3327862147248,820.3235667344175,2.264005902707019,12.371111111107352,4.454756687744521
vw11,3,60,WITH_MAP,30.5,305,18.522930145263672,21.301369667053223,6.061323016913182,15.240046650140041,15.240046650140041,2.514310259924286,9.959701538085938,11.453656768798828,1,0.02020825818181038,0.7786824107170105,0.0040601943619549274,0.193567156791687,0.0034819417633116245,1203.9577226161955,368.394109231638,835.5636133845575,2.2681242518434885,12.033888888887184,3.964542605332099
vw11,3,60,WITH_MAP,31.0,310,20.32166862487793,23.369918918609617,5.902108307640447,17.46781061096917,17.46781061096917,2.9595882861648937,10.21757698059082,11.750213527679442,1,0.015063988044857979,0.8060814142227173,0.003452118718996644,0.17212550342082977,0.0032769758254289627,1227.327641534805,374.2962175392785,853.0314239955266,2.27902763646285,11.703888888883213,3.365811191877583
vw11,3,60,WITH_MAP,31.5,315,19.848278045654297,22.82551975250244,5.723708063149255,17.101811689353184,17.101811689353184,2.9878902803340317,10.151183128356934,11.673860597610473,1,0.01605549268424511,0.8037832379341125,0.003559894859790802,0.17330576479434967,0.0032955813221633434,1250.1531612873075,380.01992560242775,870.1332356848798,2.2897042419696767,11.346111111107735,2.8438330283097457
vw11,3,60,WITH_MAP,32.0,320,17.739845275878906,20.40082206726074,5.577317898287898,14.823504168972843,14.823504168972843,2.657819482286154,9.934712409973145,11.424919271469115,1,0.02189500443637371,0.7666194438934326,0.004159531556069851,0.20393986999988556,0.0033861580304801464,1270.5539833545683,385.59724350071565,884.9567398538527,2.295028698389049,11.11305555555467,3.233435106318211
vw11,3,60,WITH_MAP,32.5,325,16.75728416442871,19.270876789093016,5.475945046042406,13.794931743050611,13.794931743050611,2.5191873963418483,9.781347274780273,11.248549365997313,1,0.02527194656431675,0.7561166286468506,0.004412760026752949,0.21082109212875366,0.0033776143100112677,1289.8248601436615,391.07318854675805,898.7516715969034,2.2981674477268483,10.874999999995213,3.993999888538383
vw11,3,60,WITH_MAP,33.0,330,15.515109062194824,17.842375421524046,5.317420821069906,12.52495460045414,12.52495460045414,2.355456718946315,9.561990737915039,10.996289348602295,1,0.03085063211619854,0.7421579957008362,0.004757253918796778,0.21887628734111786,0.0033577419817447662,1307.6672355651856,396.39060936782795,911.2766261973577,2.2989359602909887,10.578888888883956,4.674598516256083
vw11,3,60,WITH_MAP,33.5,335,13.361434936523438,15.365650177001951,5.160684658621735,10.204965518380217,10.204965518380217,1.977444117096211,9.211699485778809,10.593454408645629,1,0.04225601255893707,0.7289732694625854,0.005410495214164257,0.22001266479492188,0.0033476194366812706,1323.0328857421875,401.5512940264497,921.4815917157379,2.294804189212851,10.208888888889218,4.961070104269311
vw11,3,60,WITH_MAP,34.0,340,12.994242668151855,14.943379068374632,5.026539632579762,9.91683943579487,9.91683943579487,1.972895900694464,9.14455795288086,10.516241645812988,1,0.044582467526197433,0.7303363680839539,0.005509688053280115,0.21623709797859192,0.003334310371428728,1337.9762648105623,406.57783365902947,931.3984311515328,2.2908244228893118,9.954999999996987,5.158760288613848
vw11,3,60,WITH_MAP,34.5,345,8.9010591506958,10.23621802330017,4.79993726503687,5.4362807582633,5.4362807582633,1.1325732937931519,8.22875690460205,9.463070440292357,1,0.08889227360486984,0.7190617918968201,0.007276752032339573,0.1810232400894165,0.0037459044251590967,1348.2124828338624,411.37777092406634,936.834711909796,2.2773100009886544,9.308888888885761,5.53892575239297
vw11,3,60,WITH_MAP,35.0,350,7.003098487854004,8.053563261032103,4.327835925588861,3.725727335443242,3.725727335443242,0.8608753657721685,7.814006328582764,8.986107277870177,1,0.12183640152215958,0.7103927731513977,0.007886676117777824,0.15610910952091217,0.003774987068027258,1356.2660460948946,415.7056068496552,940.5604392452394,2.2625637560510556,8.148888888888422,5.536591007665265
vw11,3,60,WITH_MAP,35.5,355,1.6665735244750977,1.9165595531463622,3.9131619303049705,-1.9966023771586083,1.9966023771586083,-0.5102273845853867,6.145275115966797,7.067066383361816,1,0.37010228633880615,0.5285930037498474,0.011423884890973568,0.08561396598815918,0.004266846925020218,1358.1826056480409,419.6187687799602,938.5638368680807,2.2367060453395617,7.62694444444093,5.291520889906678
vw11,3,60,WITH_MAP,36.0,360,0.0,0.0,3.463035221425438,-3.463035221425438,3.463035221425438,-1.0,4.701833724975586,5.407108783721924,0,0.6200389266014099,0.3165999948978424,0.013333081267774105,0.0457763709127903,0.004251720383763313,1358.1826056480409,423.08180400138565,935.1008016466552,2.2102127598084853,6.411111111098778,4.083503096771892
vw11,3,60,WITH_MAP,36.5,365,0.0,0.0,2.635824513227417,-2.635824513227417,2.635824513227417,-1.0,4.5485734939575195,5.2308595180511475,0,0.6371496915817261,0.3005967438220978,0.013801340013742447,0.04407269135117531,0.00437954580411315,1358.1826056480409,425.71762851461307,932.4649771334277,2.19033677413577,4.648055555545916,0.127964506367789
vw11,3,60,WITH_MAP,37.0,370,0.0,0.0,1.8410826751866647,-1.8410826751866647,1.8410826751866647,-1.0,4.476053237915039,5.147461223602295,0,0.647550642490387,0.2911493182182312,0.014043782837688923,0.04283546656370163,0.004420790821313858,1358.1826056480409,427.55871118979974,930.6238944582411,2.1765990730688753,3.1680555555489622,0.14977689044826548
vw11,3,60,WITH_MAP,37.5,375,0.0,0.0,1.2906670063172843,-1.2906670063172843,1.2906670063172843,-1.0,4.6064910888671875,5.297464752197265,0,0.6300504207611084,0.30680379271507263,0.013758274726569653,0.045028723776340485,0.004358820151537657,1358.1826056480409,428.849378196117,929.3332274519239,2.1670387662936768,2.3361111111084756,0.17735776942754455
vw11,3,60,WITH_MAP,38.0,380,0.0,0.0,1.0042838911494498,-1.0042838911494498,1.0042838911494498,-1.0,4.730031490325928,5.439536213874817,0,0.6127367615699768,0.3218475580215454,0.01364912185817957,0.047417085617780685,0.0043494519777596,1358.1826056480409,429.85366208726646,928.3289435607744,2.1596394899906897,1.8388888888833386,0.15999313742941013
vw11,3,60,WITH_MAP,38.5,385,0.0,0.0,0.6621006755677032,-0.6621006755677032,0.6621006755677032,-1.0,4.8865838050842285,5.619571375846863,0,0.5865668654441833,0.34412455558776855,0.013504202477633953,0.0514528788626194,0.0043515306897461414,1358.1826056480409,430.5157627628342,927.6668428852067,2.154780203474796,1.094999999995509,0.1660389292810578
vw11,3,60,WITH_MAP,39.0,390,0.0,0.0,0.32467459345522565,-0.32467459345522565,0.32467459345522565,-1.0,5.113823890686035,5.88089747428894,0,0.5484377145767212,0.3760595917701721,0.013367118313908577,0.05775041505694389,0.004385234322398901,1358.1826056480409,430.8404373562894,927.3421682917515,2.1524028106137894,0.4569444444374079,0.13116153698319977
vw11,3,60,WITH_MAP,39.5,395,0.0,0.0,0.07080143219153544,-0.07080143219153544,0.07080143219153544,-1.0,5.2294111251831055,6.01382279396057,0,0.5280019044876099,0.3931829035282135,0.01326132845133543,0.06114351004362106,0.0044102915562689304,1358.1826056480409,430.91123878848094,927.27136685956,2.1518848509651534,0.07694444444432948,0.09701880438024091
vw11,3,60,WITH_MAP,40.0,400,0.0,0.0,0.0309741948664049,-0.0309741948664049,0.0309741948664049,-1.0,5.1013641357421875,5.866568756103515,0,0.547785758972168,0.3767162263393402,0.01334276795387268,0.05773799493908882,0.004417317919433117,1358.1826056480409,430.94221298334736,927.2403926646934,2.151658307608227,0.05194444444394359,0.0908912433524165
vw11,3,60,WITH_MAP,40.5,405,0.0,0.0,0.02474679838439897,-0.02474679838439897,0.02474679838439897,-1.0,4.8667521476745605,5.5967649698257445,0,0.5862473249435425,0.3437162935733795,0.01370200514793396,0.051879338920116425,0.0044549391604959965,1358.1826056480409,430.96695978173176,927.2156458663092,2.1514773344478852,0.0030555555562616775,0.11752453013832564
vw11,3,60,WITH_MAP,41.0,410,0.0,0.0,0.01793314557426129,-0.01793314557426129,0.01793314557426129,-1.0,4.66751766204834,5.367645311355591,0,0.6175301671028137,0.3168643116950989,0.01391137670725584,0.04725312814116478,0.004440976772457361,1358.1826056480409,430.984892927306,927.1977127207349,2.1513462024691545,0.026111111110692368,0.018913917901045352
vw11,3,60,WITH_MAP,41.5,415,0.0,0.0,0.026082099947357502,-0.026082099947357502,0.026082099947357502,-1.0,4.708902359008789,5.415237712860107,0,0.6106367111206055,0.3228331506252289,0.013959778472781181,0.048099420964717865,0.004470970015972853,1358.1826056480409,431.0109750272534,927.1716306207875,2.1511555026230162,0.02111111111096332,0.012943060681664065
vw11,3,60,WITH_MAP,42.0,420,0.0,0.0,0.03156045037417243,-0.03156045037417243,0.03156045037417243,-1.0,4.6441802978515625,5.340807342529296,0,0.617723822593689,0.31667062640190125,0.013945585116744041,0.04717976599931717,0.004480141680687666,1358.1826056480409,431.04253547762755,927.1400701704133,2.1509247785559547,0.018055555555202496,0.0
vw11,3,60,WITH_MAP,42.5,425,0.0,0.0,0.01793314560455883,-0.01793314560455883,0.01793314560455883,-1.0,4.62956428527832,5.323998928070068,0,0.6229764819145203,0.31217971444129944,0.013950211927294731,0.046419255435466766,0.0044743455946445465,1358.1826056480409,431.0604686232321,927.1221370248088,2.1507936925553683,0.01611111111107824,0.0
vw11,3,60,WITH_MAP,43.0,430,0.0,0.0,0.026668355525506452,-0.026668355525506452,0.026668355525506452,-1.0,4.505146503448486,5.180918478965759,0,0.643109142780304,0.2947792112827301,0.014078810811042786,0.04358543083071709,0.0044472794979810715,1358.1826056480409,431.0871369787576,927.0954686692833,2.150598774917673,0.021111111111135745,0.0
vw11,3,60,WITH_MAP,43.5,435,0.0,0.0,0.02905263839897998,-0.02905263839897998,0.02905263839897998,-1.0,4.624631404876709,5.318326115608215,0,0.6267990469932556,0.3098892271518707,0.013752664439380169,0.04518227279186249,0.004376772325485945,1358.1826056480409,431.1161896171566,927.0664160308843,2.1503864581243066,0.031111111110897607,0.0
vw11,3,60,WITH_MAP,44.0,440,0.0,0.0,0.02474679838439897,-0.02474679838439897,0.02474679838439897,-1.0,4.549917221069336,5.232404804229736,0,0.6278207302093506,0.3076328635215759,0.01411315705627203,0.04590407386422157,0.004529133439064026,1358.1826056480409,431.140936415541,927.0416692324999,2.1502056309934843,0.010000000000262743,0.0
vw11,3,60,WITH_MAP,44.5,445,0.0,0.0,0.024746797594389136,-0.024746797594389136,0.024746797594389136,-1.0,4.293062686920166,4.937022089958191,0,0.6610522270202637,0.27745237946510315,0.01473784539848566,0.04207892715930939,0.004678620491176844,1358.1826056480409,431.16568321313537,927.0169224349055,2.1500248246256164,0.049999999999466305,0.0
vw11,3,60,WITH_MAP,45.0,450,0.0,0.0,0.03097419473549362,-0.03097419473549362,0.03097419473549362,-1.0,4.242795467376709,4.879214787483215,0,0.6716790199279785,0.268697053194046,0.014704179018735886,0.04027879983186722,0.0046409606002271175,1358.1826056480409,431.1966574078709,926.98594824017,2.1497985485618685,0.016944444444091385,0.0
vw11,3,60,WITH_MAP,45.5,455,0.0,0.0,0.031560452744543,-0.031560452744543,0.031560452744543,-1.0,4.335055828094482,4.985314202308654,0,0.6614783406257629,0.2786922752857208,0.014337750151753426,0.0409618616104126,0.004529778379946947,1358.1826056480409,431.2282178606154,926.9543877874255,2.149568023136747,0.015000000000476223,0.0
vw11,3,60,WITH_MAP,46.0,460,0.0,0.0,0.030974194764318015,-0.030974194764318015,0.030974194764318015,-1.0,4.262765884399414,4.902180767059326,0,0.6685588955879211,0.27183547616004944,0.014481417834758759,0.040507812052965164,0.004616319201886654,1358.1826056480409,431.25919205537974,926.9234135926611,2.1493418126926116,0.01500000000020527,0.0
vw11,3,60,WITH_MAP,46.5,465,0.0,0.0,0.024746797624629835,-0.024746797624629835,0.024746797624629835,-1.0,4.167176246643066,4.792252683639526,0,0.6851565837860107,0.25673678517341614,0.01469007320702076,0.0387476347386837,0.00466883834451437,1358.1826056480409,431.2839388530044,926.8986667950364,2.1491611054659603,0.0280555555552271,0.0
vw11,3,60,WITH_MAP,47.0,470,0.0,0.0,0.033482008335671276,-0.033482008335671276,0.033482008335671276,-1.0,4.135896682739258,4.756281185150146,0,0.6921943426132202,0.2508799731731415,0.014656185172498226,0.03763444721698761,0.004635001067072153,1358.1826056480409,431.31742086134005,926.8651847867009,2.148916644581044,0.054999999999671575,0.0
vw11,3,60,WITH_MAP,47.5,475,0.0,0.0,0.03837410391400908,-0.03837410391400908,0.03837410391400908,-1.0,4.231404781341553,4.8661154985427855,0,0.6791174411773682,0.2628721594810486,0.014459941536188126,0.038969963788986206,0.004580439534038305,1358.1826056480409,431.35579496525406,926.8268106827868,2.1486365119018354,0.016111111111283508,0.0
vw11,3,60,WITH_MAP,48.0,480,0.0,0.0,0.024746799174522494,-0.024746799174522494,0.024746799174522494,-1.0,4.211048126220703,4.842705345153808,0,0.6782054305076599,0.26298293471336365,0.014617429114878178,0.03953399881720543,0.004660277161747217,1358.1826056480409,431.3805417644286,926.8020638836123,2.1484558855919076,0.028888888889332266,0.0
vw11,3,60,WITH_MAP,48.5,485,0.0,0.0,0.04029566045754495,-0.04029566045754495,0.04029566045754495,-1.0,4.072768211364746,4.683683443069458,0,0.697511613368988,0.24538485705852509,0.014905665069818497,0.037449803203344345,0.004748036153614521,1358.1826056480409,431.42083742488614,926.7617682231547,2.1481618128482527,0.05611111111096329,0.0
vw11,3,60,WITH_MAP,49.0,490,0.0,0.0,0.020440958400229192,-0.020440958400229192,0.020440958400229192,-1.0,4.099225997924805,4.714109897613525,0,0.6974917054176331,0.2461043745279312,0.014710783958435059,0.03703118488192558,0.004662021994590759,1358.1826056480409,431.4412783832864,926.7413272647545,2.1480126582636596,0.006944444444887824,0.0
vw11,3,60,WITH_MAP,49.5,495,0.0,0.0,0.017933145574318132,-0.017933145574318132,0.017933145574318132,-1.0,4.158636569976807,4.782432055473327,0,0.6902218461036682,0.25321057438850403,0.01445810403674841,0.037538014352321625,0.004571429453790188,1358.1826056480409,431.4592115288607,926.7233941191802,2.14788181444862,0.030000000000032844,0.0
vw11,3,60,WITH_MAP,50.0,500,0.0,0.0,0.02044095833952042,-0.02044095833952042,0.02044095833952042,-1.0,4.279731750488281,4.921691513061523,0,0.6753633618354797,0.26719528436660767,0.014046560041606426,0.03896046057343483,0.004434301517903805,1358.1826056480409,431.4796524872002,926.7029531608407,2.147732686394363,0.01500000000032843,0.0
vw11,3,60,WITH_MAP,50.5,505,0.0,0.0,0.033482007738299895,-0.033482007738299895,0.033482007738299895,-1.0,4.2106242179870605,4.8422178506851195,0,0.6818514466285706,0.260830819606781,0.014315453357994556,0.03846233710646629,0.0045399051159620285,1358.1826056480409,431.5131344949385,926.6694711531023,2.14748844722355,0.03305555555561303,0.0
vw11,3,60,WITH_MAP,51.0,510,0.0,0.0,0.013627305590034666,-0.013627305590034666,0.013627305590034666,-1.0,4.1133646965026855,4.730369400978088,0,0.6920671463012695,0.2507922053337097,0.014704970642924309,0.03774617984890938,0.004689553286880255,1358.1826056480409,431.52676180052856,926.6558438475123,2.1473890517961784,0.031111111111111086,0.0
vw11,3,60,WITH_MAP,51.5,515,0.0,0.0,0.013627305559793967,-0.013627305559793967,0.013627305559793967,-1.0,4.011992931365967,4.613791871070862,0,0.7004168629646301,0.24151600897312164,0.01545017771422863,0.037637148052453995,0.004979751538485289,1358.1826056480409,431.54038910608836,926.6422165419525,2.1472896626465015,0.044999999999885056,0.0
vw11,3,60,WITH_MAP,52.0,520,0.0,0.0,0.02044095840017235,-0.02044095840017235,0.02044095840017235,-1.0,4.0002217292785645,4.600254988670349,0,0.7051881551742554,0.23735208809375763,0.015457391738891602,0.03703446313738823,0.004967924673110247,1358.1826056480409,431.5608300644885,926.6217755835523,2.147140590690509,0.03194444444394359,0.0
vw11,3,60,WITH_MAP,52.5,525,0.0,0.0,0.020440958430413048,-0.020440958430413048,0.020440958430413048,-1.0,4.036057472229004,4.641466093063354,0,0.7040654420852661,0.23920851945877075,0.015151881612837315,0.03673765808343887,0.004836414474993944,1358.1826056480409,431.58127102291894,926.6013346251219,2.1469915328552687,0.008888888888864258,0.0
vw11,3,60,WITH_MAP,53.0,530,0.0,0.0,0.0,0.0,0.0,0.0,4.055034160614014,4.663289284706115,0,0.6991065144538879,0.24363891780376434,0.015110957436263561,0.03730878606438637,0.004834678024053574,1358.1826056480409,431.58127102291894,926.6013346251219,2.1469915328552687,0.03694444444412423,0.0
vw11,3,60,WITH_MAP,53.5,535,0.0,0.0,0.02044095833969095,-0.02044095833969095,0.02044095833969095,-1.0,4.130477428436279,4.750049042701721,0,0.6942325830459595,0.24914108216762543,0.014596663415431976,0.037394504994153976,0.004635147284716368,1358.1826056480409,431.60171198125863,926.5808936667822,2.1468424891396563,0.01999999999988505,0.0
vw11,3,60,WITH_MAP,54.0,540,0.0,0.0,0.02044095833952042,-0.02044095833952042,0.02044095833952042,-1.0,4.239821434020996,4.8757946491241455,0,0.6710444688796997,0.2679157257080078,0.015202323906123638,0.04091336950659752,0.00492411432787776,1358.1826056480409,431.62215293959815,926.5604527084427,2.1466934595410048,0.021111111111488806,0.0
vw11,3,60,WITH_MAP,54.5,545,5.284087181091309,6.076700258255005,0.037201590588411756,6.039498667666593,6.039498667666593,162.3451732074028,6.279574394226074,7.221510553359985,1,0.25067031383514404,0.6041274070739746,0.015911780297756195,0.1219789981842041,0.0073114968836307526,1364.2593059062958,431.6593545301866,932.5999513761092,2.160499805202046,0.018888888888773943,0.32607711077071144
vw11,3,60,WITH_MAP,55.0,550,10.466880798339844,12.036912918090819,0.0,12.036912918090819,12.036912918090819,1203.6912918090818,7.784249782562256,8.951887249946594,1,0.09581755101680756,0.6956326365470886,0.010676400735974312,0.19188855588436127,0.005984915886074305,1376.2962188243866,431.6593545301866,944.6368642942,2.188385017909163,0.016944444444419813,0.7303901641207631
vw11,3,60,WITH_MAP,55.5,555,16.88243865966797,19.414804458618164,0.0247467984148102,19.390057660203354,19.390057660203354,783.5380292506443,9.5410737991333,10.972234869003294,1,0.028394849970936775,0.7463653683662415,0.005070927087217569,0.2163316011428833,0.003837211988866329,1395.7110232830048,431.6841013286014,964.0269219544034,2.2331768044906024,0.026944444444386945,0.543203794186411
vw11,3,60,WITH_MAP,56.0,560,18.143264770507812,20.86475448608398,0.03289575277343028,20.83185873331055,20.83185873331055,633.2689474167112,9.902262687683105,11.387602090835571,1,0.02142852544784546,0.762058436870575,0.004206182900816202,0.2087511569261551,0.0035556359216570854,1416.5757777690887,431.7169970813748,984.858780687714,2.2812601480735233,0.0069444444447400305,0.42521650461276295
vw11,3,60,WITH_MAP,56.5,565,17.679893493652344,20.331877517700192,0.0,20.331877517700192,20.331877517700192,2033.1877517700193,9.881560325622559,11.363794374465941,1,0.022720880806446075,0.7542570233345032,0.004308805335313082,0.21516211330890656,0.0035512815229594707,1436.907655286789,431.7169970813748,1005.1906582054141,2.328355531519517,0.015000000000057476,0.0
vw11,3,60,WITH_MAP,57.0,570,18.96466064453125,21.809359741210937,0.026668354851880734,21.782691386359055,21.782691386359055,816.7992179248685,10.022639274597168,11.526035165786743,1,0.018751613795757294,0.7794831395149231,0.0039078532718122005,0.19439363479614258,0.0034638240467756987,1458.7170150279999,431.7436654362267,1026.973349591773,2.3786645452091024,0.015000000000032845,0.0
vw11,3,60,WITH_MAP,57.5,575,17.965423583984375,20.66023712158203,0.024746799144281795,20.635490322437747,20.635490322437747,833.865026427305,9.93790054321289,11.428585624694824,1,0.021455861628055573,0.7644006013870239,0.004159585572779179,0.20652712881565094,0.0034568205010145903,1479.3772521495819,431.768412235371,1047.6088399142109,2.426321171783927,0.03000000000032843,0.0
vw11,3,60,WITH_MAP,58.0,580,18.445743560791016,21.212605094909666,0.013627305559793967,21.198977789349872,21.198977789349872,1555.625042407164,10.009875297546387,11.511356592178343,1,0.01999160833656788,0.7727089524269104,0.004008502699434757,0.19986087083816528,0.0034300752449780703,1500.5898572444914,431.7820395409308,1068.8078177035607,2.475341074491921,0.01888888888853583,0.0
vw11,3,60,WITH_MAP,58.5,585,17.945960998535156,20.637855148315428,0.01985470279172586,20.618000445523702,20.618000445523702,1038.444174249535,9.982983589172363,11.480431127548217,1,0.021415574476122856,0.7640389204025269,0.004099711310118437,0.20702925324440002,0.00341654010117054,1521.2277123928068,431.80189424372253,1089.4258181490843,2.5229760051357677,0.01805555555617136,0.0
vw11,3,60,WITH_MAP,59.0,590,16.686429977416992,19.18939447402954,0.03778784918635137,19.15160662484319,19.15160662484319,506.8191769898504,9.822535514831543,11.295915842056274,1,0.02627144567668438,0.7395111918449402,0.004489557817578316,0.2262733429670334,0.0034544821828603745,1540.4171068668363,431.8396820929089,1108.5774247739273,2.567104114659432,0.11194444444412421,0.18301772733138932
vw11,3,60,WITH_MAP,59.5,595,16.234621047973633,18.669814205169676,0.1903031219133744,18.479511083256302,18.479511083256302,97.1056643603994,9.729059219360352,11.188418102264404,1,0.028594668954610825,0.7312378883361816,0.004669950809329748,0.23201057314872742,0.0034869422670453787,1559.086921072006,432.02998521482226,1127.0569358571836,2.6087470185588315,0.7550000000112651,0.0
vw11,4,30,WITHOUT_MAP,2.0,20,20.76141357421875,23.87562561035156,9.823963213909296,14.051662396442262,14.051662396442262,1.4303455835977847,10.198789596557617,11.728608036041258,1,0.014729970134794712,0.8152373433113098,0.0033946039620786905,0.16336938738822937,0.0032686751801520586,23.87562561035156,9.823963213909296,14.051662396442262,1.4303455835977847,19.746111111114217,18.10259021818638
vw11,4,30,WITHOUT_MAP,2.5,25,18.77623748779297,21.59267311096191,9.912444969835082,11.680228141126829,11.680228141126829,1.1783397715368258,10.032114028930664,11.536931133270263,1,0.019045813009142876,0.7850005030632019,0.003891172120347619,0.18869802355766296,0.003364411648362875,45.468298721313474,19.73640818374438,25.731890537569093,1.3037777845901468,19.936111111113647,17.85355434077792
vw11,4,30,WITHOUT_MAP,3.0,30,15.236794471740723,17.522313642501828,10.032054856834588,7.4902587856672405,7.4902587856672405,0.7466325585893616,9.523988723754883,10.952587032318114,1,0.03226277232170105,0.7261426448822021,0.005034377798438072,0.23301127552986145,0.003548916894942522,62.9906123638153,29.76846304057897,33.22214932323634,1.1160182935192007,20.20305555555691,17.096817137906328
vw11,4,30,WITHOUT_MAP,3.5,35,17.836456298828125,20.511924743652344,10.19258905266822,10.319335690984124,10.319335690984124,1.0124351759558798,9.77621078491211,11.242642402648926,1,0.022741451859474182,0.7714055776596069,0.0043108039535582066,0.19798670709133148,0.003555439878255129,83.50253710746765,39.96105209324719,43.541485014220456,1.0895980644508183,20.506944444448198,16.851085593923926
vw11,4,30,WITHOUT_MAP,4.0,40,19.51492691040039,22.442165946960447,10.369628572406672,12.072537374553775,12.072537374553775,1.1642208098637692,9.926623344421387,11.415616846084594,1,0.01779160648584366,0.800664484500885,0.0038702653255313635,0.17413020133972168,0.0035434234887361526,105.94470305442809,50.33068066565386,55.61402238877423,1.1049725863676978,20.908055555557,16.737570728175342
vw11,4,30,WITHOUT_MAP,4.5,45,25.341327667236328,29.142526817321777,10.540258939395352,18.602267877926423,18.602267877926423,1.764877692747988,10.325963020324707,11.874857473373412,1,0.008635859936475754,0.8806120157241821,0.00262352149002254,0.10506992042064667,0.003058673581108451,135.08722987174986,60.87093960504921,74.21629026670064,1.2192400963126326,21.260000000001366,16.199855831451714
vw11,4,30,WITHOUT_MAP,5.0,50,25.25415802001953,29.04228172302246,10.694879659038826,18.347402063983633,18.347402063983633,1.7155314177357053,10.340019226074219,11.89102210998535,1,0.008584887720644474,0.8812177777290344,0.0025728847831487656,0.10459473729133606,0.00302982609719038,164.1295115947723,71.56581926408803,92.56369233068428,1.2934064513271497,21.52194444444533,16.130994542501867
vw11,4,30,WITHOUT_MAP,5.5,55,21.694644927978516,24.94884166717529,10.815721371170547,14.133120296004744,14.133120296004744,1.306720080056497,10.209250450134277,11.740638017654417,1,0.012603359296917915,0.8336511254310608,0.0031909921672195196,0.1472385674715042,0.0033159730955958366,189.0783532619476,82.38154063525857,106.69681262668902,1.2951543732240391,21.788055555554635,15.971980814123526
vw11,4,30,WITHOUT_MAP,6.0,60,22.53936004638672,25.920264053344724,10.880839019480446,15.039425033864278,15.039425033864278,1.3821935061201194,10.297626495361328,11.842270469665527,1,0.01118178479373455,0.8447074294090271,0.0030096028931438923,0.13782590627670288,0.0032752142287790775,214.99861731529234,93.26237965473902,121.73623766055331,1.3053091515702862,21.835000000000093,16.278585807420313
vw11,4,30,WITHOUT_MAP,6.5,65,18.405529022216797,21.166358375549315,10.955302800498895,10.21105557505042,10.21105557505042,0.9320651159532913,9.967499732971191,11.462624692916869,1,0.020449098199605942,0.7763261198997498,0.00398618308827281,0.1958818882703781,0.0033566916827112436,236.16497569084166,104.21768245523792,131.94729323560375,1.2660739533550447,21.988055555557647,15.882340928772464
vw11,4,30,WITHOUT_MAP,7.0,70,20.01967430114746,23.022625446319577,11.07109436538435,11.951531080935226,11.951531080935226,1.0795257168346166,10.022658348083496,11.52605710029602,1,0.016898812726140022,0.8101745247840881,0.003643081057816744,0.1658901870250702,0.003393390914425254,259.1876011371612,115.28877682062227,143.89882431653893,1.2481598667703016,22.274999999999057,15.227829144336283
vw11,4,30,WITHOUT_MAP,7.5,75,16.983386993408203,19.53089504241943,11.12747898314088,8.40341605927855,8.40341605927855,0.7551949612316026,9.877584457397461,11.35922212600708,1,0.025307901203632355,0.7487018704414368,0.0042821685783565044,0.21841897070407867,0.0032890753354877234,278.71849617958065,126.41625580376315,152.30224037581752,1.2047678473584709,22.345000000001804,14.526186902890913
vw11,4,30,WITHOUT_MAP,8.0,80,16.648174285888672,19.14540042877197,11.22621632217501,7.919184106596962,7.919184106596962,0.7054188053506767,9.723966598510742,11.182561588287353,1,0.02743782475590706,0.7414854168891907,0.004710373003035784,0.22281894087791443,0.0035473627503961325,297.8638966083526,137.64247212593816,160.22142448241445,1.1640405901444237,22.56111111111398,14.247998621314764
vw11,4,30,WITHOUT_MAP,8.5,85,19.982833862304688,22.98025894165039,11.381633413336852,11.598625528313539,11.598625528313539,1.0190651119304561,10.19636058807373,11.72581467628479,1,0.016022412106394768,0.8002852201461792,0.0035534764174371958,0.17683658003807068,0.0033023604191839695,320.844155550003,149.024105539275,171.82005001072798,1.1529681683977304,22.91388888889217,13.750357488403097
vw11,4,30,WITHOUT_MAP,9.0,90,21.37032127380371,24.575869464874266,11.550232574799523,13.025636890074743,13.025636890074743,1.127738061179329,10.281509399414062,11.823735809326172,1,0.013216604478657246,0.8220421671867371,0.0032306285575032234,0.15822860598564148,0.0032820808701217175,345.42002501487724,160.57433811407452,184.84568690080272,1.1511533478623803,23.29305555555523,13.093810722464696
vw11,4,30,WITHOUT_MAP,9.5,95,19.06600570678711,21.925906562805174,11.684311467123846,10.241595095681328,10.241595095681328,0.8765253412234096,10.096525192260742,11.611003971099853,1,0.018731961026787758,0.7797197103500366,0.003811290254816413,0.19442792236804962,0.0033090775832533836,367.3459315776824,172.25864958119837,195.08728199648402,1.1325253185879924,23.481111111112824,13.198945002979599
vw11,4,30,WITHOUT_MAP,10.0,100,19.572031021118164,22.507835674285886,11.810730413194886,10.697105261091,10.697105261091,0.9057107297225454,10.14188289642334,11.663165330886839,1,0.016935402527451515,0.7918981313705444,0.0036212990526109934,0.18425096571445465,0.003294150112196803,389.8537672519683,184.06937999439324,205.78438725757505,1.1179718607399192,23.79805555555919,12.678820626577362
vw11,4,30,WITHOUT_MAP,10.5,105,18.435564041137695,21.20089864730835,12.052061603644491,9.148837043663859,9.148837043663859,0.7591097145485292,10.05294132232666,11.560882520675658,1,0.020025543868541718,0.7705345749855042,0.003912886139005423,0.2022092342376709,0.00331774796359241,411.05466589927664,196.12144159803773,214.9332243012389,1.0959190517361024,24.30888888889315,12.879918954218738
vw11,4,30,WITHOUT_MAP,11.0,110,16.5755558013916,19.061889171600342,12.288820407146261,6.773068764454081,6.773068764454081,0.5511569491662006,9.818292617797852,11.291036510467528,1,0.026382368057966232,0.741413414478302,0.00444382056593895,0.22437161207199097,0.0033887920435518026,430.116555070877,208.410262005184,221.706293065693,1.0637973914172147,24.773055555558535,12.293022580794059
vw11,4,30,WITHOUT_MAP,11.5,115,17.016145706176758,19.56856756210327,12.533809050238988,7.034758511864281,7.034758511864281,0.5612626204585546,9.926790237426758,11.415808773040771,1,0.02500172145664692,0.7429896593093872,0.00428928155452013,0.2243712693452835,0.003348097437992692,449.68512263298027,220.944071055423,228.74105157755727,1.0352893856118839,25.266111111114387,12.773292763042264
vw11,4,30,WITHOUT_MAP,12.0,120,13.921335220336914,16.00953550338745,12.752459850404648,3.2570756529828024,3.2570756529828024,0.255407638305911,9.335867881774902,10.736248064041137,1,0.039541397243738174,0.7041580080986023,0.005416299216449261,0.2472502887248993,0.0036340777296572924,465.6946581363677,233.69653090582764,231.99812723054006,0.9927324395073199,25.71500000000015,12.512166245141998
vw11,4,30,WITHOUT_MAP,12.5,125,18.432321548461914,21.1971697807312,12.880519011677185,8.316650769054016,8.316650769054016,0.6456766813134106,10.065463066101074,11.575282526016235,1,0.020350415259599686,0.7644636631011963,0.00394559046253562,0.20789018273353577,0.003350134938955307,486.8918279170989,246.57704991750484,240.31477799959407,0.97460318419737,25.816111111107055,10.739927185699344
vw11,4,30,WITHOUT_MAP,13.0,130,14.963828086853027,17.20840229988098,12.823129695512428,4.385272604368552,4.385272604368552,0.3419814591677427,9.471871376037598,10.892652082443236,1,0.03593103215098381,0.707256555557251,0.0053854575380682945,0.24767564237117767,0.003751295618712902,504.10023021697987,259.40017961301726,244.7000506039626,0.9433303052026223,25.69999999999767,10.002406755345874
vw11,4,30,WITHOUT_MAP,13.5,135,18.63886260986328,21.43469200134277,12.811835403256055,8.622856598086717,8.622856598086717,0.6730383529509961,10.067218780517578,11.577301597595214,1,0.01935136690735817,0.7745452523231506,0.0038905073888599873,0.19883553683757782,0.0033772445749491453,525.5349222183227,272.2120150162733,253.32290720204935,0.930608838801275,25.706111111112822,9.692938798572868
vw11,4,30,WITHOUT_MAP,14.0,140,16.100971221923828,18.5161169052124,12.869600424637586,5.646516480574814,5.646516480574814,0.43874839111283614,9.79776382446289,11.267428398132324,1,0.028405435383319855,0.7293052077293396,0.004574821330606937,0.23429204523563385,0.0034224442206323147,544.051039123535,285.0816154409109,258.9694236826241,0.9084045047313859,25.77388888889312,8.26521515659988
vw11,4,30,WITHOUT_MAP,14.5,145,17.072412490844727,19.633274364471433,12.969282291649552,6.66399207282188,6.66399207282188,0.5138289014737988,9.879898071289062,11.361882781982422,1,0.02465030364692211,0.7491868138313293,0.004305524285882711,0.21849648654460907,0.0033608449157327414,563.6843134880064,298.0508977325605,265.6334157554459,0.8912350802371929,26.0550000000013,9.086447187582962
vw11,4,30,WITHOUT_MAP,15.0,150,14.293096542358398,16.437061023712157,13.074193383047941,3.3628676406642164,3.3628676406642164,0.25721415785577456,9.503341674804688,10.92884292602539,1,0.03610444813966751,0.7154070734977722,0.004905796144157648,0.24029675126075745,0.0032859141938388348,580.1213745117186,311.1250911156084,268.9962833961102,0.8645920598417954,26.24000000000198,8.98948469152674
vw11,4,30,WITHOUT_MAP,15.5,155,14.932143211364746,17.171964693069455,13.17235230695452,3.9996123861149346,3.9996123861149346,0.303636912596339,9.640565872192383,11.086650753021239,1,0.03279741108417511,0.7227455973625183,0.004657657351344824,0.23655273020267487,0.0032466885168105364,597.293339204788,324.29744342256294,272.9958957822251,0.8418071166429413,26.506111111109806,8.797718389425427
vw11,4,30,WITHOUT_MAP,16.0,160,12.389657020568848,14.248105573654174,13.279972383360185,0.9681331902939885,0.9681331902939885,0.07290174725868105,9.035840034484863,10.391216039657593,1,0.04894586652517319,0.7076669931411743,0.005854242946952581,0.23395295441150665,0.0035799292381852865,611.5414447784422,337.5774158059231,273.96402897251903,0.8115591154653068,26.718888888888003,9.62287583865691
vw11,4,30,WITHOUT_MAP,16.5,165,16.266477584838867,18.706449222564697,13.366239484596816,5.34020973796788,5.34020973796788,0.3995297064759247,9.799938201904297,11.269928932189941,1,0.027771620079874992,0.7350078225135803,0.004498682450503111,0.22935853898525238,0.0033633525017648935,630.2478940010069,350.9436552905199,279.30423871048697,0.7958663292524036,26.813055555557536,8.073007345548831
vw11,4,30,WITHOUT_MAP,17.0,170,13.77248764038086,15.838360786437987,13.422116540714088,2.416244245723899,2.416244245723899,0.18001961452164153,9.320472717285156,10.71854362487793,1,0.03955467417836189,0.712213397026062,0.005433653946965933,0.2392691820859909,0.00352907064370811,646.0862547874449,364.36577183123404,281.72048295621084,0.773180426746279,26.893055555556113,7.798270546249114
vw11,4,30,WITHOUT_MAP,17.5,175,12.728443145751953,14.637709617614744,13.417923276899831,1.2197863407149132,1.2197863407149132,0.090907237695634,8.925612449645996,10.264454317092895,1,0.04696833714842796,0.7152632474899292,0.006312795449048281,0.22761082649230957,0.0038448323030024767,660.7239644050596,377.7836951081339,282.94026929692575,0.7489478052141427,26.776944444443764,7.337518290558364
vw11,4,30,WITHOUT_MAP,18.0,180,13.30270004272461,15.2981050491333,13.324159450139103,1.973945598994197,1.973945598994197,0.1481478517561263,9.002549171447754,10.352931547164916,1,0.04304639995098114,0.7154271602630615,0.0060018314979970455,0.23165057599544525,0.00387401320040226,676.0220694541929,391.107854558273,284.9142148959199,0.7284799105293068,26.603888888888683,6.35664134437684
vw11,4,30,WITHOUT_MAP,18.5,185,17.442028045654297,20.05833225250244,13.216548754830647,6.841783497671791,6.841783497671791,0.5176679346921881,9.791372299194336,11.260078144073486,1,0.023039309307932854,0.7623183727264404,0.004338524769991636,0.20674674212932587,0.003557091113179922,696.0804017066953,404.32440331310363,291.75599839359165,0.7215888924905172,26.425000000000445,7.006126397405751
vw11,4,30,WITHOUT_MAP,19.0,190,20.62415313720703,23.717776107788083,13.17799860716827,10.539777500619813,10.539777500619813,0.7998010786620225,10.241029739379883,11.777184200286865,1,0.01428008358925581,0.8073770403862,0.0033587829675525427,0.17170047760009766,0.0032835155725479126,719.7981778144833,417.5024019202719,302.29577589421143,0.7240575730913739,26.42611111111093,7.21691384766018
vw11,4,30,WITHOUT_MAP,19.5,195,19.291391372680664,22.185100078582764,13.186410455721528,8.998689622861235,8.998689622861235,0.6824214711864017,10.121208190917969,11.639389419555663,1,0.017723195254802704,0.7867229580879211,0.003612859407439828,0.1886734664440155,0.0032674595713615417,741.9832778930661,430.6888123759934,311.2944655170727,0.7227827994875129,26.463888888889453,6.087213815539144
vw11,4,30,WITHOUT_MAP,20.0,200,18.569053649902344,21.354411697387693,13.23313902711119,8.121272670276504,8.121272670276504,0.6137071977886858,10.102373123168945,11.617729091644286,1,0.019614901393651962,0.7669868469238281,0.003854702692478895,0.20622418820858002,0.0033194255083799362,763.3376895904538,443.9219514031046,319.41573818734923,0.719531298638807,26.518888888891674,6.102360058808699
vw11,4,30,WITHOUT_MAP,20.5,205,17.433029174804688,20.04798355102539,13.305945535499427,6.742038015525962,6.742038015525962,0.5066936428935943,9.990285873413086,11.488828754425048,1,0.02312234789133072,0.7516608238220215,0.004143635276705027,0.21775929629802704,0.003313845954835415,783.3856731414792,457.227896938604,326.1577762028752,0.7133374371657626,26.72694444444566,5.828921877080575
vw11,4,30,WITHOUT_MAP,21.0,210,17.429821014404297,20.04429416656494,13.401074193443954,6.643219973120985,6.643219973120985,0.4957229455808078,9.855100631713867,11.333365726470946,1,0.024439102038741112,0.7520542144775391,0.004428654443472624,0.21556295454502106,0.0035151825286448,803.4299673080441,470.6289711320479,332.80099617599615,0.707140904172301,26.920000000003196,6.156620238965843
vw11,4,30,WITHOUT_MAP,21.5,215,18.676681518554688,21.47818374633789,13.514641148822639,7.963542597515252,7.963542597515252,0.5892529819934594,10.040193557739258,11.546222591400145,1,0.019351528957486153,0.7772390246391296,0.003928115591406822,0.1960691660642624,0.0034122036304324865,824.908151054382,484.14361228087057,340.7645387735114,0.7038501182905633,27.213888888888658,5.324157806870062
vw11,4,30,WITHOUT_MAP,22.0,220,22.063495635986328,25.373019981384275,13.601417578521302,11.771602402862973,11.771602402862973,0.8654687891835713,10.284353256225586,11.827006244659422,1,0.012293066829442978,0.8332037925720215,0.0031321754213422537,0.14811091125011444,0.0032601698767393827,850.2811710357662,497.7450298593919,352.5361411763743,0.7082665220704711,27.28499999999775,4.79120908153709
vw11,4,30,WITHOUT_MAP,22.5,225,24.443256378173828,28.1097448348999,13.609548743912985,14.500196090986915,14.500196090986915,1.0654428272261622,10.393180847167969,11.952157974243162,1,0.009080490097403526,0.8714452981948853,0.002612752839922905,0.11385758966207504,0.0030037693213671446,878.390915870666,511.35457860330484,367.0363372673612,0.7177726623077685,27.251111111112202,4.669021449517459
vw11,4,30,WITHOUT_MAP,23.0,230,25.639102935791016,29.484968376159667,13.62216303403433,15.862805342125338,15.862805342125338,1.164485060301574,10.360480308532715,11.91455235481262,1,0.008251813240349293,0.8849641680717468,0.0025188832078129053,0.10128191858530045,0.0029832227155566216,907.8758842468258,524.9767416373392,382.8991426094866,0.7293640122327522,27.266111111111613,4.750135499984026
vw11,4,30,WITHOUT_MAP,23.5,235,24.960742950439453,28.70485439300537,13.621362911787973,15.083491481217397,15.083491481217397,1.1073408423883997,10.370745658874512,11.926357507705687,1,0.008798503316938877,0.8759422302246094,0.0026012170128524303,0.1096428856253624,0.0030152294784784317,936.5807386398311,538.5981045491271,397.982634090704,0.7389231984465753,27.306111111110877,5.117781409469899
vw11,4,30,WITHOUT_MAP,24.0,240,22.90274429321289,26.338155937194824,13.633934128440108,12.704221808754715,12.704221808754715,0.9318089473715417,10.324110984802246,11.872727632522581,1,0.010643286630511284,0.8508630990982056,0.0028678420931100845,0.13244090974330902,0.0031848582439124584,962.918894577026,552.2320386775673,410.6868558994587,0.7436853118535688,27.328055555552897,5.41745878814254
vw11,4,30,WITHOUT_MAP,24.5,245,21.634157180786133,24.879280757904052,13.362358502571874,11.516922255332178,11.516922255332178,0.8618929250487851,10.20650863647461,11.737484931945799,1,0.012735043652355671,0.8330233693122864,0.003198132151737809,0.14772801101207733,0.0033154943957924843,987.7981753349301,565.5943971801391,422.20377815479094,0.7464780066064216,26.59694444442972,4.9476265533594415
vw11,4,30,WITHOUT_MAP,25.0,250,20.27964973449707,23.32159719467163,13.056471436326408,10.26512575834522,10.26512575834522,0.7862097970654647,10.120832443237305,11.6389573097229,1,0.015465380623936653,0.8076505064964294,0.003595639020204544,0.16986599564552307,0.0034224367700517178,1011.1197725296017,578.6508686164656,432.46890391313616,0.747374500529403,26.04111111110824,5.154312395548914
vw11,4,30,WITHOUT_MAP,25.5,255,20.640024185180664,23.73602781295776,12.905821218362819,10.830206594594943,10.830206594594943,0.8391722162697695,10.075410842895508,11.586722469329834,1,0.015032055787742138,0.8188576102256775,0.0035454658791422844,0.15914322435855865,0.003421600442379713,1034.8558003425594,591.5566898348284,443.29911050773103,0.749377224744947,25.78805555555373,4.695955505245365
vw11,4,30,WITHOUT_MAP,26.0,260,24.088817596435547,27.702140235900877,12.768281423109245,14.933858812791632,14.933858812791632,1.169606019629464,10.356440544128418,11.909906625747679,1,0.009177225641906261,0.8706034421920776,0.002672663889825344,0.11449362337589264,0.0030531177762895823,1062.5579405784604,604.3249712579376,458.2329693205228,0.7582558906455317,25.498055555552103,5.306828681437764
vw11,4,30,WITHOUT_MAP,26.5,265,23.796566009521484,27.366050910949706,12.6996143934355,14.666436517514207,14.666436517514207,1.1548725861389435,10.385127067565918,11.942896127700804,1,0.009479492902755737,0.8636569976806641,0.0026601937133818865,0.12117888033390045,0.003024530364200473,1089.9239914894101,617.0245856513731,472.89940583803707,0.766419064710059,25.48388888888904,4.2316030818619765
vw11,4,30,WITHOUT_MAP,27.0,270,23.11859893798828,26.586388778686523,12.703197273337,13.883191505349522,13.883191505349522,1.0928895463576902,10.351583480834961,11.904321002960204,1,0.010234905406832695,0.8530129790306091,0.0028016455471515656,0.1308131366968155,0.0031373021192848682,1116.5103802680967,629.72778292471,486.78259734338667,0.7730047975373927,25.4938888888894,3.9939969587139785
vw11,4,30,WITHOUT_MAP,27.5,275,22.876869201660156,26.30839958190918,12.73773516563982,13.570664416269357,13.570664416269357,1.0653906867899383,10.301095962524414,11.846260356903075,1,0.010911701247096062,0.8470297455787659,0.0029358656611293554,0.13588036596775055,0.0032422514632344246,1142.818779850006,642.4655180903499,500.3532617596561,0.7788017374798494,25.53111111111232,3.8273799996823072
vw11,4,30,WITHOUT_MAP,28.0,280,22.262950897216797,25.602393531799315,12.776625968629507,12.825767563169808,12.825767563169808,1.0038462106240693,10.34577751159668,11.897644138336181,1,0.011288442648947239,0.8422864675521851,0.0029079699888825417,0.14037981629371643,0.003137397114187479,1168.4211733818054,655.2421440589794,513.179029322826,0.7831899000633175,25.601944444445774,4.255684504110832
vw11,4,30,WITHOUT_MAP,28.5,285,23.53518295288086,27.065460395812988,12.82465628413627,14.240804111676718,14.240804111676718,1.1104238426484914,10.342721939086914,11.89413022994995,1,0.00993250496685505,0.8633280396461487,0.0027592619881033897,0.12085232883691788,0.003127821022644639,1195.4866337776184,668.0668003431157,527.4198334345027,0.7894717012784089,25.75000000000039,4.4579492850461975
vw11,4,30,WITHOUT_MAP,29.0,290,26.06014633178711,29.969168281555174,12.906445461471147,17.062722820084026,17.062722820084026,1.3220311410310739,10.326312065124512,11.875258874893188,1,0.00798813533037901,0.8915541172027588,0.0025335620157420635,0.09488892555236816,0.003035256639122963,1225.4558020591735,680.9732458045868,544.4825562545867,0.7995652686931438,25.896111111112262,4.471369203762151
vw11,4,30,WITHOUT_MAP,29.5,295,22.835346221923828,26.2606481552124,12.970698456168883,13.289949699043518,13.289949699043518,1.0246132653498548,10.298726081848145,11.843534994125365,1,0.011149950325489044,0.8446964025497437,0.0029565959703177214,0.137982577085495,0.003214546712115407,1251.716450214386,693.9439442607556,557.7725059536303,0.8037717031277131,26.08805555555476,4.538239451649133
vw11,4,30,WITH_MAP,2.0,20,20.76141357421875,23.87562561035156,9.823963213909296,14.051662396442262,14.051662396442262,1.4303455835977847,10.198789596557617,11.728608036041258,1,0.014729970134794712,0.8152373433113098,0.0033946039620786905,0.16336938738822937,0.0032686751801520586,23.87562561035156,9.823963213909296,14.051662396442262,1.4303455835977847,19.746111111114217,18.102590231457725
vw11,4,30,WITH_MAP,2.5,25,18.77623748779297,21.59267311096191,9.912444969835082,11.680228141126829,11.680228141126829,1.1783397715368258,10.032114028930664,11.536931133270263,1,0.019045813009142876,0.7850005030632019,0.003891172120347619,0.18869802355766296,0.003364411648362875,45.468298721313474,19.73640818374438,25.731890537569093,1.3037777845901468,19.936111111113647,17.853554349392653
vw11,4,30,WITH_MAP,3.0,30,15.236794471740723,17.522313642501828,10.032054856834588,7.4902587856672405,7.4902587856672405,0.7466325585893616,9.523988723754883,10.952587032318114,1,0.03226277232170105,0.7261426448822021,0.005034377798438072,0.23301127552986145,0.003548916894942522,62.9906123638153,29.76846304057897,33.22214932323634,1.1160182935192007,20.20305555555691,17.096817143727094
vw11,4,30,WITH_MAP,3.5,35,17.836456298828125,20.511924743652344,10.19258905266822,10.319335690984124,10.319335690984124,1.0124351759558798,9.77621078491211,11.242642402648926,1,0.022741451859474182,0.7714055776596069,0.0043108039535582066,0.19798670709133148,0.003555439878255129,83.50253710746765,39.96105209324719,43.541485014220456,1.0895980644508183,20.506944444448198,16.851085596252233
vw11,4,30,WITH_MAP,4.0,40,19.51492691040039,22.442165946960447,10.369628572406672,12.072537374553775,12.072537374553775,1.1642208098637692,9.926623344421387,11.415616846084594,1,0.01779160648584366,0.800664484500885,0.0038702653255313635,0.17413020133972168,0.0035434234887361526,105.94470305442809,50.33068066565386,55.61402238877423,1.1049725863676978,20.908055555557,16.737570721423253
vw11,4,30,WITH_MAP,4.5,45,25.341327667236328,29.142526817321777,10.540258939395352,18.602267877926423,18.602267877926423,1.764877692747988,10.325963020324707,11.874857473373412,1,0.008635859936475754,0.8806120157241821,0.00262352149002254,0.10506992042064667,0.003058673581108451,135.08722987174986,60.87093960504921,74.21629026670064,1.2192400963126326,21.260000000001366,16.19985581887886
vw11,4,30,WITH_MAP,5.0,50,25.25415802001953,29.04228172302246,10.694879659038826,18.347402063983633,18.347402063983633,1.7155314177357053,10.340019226074219,11.89102210998535,1,0.008584887720644474,0.8812177777290344,0.0025728847831487656,0.10459473729133606,0.00302982609719038,164.1295115947723,71.56581926408803,92.56369233068428,1.2934064513271497,21.52194444444533,16.13099451456219
vw11,4,30,WITH_MAP,5.5,55,21.694644927978516,24.94884166717529,10.815721371170547,14.133120296004744,14.133120296004744,1.306720080056497,10.209250450134277,11.740638017654417,1,0.012603359296917915,0.8336511254310608,0.0031909921672195196,0.1472385674715042,0.0033159730955958366,189.0783532619476,82.38154063525857,106.69681262668902,1.2951543732240391,21.788055555554635,15.971980777103454
vw11,4,30,WITH_MAP,6.0,60,22.53936004638672,25.920264053344724,10.880839019480446,15.039425033864278,15.039425033864278,1.3821935061201194,10.297626495361328,11.842270469665527,1,0.01118178479373455,0.8447074294090271,0.0030096028931438923,0.13782590627670288,0.0032752142287790775,214.99861731529234,93.26237965473902,121.73623766055331,1.3053091515702862,21.835000000000093,16.27858566865325
vw11,4,30,WITH_MAP,6.5,65,18.405529022216797,21.166358375549315,10.955302800498895,10.21105557505042,10.21105557505042,0.9320651159532913,9.967499732971191,11.462624692916869,1,0.020449098199605942,0.7763261198997498,0.00398618308827281,0.1958818882703781,0.0033566916827112436,236.16497569084166,104.21768245523792,131.94729323560375,1.2660739533550447,21.988055555557647,15.882341047283262
vw11,4,30,WITH_MAP,7.0,70,20.01967430114746,23.022625446319577,11.07109436538435,11.951531080935226,11.951531080935226,1.0795257168346166,10.022658348083496,11.52605710029602,1,0.016898812726140022,0.8101745247840881,0.003643081057816744,0.1658901870250702,0.003393390914425254,259.1876011371612,115.28877682062227,143.89882431653893,1.2481598667703016,22.274999999999057,15.227829151321203
vw11,4,30,WITH_MAP,7.5,75,16.983386993408203,19.53089504241943,11.12747898314088,8.40341605927855,8.40341605927855,0.7551949612316026,9.877584457397461,11.35922212600708,1,0.025307901203632355,0.7487018704414368,0.0042821685783565044,0.21841897070407867,0.0032890753354877234,278.71849617958065,126.41625580376315,152.30224037581752,1.2047678473584709,22.345000000001804,14.52618603524752
vw11,4,30,WITH_MAP,8.0,80,16.648174285888672,19.14540042877197,11.22621632217501,7.919184106596962,7.919184106596962,0.7054188053506767,9.723966598510742,11.182561588287353,1,0.02743782475590706,0.7414854168891907,0.004710373003035784,0.22281894087791443,0.0035473627503961325,297.8638966083526,137.64247212593816,160.22142448241445,1.1640405901444237,22.56111111111398,14.247994901030324
vw11,4,30,WITH_MAP,8.5,85,19.982833862304688,22.98025894165039,11.381633413336852,11.598625528313539,11.598625528313539,1.0190651119304561,10.19636058807373,11.72581467628479,1,0.016022412106394768,0.8002852201461792,0.0035534764174371958,0.17683658003807068,0.0033023604191839695,320.844155550003,149.024105539275,171.82005001072798,1.1529681683977304,22.91388888889217,13.750348490662873
vw11,4,30,WITH_MAP,9.0,90,21.37032127380371,24.575869464874266,11.550232574799523,13.025636890074743,13.025636890074743,1.127738061179329,10.281509399414062,11.823735809326172,1,0.013216604478657246,0.8220421671867371,0.0032306285575032234,0.15822860598564148,0.0032820808701217175,345.42002501487724,160.57433811407452,184.84568690080272,1.1511533478623803,23.29305555555523,13.093797137960792
vw11,4,30,WITH_MAP,9.5,95,19.06600570678711,21.925906562805174,11.684311467123846,10.241595095681328,10.241595095681328,0.8765253412234096,10.096525192260742,11.611003971099853,1,0.018731961026787758,0.7797197103500366,0.003811290254816413,0.19442792236804962,0.0033090775832533836,367.3459315776824,172.25864958119837,195.08728199648402,1.1325253185879924,23.481111111112824,13.198927918449044
vw11,4,30,WITH_MAP,10.0,100,19.572031021118164,22.507835674285886,11.810730413194886,10.697105261091,10.697105261091,0.9057107297225454,10.14188289642334,11.663165330886839,1,0.016935402527451515,0.7918981313705444,0.0036212990526109934,0.18425096571445465,0.003294150112196803,389.8537672519683,184.06937999439324,205.78438725757505,1.1179718607399192,23.79805555555919,12.678707243758254
vw11,4,30,WITH_MAP,10.5,105,18.435564041137695,21.20089864730835,12.052061603644491,9.148837043663859,9.148837043663859,0.7591097145485292,10.05294132232666,11.560882520675658,1,0.020025543868541718,0.7705345749855042,0.003912886139005423,0.2022092342376709,0.00331774796359241,411.05466589927664,196.12144159803773,214.9332243012389,1.0959190517361024,24.30888888889315,12.87384258210659
vw11,4,30,WITH_MAP,11.0,110,16.5755558013916,19.061889171600342,12.288820407146261,6.773068764454081,6.773068764454081,0.5511569491662006,9.818292617797852,11.291036510467528,1,0.026382368057966232,0.741413414478302,0.00444382056593895,0.22437161207199097,0.0033887920435518026,430.116555070877,208.410262005184,221.706293065693,1.0637973914172147,24.773055555558535,12.238050991320051
vw11,4,30,WITH_MAP,11.5,115,17.016145706176758,19.56856756210327,12.533809050238988,7.034758511864281,7.034758511864281,0.5612626204585546,9.926790237426758,11.415808773040771,1,0.02500172145664692,0.7429896593093872,0.00428928155452013,0.2243712693452835,0.003348097437992692,449.68512263298027,220.944071055423,228.74105157755727,1.0352893856118839,25.266111111114387,12.58955651987344
vw11,4,30,WITH_MAP,12.0,120,13.921335220336914,16.00953550338745,12.752459850404648,3.2570756529828024,3.2570756529828024,0.255407638305911,9.335867881774902,10.736248064041137,1,0.039541397243738174,0.7041580080986023,0.005416299216449261,0.2472502887248993,0.0036340777296572924,465.6946581363677,233.69653090582764,231.99812723054006,0.9927324395073199,25.71500000000015,11.515975306741893
vw11,4,30,WITH_MAP,12.5,125,18.432321548461914,21.1971697807312,12.880519011677185,8.316650769054016,8.316650769054016,0.6456766813134106,10.065463066101074,11.575282526016235,1,0.020350415259599686,0.7644636631011963,0.00394559046253562,0.20789018273353577,0.003350134938955307,486.8918279170989,246.57704991750484,240.31477799959407,0.97460318419737,25.816111111107055,9.801412277389318
vw11,4,30,WITH_MAP,13.0,130,14.963828086853027,17.20840229988098,12.823129695512428,4.385272604368552,4.385272604368552,0.3419814591677427,9.471871376037598,10.892652082443236,1,0.03593103215098381,0.707256555557251,0.0053854575380682945,0.24767564237117767,0.003751295618712902,504.10023021697987,259.40017961301726,244.7000506039626,0.9433303052026223,25.69999999999767,9.113229852518998
vw11,4,30,WITH_MAP,13.5,135,18.63886260986328,21.43469200134277,12.811835403256055,8.622856598086717,8.622856598086717,0.6730383529509961,10.067218780517578,11.577301597595214,1,0.01935136690735817,0.7745452523231506,0.0038905073888599873,0.19883553683757782,0.0033772445749491453,525.5349222183227,272.2120150162733,253.32290720204935,0.930608838801275,25.706111111112822,8.846101055154577
vw11,4,30,WITH_MAP,14.0,140,16.100971221923828,18.5161169052124,12.869600424637586,5.646516480574814,5.646516480574814,0.43874839111283614,9.79776382446289,11.267428398132324,1,0.028405435383319855,0.7293052077293396,0.004574821330606937,0.23429204523563385,0.0034224442206323147,544.051039123535,285.0816154409109,258.9694236826241,0.9084045047313859,25.77388888889312,7.471733944141306
vw11,4,30,WITH_MAP,14.5,145,17.072412490844727,19.633274364471433,12.969282291649552,6.66399207282188,6.66399207282188,0.5138289014737988,9.879898071289062,11.361882781982422,1,0.02465030364692211,0.7491868138313293,0.004305524285882711,0.21849648654460907,0.0033608449157327414,563.6843134880064,298.0508977325605,265.6334157554459,0.8912350802371929,26.0550000000013,8.345934280427173
vw11,4,30,WITH_MAP,15.0,150,14.293096542358398,16.437061023712157,13.074193383047941,3.3628676406642164,3.3628676406642164,0.25721415785577456,9.503341674804688,10.92884292602539,1,0.03610444813966751,0.7154070734977722,0.004905796144157648,0.24029675126075745,0.0032859141938388348,580.1213745117186,311.1250911156084,268.9962833961102,0.8645920598417954,26.24000000000198,8.309081686427817
vw11,4,30,WITH_MAP,15.5,155,14.932143211364746,17.171964693069455,13.17235230695452,3.9996123861149346,3.9996123861149346,0.303636912596339,9.640565872192383,11.086650753021239,1,0.03279741108417511,0.7227455973625183,0.004657657351344824,0.23655273020267487,0.0032466885168105364,597.293339204788,324.29744342256294,272.9958957822251,0.8418071166429413,26.506111111109806,8.152987628127448
vw11,4,30,WITH_MAP,16.0,160,12.389657020568848,14.248105573654174,13.279972383360185,0.9681331902939885,0.9681331902939885,0.07290174725868105,9.035840034484863,10.391216039657593,1,0.04894586652517319,0.7076669931411743,0.005854242946952581,0.23395295441150665,0.0035799292381852865,611.5414447784422,337.5774158059231,273.96402897251903,0.8115591154653068,26.718888888888003,9.017247583833523
vw11,4,30,WITH_MAP,16.5,165,16.266477584838867,18.706449222564697,13.366239484596816,5.34020973796788,5.34020973796788,0.3995297064759247,9.799938201904297,11.269928932189941,1,0.027771620079874992,0.7350078225135803,0.004498682450503111,0.22935853898525238,0.0033633525017648935,630.2478940010069,350.9436552905199,279.30423871048697,0.7958663292524036,26.813055555557536,7.495023978175595
vw11,4,30,WITH_MAP,17.0,170,13.77248764038086,15.838360786437987,13.422116540714088,2.416244245723899,2.416244245723899,0.18001961452164153,9.320472717285156,10.71854362487793,1,0.03955467417836189,0.712213397026062,0.005433653946965933,0.2392691820859909,0.00352907064370811,646.0862547874449,364.36577183123404,281.72048295621084,0.773180426746279,26.893055555556113,7.26247239910299
vw11,4,30,WITH_MAP,17.5,175,12.728443145751953,14.637709617614744,13.417923276899831,1.2197863407149132,1.2197863407149132,0.090907237695634,8.925612449645996,10.264454317092895,1,0.04696833714842796,0.7152632474899292,0.006312795449048281,0.22761082649230957,0.0038448323030024767,660.7239644050596,377.7836951081339,282.94026929692575,0.7489478052141427,26.776944444443764,6.840952501806896
vw11,4,30,WITH_MAP,18.0,180,13.30270004272461,15.2981050491333,13.324159450139103,1.973945598994197,1.973945598994197,0.1481478517561263,9.002549171447754,10.352931547164916,1,0.04304639995098114,0.7154271602630615,0.0060018314979970455,0.23165057599544525,0.00387401320040226,676.0220694541929,391.107854558273,284.9142148959199,0.7284799105293068,26.603888888888683,5.898900923202746
vw11,4,30,WITH_MAP,18.5,185,17.442028045654297,20.05833225250244,13.216548754830647,6.841783497671791,6.841783497671791,0.5176679346921881,9.791372299194336,11.260078144073486,1,0.023039309307932854,0.7623183727264404,0.004338524769991636,0.20674674212932587,0.003557091113179922,696.0804017066953,404.32440331310363,291.75599839359165,0.7215888924905172,26.425000000000445,6.591019035317004
vw11,4,30,WITH_MAP,19.0,190,20.62415313720703,23.717776107788083,13.17799860716827,10.539777500619813,10.539777500619813,0.7998010786620225,10.241029739379883,11.777184200286865,1,0.01428008358925581,0.8073770403862,0.0033587829675525427,0.17170047760009766,0.0032835155725479126,719.7981778144833,417.5024019202719,302.29577589421143,0.7240575730913739,26.42611111111093,6.84571815241361
vw11,4,30,WITH_MAP,19.5,195,19.291391372680664,22.185100078582764,13.186410455721528,8.998689622861235,8.998689622861235,0.6824214711864017,10.121208190917969,11.639389419555663,1,0.017723195254802704,0.7867229580879211,0.003612859407439828,0.1886734664440155,0.0032674595713615417,741.9832778930661,430.6888123759934,311.2944655170727,0.7227827994875129,26.463888888889453,5.7574747677426785
vw11,4,30,WITH_MAP,20.0,200,18.569053649902344,21.354411697387693,13.23313902711119,8.121272670276504,8.121272670276504,0.6137071977886858,10.102373123168945,11.617729091644286,1,0.019614901393651962,0.7669868469238281,0.003854702692478895,0.20622418820858002,0.0033194255083799362,763.3376895904538,443.9219514031046,319.41573818734923,0.719531298638807,26.518888888891674,5.8158706476096995
vw11,4,30,WITH_MAP,20.5,205,17.433029174804688,20.04798355102539,13.305945535499427,6.742038015525962,6.742038015525962,0.5066936428935943,9.990285873413086,11.488828754425048,1,0.02312234789133072,0.7516608238220215,0.004143635276705027,0.21775929629802704,0.003313845954835415,783.3856731414792,457.227896938604,326.1577762028752,0.7133374371657626,26.72694444444566,5.578811397077516
vw11,4,30,WITH_MAP,21.0,210,17.429821014404297,20.04429416656494,13.401074193443954,6.643219973120985,6.643219973120985,0.4957229455808078,9.855100631713867,11.333365726470946,1,0.024439102038741112,0.7520542144775391,0.004428654443472624,0.21556295454502106,0.0035151825286448,803.4299673080441,470.6289711320479,332.80099617599615,0.707140904172301,26.920000000003196,5.940955779282376
vw11,4,30,WITH_MAP,21.5,215,18.676681518554688,21.47818374633789,13.514641148822639,7.963542597515252,7.963542597515252,0.5892529819934594,10.040193557739258,11.546222591400145,1,0.019351528957486153,0.7772390246391296,0.003928115591406822,0.1960691660642624,0.0034122036304324865,824.908151054382,484.14361228087057,340.7645387735114,0.7038501182905633,27.213888888888658,5.140855726262089
vw11,4,30,WITH_MAP,22.0,220,22.063495635986328,25.373019981384275,13.601417578521302,11.771602402862973,11.771602402862973,0.8654687891835713,10.284353256225586,11.827006244659422,1,0.012293066829442978,0.8332037925720215,0.0031321754213422537,0.14811091125011444,0.0032601698767393827,850.2811710357662,497.7450298593919,352.5361411763743,0.7082665220704711,27.28499999999775,4.643664982926566
vw11,4,30,WITH_MAP,22.5,225,24.443256378173828,28.1097448348999,13.609548743912985,14.500196090986915,14.500196090986915,1.0654428272261622,10.393180847167969,11.952157974243162,1,0.009080490097403526,0.8714452981948853,0.002612752839922905,0.11385758966207504,0.0030037693213671446,878.390915870666,511.35457860330484,367.0363372673612,0.7177726623077685,27.251111111112202,4.559947609377559
vw11,4,30,WITH_MAP,23.0,230,25.639102935791016,29.484968376159667,13.62216303403433,15.862805342125338,15.862805342125338,1.164485060301574,10.360480308532715,11.91455235481262,1,0.008251813240349293,0.8849641680717468,0.0025188832078129053,0.10128191858530045,0.0029832227155566216,907.8758842468258,524.9767416373392,382.8991426094866,0.7293640122327522,27.266111111111613,4.67969688255107
vw11,4,30,WITH_MAP,23.5,235,24.960742950439453,28.70485439300537,13.621362911787973,15.083491481217397,15.083491481217397,1.1073408423883997,10.370745658874512,11.926357507705687,1,0.008798503316938877,0.8759422302246094,0.0026012170128524303,0.1096428856253624,0.0030152294784784317,936.5807386398311,538.5981045491271,397.982634090704,0.7389231984465753,27.306111111110877,5.085437080415431
vw11,4,30,WITH_MAP,24.0,240,22.90274429321289,26.338155937194824,13.633934128440108,12.704221808754715,12.704221808754715,0.9318089473715417,10.324110984802246,11.872727632522581,1,0.010643286630511284,0.8508630990982056,0.0028678420931100845,0.13244090974330902,0.0031848582439124584,962.918894577026,552.2320386775673,410.6868558994587,0.7436853118535688,27.328055555552897,5.419801204290707
vw11,4,30,WITH_MAP,24.5,245,21.634157180786133,24.879280757904052,13.362358502571874,11.516922255332178,11.516922255332178,0.8618929250487851,10.20650863647461,11.737484931945799,1,0.012735043652355671,0.8330233693122864,0.003198132151737809,0.14772801101207733,0.0033154943957924843,987.7981753349301,565.5943971801391,422.20377815479094,0.7464780066064216,26.59694444442972,4.980783734819852
vw11,4,30,WITH_MAP,25.0,250,20.27964973449707,23.32159719467163,13.056471436326408,10.26512575834522,10.26512575834522,0.7862097970654647,10.120832443237305,11.6389573097229,1,0.015465380623936653,0.8076505064964294,0.003595639020204544,0.16986599564552307,0.0034224367700517178,1011.1197725296017,578.6508686164656,432.46890391313616,0.747374500529403,26.04111111110824,5.216827927739359
vw11,4,30,WITH_MAP,25.5,255,20.640024185180664,23.73602781295776,12.905821218362819,10.830206594594943,10.830206594594943,0.8391722162697695,10.075410842895508,11.586722469329834,1,0.015032055787742138,0.8188576102256775,0.0035454658791422844,0.15914322435855865,0.003421600442379713,1034.8558003425594,591.5566898348284,443.29911050773103,0.749377224744947,25.78805555555373,4.784762985887937
vw11,4,30,WITH_MAP,26.0,260,24.088817596435547,27.702140235900877,12.768281423109245,14.933858812791632,14.933858812791632,1.169606019629464,10.356440544128418,11.909906625747679,1,0.009177225641906261,0.8706034421920776,0.002672663889825344,0.11449362337589264,0.0030531177762895823,1062.5579405784604,604.3249712579376,458.2329693205228,0.7582558906455317,25.498055555552103,5.421304792107549
vw11,4,30,WITH_MAP,26.5,265,23.796566009521484,27.366050910949706,12.6996143934355,14.666436517514207,14.666436517514207,1.1548725861389435,10.385127067565918,11.942896127700804,1,0.009479492902755737,0.8636569976806641,0.0026601937133818865,0.12117888033390045,0.003024530364200473,1089.9239914894101,617.0245856513731,472.89940583803707,0.766419064710059,25.48388888888904,4.372105976392049
vw11,4,30,WITH_MAP,27.0,270,23.11859893798828,26.586388778686523,12.703197273337,13.883191505349522,13.883191505349522,1.0928895463576902,10.351583480834961,11.904321002960204,1,0.010234905406832695,0.8530129790306091,0.0028016455471515656,0.1308131366968155,0.0031373021192848682,1116.5103802680967,629.72778292471,486.78259734338667,0.7730047975373927,25.4938888888894,4.1604570550262
vw11,4,30,WITH_MAP,27.5,275,22.876869201660156,26.30839958190918,12.73773516563982,13.570664416269357,13.570664416269357,1.0653906867899383,10.301095962524414,11.846260356903075,1,0.010911701247096062,0.8470297455787659,0.0029358656611293554,0.13588036596775055,0.0032422514632344246,1142.818779850006,642.4655180903499,500.3532617596561,0.7788017374798494,25.53111111111232,4.018216052500065
vw11,4,30,WITH_MAP,28.0,280,22.262950897216797,25.602393531799315,12.776625968629507,12.825767563169808,12.825767563169808,1.0038462106240693,10.34577751159668,11.897644138336181,1,0.011288442648947239,0.8422864675521851,0.0029079699888825417,0.14037981629371643,0.003137397114187479,1168.4211733818054,655.2421440589794,513.179029322826,0.7831899000633175,25.601944444445774,4.469644607102964
vw11,4,30,WITH_MAP,28.5,285,23.53518295288086,27.065460395812988,12.82465628413627,14.240804111676718,14.240804111676718,1.1104238426484914,10.342721939086914,11.89413022994995,1,0.00993250496685505,0.8633280396461487,0.0027592619881033897,0.12085232883691788,0.003127821022644639,1195.4866337776184,668.0668003431157,527.4198334345027,0.7894717012784089,25.75000000000039,4.692658745858353
vw11,4,30,WITH_MAP,29.0,290,26.06014633178711,29.969168281555174,12.906445461471147,17.062722820084026,17.062722820084026,1.3220311410310739,10.326312065124512,11.875258874893188,1,0.00798813533037901,0.8915541172027588,0.0025335620157420635,0.09488892555236816,0.003035256639122963,1225.4558020591735,680.9732458045868,544.4825562545867,0.7995652686931438,25.896111111112262,4.726341872650664
vw11,4,30,WITH_MAP,29.5,295,22.835346221923828,26.2606481552124,12.970698456168883,13.289949699043518,13.289949699043518,1.0246132653498548,10.298726081848145,11.843534994125365,1,0.011149950325489044,0.8446964025497437,0.0029565959703177214,0.137982577085495,0.003214546712115407,1251.716450214386,693.9439442607556,557.7725059536303,0.8037717031277131,26.08805555555476,4.813804565754253
vw12,1,10,WITHOUT_MAP,2.0,20,15.904657363891602,18.29035596847534,13.471888705031265,4.818467263444074,4.818467263444074,0.3576682801457935,9.626551628112793,11.07053437232971,1,0.02950124628841877,0.7266085743904114,0.004951350390911102,0.23522856831550598,0.0037103125359863043,18.29035596847534,13.471888705031265,4.818467263444074,0.3576682801457935,26.94347222222035,25.990784048568457
vw12,1,10,WITHOUT_MAP,2.5,25,18.02463150024414,20.72832622528076,13.461781463306744,7.266544761974016,7.266544761974016,0.5397907239677523,9.989067077636719,11.487427139282225,1,0.021353933960199356,0.7637833952903748,0.004006948787719011,0.2075205296278,0.0033352095633745193,39.0186821937561,26.93367016833801,12.085012025418088,0.44869533004175105,26.898888888889292,25.507158022141084
vw12,1,10,WITHOUT_MAP,3.0,30,15.66897964477539,18.019326591491698,13.456306081829947,4.563020509661751,4.563020509661751,0.3390990426282885,9.73716926574707,11.19774465560913,1,0.02997637167572975,0.7204737663269043,0.004666519351303577,0.24148422479629517,0.0033991881646215916,57.0380087852478,40.38997625016796,16.648032535079835,0.41218228087001174,26.930972222222106,25.60633861226961
vw12,1,10,WITHOUT_MAP,3.5,35,15.626276969909668,17.970218515396116,13.428491244426286,4.5417272709698295,4.5417272709698295,0.33821575248484803,9.669183731079102,11.119561290740966,1,0.03042653016746044,0.7217708826065063,0.004747012164443731,0.23959019780158997,0.0034654084593057632,75.00822730064391,53.818467494594245,21.189759806049665,0.3937265550747623,26.834999999998832,24.02784318686463
vw12,1,10,WITHOUT_MAP,4.0,40,16.53388786315918,19.013971042633056,13.423875504911415,5.590095537721641,5.590095537721641,0.4164293341126699,9.78606128692627,11.25397047996521,1,0.026616616174578667,0.7407092452049255,0.004468852188438177,0.2247851938009262,0.0034200677182525396,94.02219834327697,67.24234299950567,26.779855343771303,0.39825880760829785,26.817499999997636,23.05706699960865
vw12,1,10,WITHOUT_MAP,4.5,45,16.019926071166992,18.42291498184204,13.404468486202889,5.018446495639152,5.018446495639152,0.3743860863117846,9.757149696350098,11.220722150802612,1,0.029696978628635406,0.7201825380325317,0.004723900929093361,0.2419085055589676,0.0034881311003118753,112.44511332511901,80.64681148570855,31.798301839410456,0.39429087466211166,26.809027777778297,22.91827650088817
vw12,1,10,WITHOUT_MAP,5.0,50,17.818241119384766,20.49097728729248,13.37427268975984,7.116704597532641,7.116704597532641,0.5321189991124994,9.971064567565918,11.466724252700805,1,0.021945545449852943,0.7572874426841736,0.00416015787050128,0.21316780149936676,0.0034389684442430735,132.93609061241148,94.02108417546839,38.91500643694309,0.41389659328238887,26.735416666668947,21.562784168869257
vw12,1,10,WITHOUT_MAP,5.5,55,16.84303092956543,19.369485569000243,13.348945126133671,6.020540442866572,6.020540442866572,0.451012449746307,9.777502059936523,11.244127368927002,1,0.025420719757676125,0.7454838752746582,0.004499293398112059,0.22108612954616547,0.003509919624775648,152.3055761814117,107.37002930160206,44.93554687980965,0.4185110796010481,26.694999999998636,21.140500356676057
vw12,1,10,WITHOUT_MAP,6.0,60,15.896825790405273,18.281349658966064,13.343983434879826,4.937366224086238,4.937366224086238,0.3700069209603829,9.724259376525879,11.18289828300476,1,0.02921513468027115,0.728890061378479,0.004579955246299505,0.2339472770690918,0.0033675371669232845,170.58692584037777,120.71401273648189,49.87291310389588,0.41314932685377803,26.69111111111091,20.659631189890206
vw12,1,10,WITHOUT_MAP,6.5,65,15.35551643371582,17.658843898773192,13.32611664128607,4.332727257487122,4.332727257487122,0.3251305218253726,9.61130142211914,11.052996635437012,1,0.031072823330760002,0.7272109985351562,0.004761054180562496,0.23353832960128784,0.0034167722333222628,188.24576973915097,134.04012937776795,54.20564036138302,0.4043985977409361,26.657500000001637,20.596003061393276
vw12,1,10,WITHOUT_MAP,7.0,70,18.119043350219727,20.836899852752683,13.284241666424993,7.55265818632769,7.55265818632769,0.5685426670170052,10.000359535217285,11.500413465499877,1,0.02112608589231968,0.7663378715515137,0.004040916915982962,0.2051353007555008,0.003359839553013444,209.08266959190365,147.32437104419296,61.758298547710694,0.41919947195420254,26.579444444445556,20.01189370919019
vw12,1,10,WITHOUT_MAP,7.5,75,19.246414184570312,22.13337631225586,13.24351040774393,8.889865904511929,8.889865904511929,0.6712620469051561,10.007436752319336,11.508552265167236,1,0.018508099019527435,0.789573073387146,0.0038624198641628027,0.18464188277721405,0.00341462017968297,231.2160459041595,160.5678814519369,70.6481644522226,0.43998939148592964,26.450972222225897,19.744903740938753
vw12,1,10,WITHOUT_MAP,8.0,80,20.586650848388672,23.674648475646972,13.198709160893081,10.47593931475389,10.47593931475389,0.7937093837777273,10.185674667358398,11.713525867462158,1,0.014841441065073013,0.8106920719146729,0.0034267068840563297,0.16773121058940887,0.003308492247015238,254.89069437980646,173.76659061283,81.12410376697648,0.46685673857599824,26.381944444442833,18.291589999804273
vw12,1,10,WITHOUT_MAP,8.5,85,20.670421600341797,23.770984840393066,13.144871558023539,10.626113282369527,10.626113282369527,0.8083847176036818,10.250210762023926,11.787742376327513,1,0.014735314063727856,0.8107558488845825,0.0033418459352105856,0.1679580807685852,0.003208897076547146,278.6616792201995,186.91146217085353,91.75021704934599,0.49087528385754226,26.275972222222993,18.25296477228403
vw12,1,10,WITHOUT_MAP,9.0,90,20.658626556396484,23.757420539855953,13.07634581586982,10.681074723986134,10.681074723986134,0.8168241245978125,10.225057601928711,11.758816242218016,1,0.014857638627290726,0.8089653849601746,0.00338416057638824,0.1695277988910675,0.003264994826167822,302.4190997600555,199.98780798672334,102.43129177333213,0.5121876818617477,26.140000000000203,17.598583176499233
vw12,1,10,WITHOUT_MAP,9.5,95,22.24941635131836,25.58682880401611,13.050079161223332,12.53674964279278,12.53674964279278,0.9606646433260079,10.304152488708496,11.84977536201477,1,0.011682553216814995,0.8397207856178284,0.003007110906764865,0.14239628612995148,0.003193357028067112,328.0059285640716,213.03788714794666,114.96804141612495,0.5396600715265452,26.01847222222317,17.372605247655883
vw12,1,10,WITH_MAP,2.0,20,15.904657363891602,18.29035596847534,13.471888705031265,4.818467263444074,4.818467263444074,0.3576682801457935,9.626551628112793,11.07053437232971,1,0.02950124628841877,0.7266085743904114,0.004951350390911102,0.23522856831550598,0.0037103125359863043,18.29035596847534,13.471888705031265,4.818467263444074,0.3576682801457935,26.94347222222035,25.99079520162195
vw12,1,10,WITH_MAP,2.5,25,18.02463150024414,20.72832622528076,13.461781463306744,7.266544761974016,7.266544761974016,0.5397907239677523,9.989067077636719,11.487427139282225,1,0.021353933960199356,0.7637833952903748,0.004006948787719011,0.2075205296278,0.0033352095633745193,39.0186821937561,26.93367016833801,12.085012025418088,0.44869533004175105,26.898888888889292,25.507120558759198
vw12,1,10,WITH_MAP,3.0,30,15.66897964477539,18.019326591491698,13.456306081829947,4.563020509661751,4.563020509661751,0.3390990426282885,9.73716926574707,11.19774465560913,1,0.02997637167572975,0.7204737663269043,0.004666519351303577,0.24148422479629517,0.0033991881646215916,57.0380087852478,40.38997625016796,16.648032535079835,0.41218228087001174,26.930972222222106,25.606238544220105
vw12,1,10,WITH_MAP,3.5,35,15.626276969909668,17.970218515396116,13.428491244426286,4.5417272709698295,4.5417272709698295,0.33821575248484803,9.669183731079102,11.119561290740966,1,0.03042653016746044,0.7217708826065063,0.004747012164443731,0.23959019780158997,0.0034654084593057632,75.00822730064391,53.818467494594245,21.189759806049665,0.3937265550747623,26.834999999998832,24.027903986396268
vw12,1,10,WITH_MAP,4.0,40,16.53388786315918,19.013971042633056,13.423875504911415,5.590095537721641,5.590095537721641,0.4164293341126699,9.78606128692627,11.25397047996521,1,0.026616616174578667,0.7407092452049255,0.004468852188438177,0.2247851938009262,0.0034200677182525396,94.02219834327697,67.24234299950567,26.779855343771303,0.39825880760829785,26.817499999997636,23.057214693864807
vw12,1,10,WITH_MAP,4.5,45,16.019926071166992,18.42291498184204,13.404468486202889,5.018446495639152,5.018446495639152,0.3743860863117846,9.757149696350098,11.220722150802612,1,0.029696978628635406,0.7201825380325317,0.004723900929093361,0.2419085055589676,0.0034881311003118753,112.44511332511901,80.64681148570855,31.798301839410456,0.39429087466211166,26.809027777778297,22.918532790848985
vw12,1,10,WITH_MAP,5.0,50,17.818241119384766,20.49097728729248,13.37427268975984,7.116704597532641,7.116704597532641,0.5321189991124994,9.971064567565918,11.466724252700805,1,0.021945545449852943,0.7572874426841736,0.00416015787050128,0.21316780149936676,0.0034389684442430735,132.93609061241148,94.02108417546839,38.91500643694309,0.41389659328238887,26.735416666668947,21.563146219123155
vw12,1,10,WITH_MAP,5.5,55,16.84303092956543,19.369485569000243,13.348945126133671,6.020540442866572,6.020540442866572,0.451012449746307,9.777502059936523,11.244127368927002,1,0.025420719757676125,0.7454838752746582,0.004499293398112059,0.22108612954616547,0.003509919624775648,152.3055761814117,107.37002930160206,44.93554687980965,0.4185110796010481,26.694999999998636,21.141059621004388
vw12,1,10,WITH_MAP,6.0,60,15.896825790405273,18.281349658966064,13.343983434879826,4.937366224086238,4.937366224086238,0.3700069209603829,9.724259376525879,11.18289828300476,1,0.02921513468027115,0.728890061378479,0.004579955246299505,0.2339472770690918,0.0033675371669232845,170.58692584037777,120.71401273648189,49.87291310389588,0.41314932685377803,26.69111111111091,20.66070951591246
vw12,1,10,WITH_MAP,6.5,65,15.35551643371582,17.658843898773192,13.32611664128607,4.332727257487122,4.332727257487122,0.3251305218253726,9.61130142211914,11.052996635437012,1,0.031072823330760002,0.7272109985351562,0.004761054180562496,0.23353832960128784,0.0034167722333222628,188.24576973915097,134.04012937776795,54.20564036138302,0.4043985977409361,26.657500000001637,20.59769053896889
vw12,1,10,WITH_MAP,7.0,70,18.119043350219727,20.836899852752683,13.284241666424993,7.55265818632769,7.55265818632769,0.5685426670170052,10.000359535217285,11.500413465499877,1,0.02112608589231968,0.7663378715515137,0.004040916915982962,0.2051353007555008,0.003359839553013444,209.08266959190365,147.32437104419296,61.758298547710694,0.41919947195420254,26.579444444445556,20.01479406422004
vw12,1,10,WITH_MAP,7.5,75,19.246414184570312,22.13337631225586,13.24351040774393,8.889865904511929,8.889865904511929,0.6712620469051561,10.007436752319336,11.508552265167236,1,0.018508099019527435,0.789573073387146,0.0038624198641628027,0.18464188277721405,0.00341462017968297,231.2160459041595,160.5678814519369,70.6481644522226,0.43998939148592964,26.450972222225897,19.749254726571962
vw12,1,10,WITH_MAP,8.0,80,20.586650848388672,23.674648475646972,13.198709160893081,10.47593931475389,10.47593931475389,0.7937093837777273,10.185674667358398,11.713525867462158,1,0.014841441065073013,0.8106920719146729,0.0034267068840563297,0.16773121058940887,0.003308492247015238,254.89069437980646,173.76659061283,81.12410376697648,0.46685673857599824,26.381944444442833,18.297272426541895
vw12,1,10,WITH_MAP,8.5,85,20.670421600341797,23.770984840393066,13.144871558023539,10.626113282369527,10.626113282369527,0.8083847176036818,10.250210762023926,11.787742376327513,1,0.014735314063727856,0.8107558488845825,0.0033418459352105856,0.1679580807685852,0.003208897076547146,278.6616792201995,186.91146217085353,91.75021704934599,0.49087528385754226,26.275972222222993,18.260498991934583
vw12,1,10,WITH_MAP,9.0,90,20.658626556396484,23.757420539855953,13.07634581586982,10.681074723986134,10.681074723986134,0.8168241245978125,10.225057601928711,11.758816242218016,1,0.014857638627290726,0.8089653849601746,0.00338416057638824,0.1695277988910675,0.003264994826167822,302.4190997600555,199.98780798672334,102.43129177333213,0.5121876818617477,26.140000000000203,17.607263601152226
vw12,1,10,WITH_MAP,9.5,95,22.24941635131836,25.58682880401611,13.050079161223332,12.53674964279278,12.53674964279278,0.9606646433260079,10.304152488708496,11.84977536201477,1,0.011682553216814995,0.8397207856178284,0.003007110906764865,0.14239628612995148,0.003193357028067112,328.0059285640716,213.03788714794666,114.96804141612495,0.5396600715265452,26.01847222222317,17.382347515318543
vw12,2,30,WITHOUT_MAP,2.0,20,21.4639892578125,24.683587646484373,11.856800662653656,12.826786983830717,12.826786983830717,1.0818084362531544,10.204517364501953,11.735194969177245,1,0.013161691837012768,0.8246414065361023,0.003247043350711465,0.1556222140789032,0.0033277401234954596,24.683587646484373,11.856800662653656,12.826786983830717,1.0818084362531544,23.744999999999344,23.432464031269774
vw12,2,30,WITHOUT_MAP,2.5,25,23.35358428955078,26.856621932983398,11.827431571761508,15.02919036122189,15.02919036122189,1.2707061774176496,10.361252784729004,11.915440702438353,1,0.01011368166655302,0.856987476348877,0.002755741821601987,0.12705284357070923,0.0030901546124368906,51.54020957946777,23.684232234415163,27.855977345052608,1.176140187672014,23.6745833333338,23.466270009521395
vw12,2,30,WITHOUT_MAP,3.0,30,21.234146118164062,24.41926803588867,11.794221411869696,12.625046624018974,12.625046624018974,1.0704434131881853,10.259868621826172,11.798848915100097,1,0.013502218760550022,0.8214066624641418,0.003222108818590641,0.15863147377967834,0.0032374910078942776,75.95947761535643,35.47845364628486,40.48102396907157,1.141003054210356,23.63694444444764,22.911322206258774
vw12,2,30,WITHOUT_MAP,3.5,35,20.329998016357422,23.379497718811034,11.757392157490177,11.622105561320858,11.622105561320858,0.9884934861100867,10.180891990661621,11.708025789260864,1,0.015565999783575535,0.8056755661964417,0.003473339369520545,0.1720026731491089,0.0032823507208377123,99.33897533416747,47.235845803775035,52.10312953039244,1.1030421630817588,23.584027777774043,22.72219650214538
vw12,2,30,WITHOUT_MAP,4.0,40,20.462718963623047,23.532126808166502,11.839642386200993,11.69248442196551,11.69248442196551,0.987570742473861,10.125438690185547,11.644254493713378,1,0.01574113965034485,0.8077542781829834,0.003545359242707491,0.1695943921804428,0.0033648707903921604,122.87110214233397,59.07548818997603,63.79561395235794,1.0798999027685197,23.743472222218625,22.04472653963603
vw12,2,30,WITHOUT_MAP,4.5,45,21.183061599731445,24.36052083969116,11.913152774385123,12.447368065306035,12.447368065306035,1.0448424779769085,10.208582878112793,11.73987030982971,1,0.013555712066590786,0.8226990699768066,0.0032874317839741707,0.15713033080101013,0.003327538026496768,147.23162298202513,70.98864096436115,76.24298201766398,1.0740166452255466,23.87652777777264,20.71677672350779
vw12,2,30,WITHOUT_MAP,5.0,50,18.97606658935547,21.82247657775879,11.940774098634263,9.881702479124526,9.881702479124526,0.8275596202975446,10.058455467224121,11.567223787307737,1,0.01879897527396679,0.7822635173797607,0.003851924790069461,0.19172029197216034,0.0033652789425104856,169.0540995597839,82.92941506299542,86.12468449678849,1.0385299888027169,23.877500000001348,19.862955807475373
vw12,2,30,WITHOUT_MAP,5.5,55,21.416093826293945,24.628507900238034,11.919919642259313,12.708588257978722,12.708588257978722,1.066163920511961,10.244453430175781,11.781121444702148,1,0.013038355857133865,0.8231089115142822,0.003271856578066945,0.15721333026885986,0.003367513883858919,193.68260746002193,94.84933470525473,98.8332727547672,1.0420028043622298,23.891111111111385,19.610886334674433
vw12,2,30,WITHOUT_MAP,6.0,60,24.082979202270508,27.695426082611082,11.92158074713403,15.773845335477052,15.773845335477052,1.3231337076896545,10.332406044006348,11.882266950607299,1,0.009639679454267025,0.8654561042785645,0.002778778551146388,0.11896994709968567,0.003155431477352977,221.378033542633,106.77091545238876,114.60711809024424,1.0733926706973849,23.931944444446096,19.501674946630374
vw12,2,30,WITHOUT_MAP,6.5,65,25.421791076660156,29.235059738159176,12.025244893543684,17.209814844615494,17.209814844615494,1.4311404879459368,10.264771461486816,11.804487180709838,1,0.008806144818663597,0.8802333474159241,0.0027118020225316286,0.10509469360113144,0.003154066391289234,250.61309328079219,118.79616034593245,131.81693293485972,1.1096060053709733,24.070000000002754,19.304011469474062
vw12,2,30,WITHOUT_MAP,7.0,70,26.223217010498047,30.156699562072752,11.946522099110743,18.210177462962008,18.210177462962008,1.5243078539416515,10.292888641357422,11.836821937561034,1,0.007989496923983097,0.8912842869758606,0.002539382316172123,0.09516039490699768,0.0030264470260590315,280.76979284286494,130.7426824450432,150.02711039782176,1.147499099698254,23.912500000002673,18.66310401284136
vw12,2,30,WITHOUT_MAP,7.5,75,27.66901397705078,31.819366073608396,11.885275231109254,19.934090842499142,19.934090842499142,1.6772090216575228,10.238465309143066,11.774235105514526,1,0.007226158399134874,0.9046811461448669,0.0024949226062744856,0.08253185451030731,0.003065997501835227,312.58915891647337,142.62795767615245,169.96120124032092,1.1916401525304783,23.768611111109326,18.767684169346467
vw12,2,30,WITHOUT_MAP,8.0,80,24.869739532470703,28.600200462341306,11.851726137438545,16.74847432490276,16.74847432490276,1.4131675108485524,10.334451675415039,11.884619426727294,1,0.008830315433442593,0.8800983428955078,0.002587790135294199,0.10543658584356308,0.0030469310004264116,341.1893593788147,154.47968381359098,186.7096755652237,1.2086357956980565,23.699583333333415,17.86814314336516
vw12,2,30,WITHOUT_MAP,8.5,85,21.9843692779541,25.282024669647214,11.799806164378394,13.48221850526882,13.48221850526882,1.142579659144685,10.259424209594727,11.798337841033934,1,0.01242063008248806,0.8345388770103455,0.003115908009931445,0.1466512233018875,0.003273298963904381,366.4713840484619,166.27948997796938,200.19189407049254,1.2039482085073527,23.576944444445104,18.10573897208087
vw12,2,30,WITHOUT_MAP,9.0,90,21.051410675048828,24.20912227630615,11.736142832397796,12.472979443908354,12.472979443908354,1.0627835415803317,10.17230224609375,11.698147583007811,1,0.014068018645048141,0.8181430697441101,0.0033997411374002695,0.1609656810760498,0.00342349405400455,390.6805063247681,178.01563281036718,212.6648735144009,1.194641561288857,23.477916666666996,17.84253340610303
vw12,2,30,WITHOUT_MAP,9.5,95,21.43157958984375,24.64631652832031,11.69123090303556,12.955085625284749,12.955085625284749,1.1081027936862522,10.205620765686035,11.73646388053894,1,0.01340497937053442,0.8240611553192139,0.0033183498308062553,0.15584255754947662,0.0033730033319443464,415.3268228530884,189.70686371340275,225.61995913968565,1.1893083609275106,23.37250000000124,17.53016872261651
vw12,2,30,WITHOUT_MAP,10.0,100,24.48770523071289,28.16086101531982,11.649778895645522,16.5110821196743,16.5110821196743,1.4172871663552211,10.320813179016113,11.86893515586853,1,0.009284758940339088,0.8743361234664917,0.002703421050682664,0.11056238412857056,0.0031134469900280237,443.4876838684082,201.35664260904827,242.13104125935996,1.2024984034397057,23.3336111111118,17.106111752567813
vw12,2,30,WITHOUT_MAP,10.5,105,23.786897659301758,27.354932308197018,11.649466593719888,15.70546571447713,15.70546571447713,1.348170372276426,10.302722930908203,11.848131370544433,1,0.009984299540519714,0.8623831868171692,0.0028111832216382027,0.12165328115224838,0.0031679831445217133,470.84261617660525,213.00610920276816,257.8365069738371,1.2104653145342104,23.33652777777886,16.968413837254047
vw12,2,30,WITHOUT_MAP,11.0,110,22.174341201782227,25.500492382049558,11.6512732253051,13.849219156744457,13.849219156744457,1.1886442699383013,10.296053886413574,11.840461969375609,1,0.011872643604874611,0.8387743234634399,0.0030358219519257545,0.14311149716377258,0.0032057559583336115,496.3431085586548,224.65738242807325,271.68572613058154,1.209333622577771,23.36402777778069,16.57232301705517
vw12,2,30,WITHOUT_MAP,11.5,115,21.013845443725586,24.16592226028442,11.66141715220439,12.504505108080032,12.504505108080032,1.0722972126690684,10.220914840698242,11.754052066802977,1,0.013850120827555656,0.8199988007545471,0.0033246646635234356,0.15955564379692078,0.003270859830081463,520.5090308189392,236.31879958027764,284.19023123866157,1.2025714066904862,23.29694444444984,16.555275455815718
vw12,2,30,WITHOUT_MAP,12.0,120,21.856395721435547,25.134855079650876,11.64270964511013,13.492145434540745,13.492145434540745,1.1588492581026761,10.263989448547363,11.803587865829467,1,0.0123732415959239,0.8332610130310059,0.0031655263155698776,0.14792293310165405,0.0032772792037576437,545.64388589859,247.96150922538777,297.68237667320227,1.200518490160584,23.267500000002002,16.18315778672695
vw12,2,30,WITHOUT_MAP,12.5,125,20.125930786132812,23.144820404052734,11.639751024409195,11.505069379643539,11.505069379643539,0.9884291644655266,10.153559684753418,11.67659363746643,1,0.015668010339140892,0.8039295673370361,0.003547896398231387,0.17353056371212006,0.0033239114563912153,568.7887063026428,259.60126024979695,309.18744605284587,1.191009033451284,23.31847222222104,16.25187864829786
vw12,2,30,WITHOUT_MAP,13.0,130,20.747631072998047,23.859775733947753,11.622694374032626,12.237081359915127,12.237081359915127,1.0528609775075186,10.18461799621582,11.712310695648192,1,0.014621573500335217,0.8139781355857849,0.0034244945272803307,0.164638489484787,0.003337239846587181,592.6484820365906,271.22395462382957,321.42452741276105,1.1850890083014847,23.27861111111125,16.084046277450398
vw12,2,30,WITHOUT_MAP,13.5,135,21.802894592285156,25.073328781127927,11.599157071292474,13.474171709835453,13.474171709835453,1.161650939548321,10.181468963623047,11.708689308166504,1,0.013111202046275139,0.829224705696106,0.0033064999151974916,0.15092125535011292,0.003436291590332985,617.7218108177185,282.82311169512207,334.89869912259644,1.1841277649317814,23.221527777778903,15.80672070523724
vw12,2,30,WITHOUT_MAP,14.0,140,23.404680252075195,26.915382289886473,11.598677605081939,15.316704684804535,15.316704684804535,1.3205561190952966,10.27177619934082,11.812542629241943,1,0.010523742996156216,0.8596948981285095,0.002860293723642826,0.12369988113641739,0.003221203340217471,644.637193107605,294.421789300204,350.21540380740095,1.189502328070928,23.24361111111125,15.499250369379297
vw12,2,30,WITHOUT_MAP,14.5,145,23.233108520507812,26.71807479858398,11.586954127447761,15.13112067113622,15.13112067113622,1.3058755998086553,10.321423530578613,11.869637060165404,1,0.0106764305382967,0.8523633480072021,0.002847225870937109,0.13092705607414246,0.003186013549566269,671.3552679061889,306.0087434276518,365.34652447853716,1.1939087765474725,23.201111111116322,15.12523618945852
vw12,2,30,WITHOUT_MAP,15.0,150,26.089757919311523,30.00322160720825,11.570050344096229,18.433171263112023,18.433171263112023,1.593179866543778,10.27750301361084,11.819128465652465,1,0.008278947323560715,0.8888471722602844,0.0026098908856511116,0.09714435786008835,0.0031196456402540207,701.3584895133972,317.578793771748,383.7796957416492,1.20845504570271,23.2240277777746,14.87077340343967
vw12,2,30,WITHOUT_MAP,15.5,155,22.034992218017578,25.340241050720213,11.531221787166885,13.809019263553328,13.809019263553328,1.1975330557705002,10.29272747039795,11.83663659095764,1,0.012370212003588676,0.8356884717941284,0.0030288344714790583,0.14573946595191956,0.0031730257906019688,726.6987305641175,329.1100155589149,397.5887150052026,1.2080723654975767,23.013611111111796,14.303059640224092
vw12,2,30,WITHOUT_MAP,16.0,160,23.678569793701172,27.230355262756344,11.486776556020677,15.743578706735667,15.743578706735667,1.3705828288688902,10.316503524780273,11.863979053497314,1,0.010024662129580975,0.863427460193634,0.0027873304206877947,0.12059232592582703,0.0031682278495281935,753.9290858268738,340.59679211493557,413.33229371193823,1.2135531023218147,23.01694444444873,14.292118312092498
vw12,2,30,WITHOUT_MAP,16.5,165,19.5643310546875,22.498980712890624,11.542211754078387,10.956768958812237,10.956768958812237,0.9492781099723554,10.120062828063965,11.638072252273558,1,0.017254814505577087,0.7915048003196716,0.0036977040581405163,0.18418587744235992,0.0033567389473319054,776.4280665397645,352.13900386901395,424.2890626707505,1.2048908471058617,23.145555555554044,13.960988816223107
vw12,2,30,WITHOUT_MAP,17.0,170,20.182703018188477,23.210108470916747,11.603198081459876,11.606910389456871,11.606910389456871,1.0003199383455261,10.168439865112305,11.69370584487915,1,0.01582273095846176,0.8023720383644104,0.0035514815244823694,0.17492221295833588,0.0033315024338662624,799.6381750106813,363.7422019504738,435.89597306020744,1.1983651353151425,23.360972222219367,13.514017990557477
vw12,2,30,WITHOUT_MAP,17.5,175,20.211376190185547,23.243082618713377,11.74220403448529,11.500878584228087,11.500878584228087,0.9794480278533346,10.12588882446289,11.644772148132324,1,0.015840210020542145,0.8077530860900879,0.0035528067965060472,0.16951721906661987,0.0033367082942277193,822.8812576293947,375.4844059849591,447.39685164443557,1.1915191270615832,23.65249999999904,13.166379676898941
vw12,2,30,WITHOUT_MAP,18.0,180,22.091541290283203,25.40527248382568,11.864574125261715,13.540698358563965,13.540698358563965,1.1412713356253972,10.193650245666504,11.722697782516478,1,0.012500784359872341,0.8366466760635376,0.003239600919187069,0.14421996474266052,0.0033928826451301575,848.2865301132204,387.3489801102208,460.93755000299956,1.1899800274983015,23.884444444441947,12.774124410236254
vw12,2,30,WITHOUT_MAP,18.5,185,23.247177124023438,26.73425369262695,11.987213799270794,14.747039893356156,14.747039893356156,1.2302308226331333,10.238296508789062,11.77404098510742,1,0.010742842219769955,0.8571838140487671,0.0029821840580552816,0.12575875222682953,0.0033323855604976416,875.0207838058473,399.3361939094916,475.68458989635565,1.1911882698119975,24.157499999997338,12.583814756711945
vw12,2,30,WITHOUT_MAP,19.0,190,23.90953254699707,27.495962429046628,12.093701234581633,15.402261194464995,15.402261194464995,1.2735771204949744,10.262391090393066,11.801749753952025,1,0.01005719043314457,0.8664153814315796,0.0028512468561530113,0.1174483671784401,0.0032277246937155724,902.5167462348938,411.42989514407327,491.0868510908206,1.1936100339010447,24.284583333331497,12.50673074927181
vw12,2,30,WITHOUT_MAP,19.5,195,26.234668731689453,30.16986904144287,12.15039222965119,18.019476811791677,18.019476811791677,1.4830366354608597,10.26183032989502,11.801104879379272,1,0.008030278608202934,0.896939218044281,0.002542997943237424,0.08939032256603241,0.0030972256790846586,932.6866152763367,423.58028737372445,509.1063279026123,1.2019122302861756,24.394999999998145,12.337710333405994
vw12,2,30,WITHOUT_MAP,20.0,200,22.258085250854492,25.596798038482664,12.195491266636445,13.401306771846219,13.401306771846219,1.0988738771441342,10.254048347473145,11.792155599594116,1,0.011876210570335388,0.8451448678970337,0.0030199959874153137,0.13676472008228302,0.0031942918431013823,958.2834133148194,435.7757786403609,522.5076346744586,1.1990286295964057,24.44249999999898,12.033570982981473
vw12,2,30,WITHOUT_MAP,20.5,205,21.00323486328125,24.153720092773437,12.224346993977752,11.929373098795685,11.929373098795685,0.9758699670970249,10.159989356994629,11.683987760543822,1,0.014367439784109592,0.824331521987915,0.0033890591003000736,0.15457652509212494,0.003335393499583006,982.4371334075929,448.00012563433864,534.4370077732542,1.1929394149533477,24.512500000001022,11.786094443756156
vw12,2,30,WITHOUT_MAP,21.0,210,20.377065658569336,23.433625507354733,12.22526647922526,11.208359028129474,11.208359028129474,0.9168191995795064,10.150370597839355,11.672926187515257,1,0.015797249972820282,0.8085600137710571,0.003558079246431589,0.16874578595161438,0.0033388345036655664,1005.8707589149476,460.2253921135639,545.6453668013837,1.1856046540490357,24.51000000000017,11.195889763301238
vw12,2,30,WITHOUT_MAP,21.5,215,19.235027313232422,22.120281410217284,12.203532530079343,9.916748880137941,9.916748880137941,0.81261297543929,10.03280258178711,11.537722969055174,1,0.01831519417464733,0.7901477217674255,0.0038392096757888794,0.18431442975997925,0.00338354567065835,1027.991040325165,472.4289246436432,555.5621156815217,1.1759697315328153,24.3800000000034,11.3720864149509
vw12,2,30,WITHOUT_MAP,22.0,220,20.701297760009766,23.80649242401123,12.124849328569287,11.681643095441942,11.681643095441942,0.9634464543750629,10.170846939086914,11.69647397994995,1,0.014569814316928387,0.8182198405265808,0.0033828262239694595,0.1605478972196579,0.003279520198702812,1051.797532749176,484.55377397221247,567.2437587769637,1.1706518228655736,24.213611111110975,11.647125375340693
vw12,2,30,WITHOUT_MAP,22.5,225,20.33976173400879,23.390725994110106,12.047418973903822,11.343307020206284,11.343307020206284,0.941554954200337,10.117267608642578,11.634857749938964,1,0.015598427504301071,0.8071339726448059,0.0035749906674027443,0.17027898132801056,0.003413623198866844,1075.1882587432863,496.60119294611627,578.58706579717,1.1650939909440563,24.056944444444447,11.81177667225711
vw12,2,30,WITHOUT_MAP,23.0,230,17.957489013671875,20.651112365722653,11.949583757284767,8.701528608437886,8.701528608437886,0.7281867540476643,9.940902709960938,11.432038116455077,1,0.021667275577783585,0.7628737688064575,0.0041629052720963955,0.2078699916601181,0.003426076378673315,1095.8393711090089,508.550776703401,587.2885944056079,1.1548278388494697,23.854027777779812,11.88754278619308
vw12,2,30,WITHOUT_MAP,23.5,235,19.58060646057129,22.51769742965698,11.824225103678296,10.693472325978684,10.693472325978684,0.9043698197738255,10.101140022277832,11.616311025619506,1,0.01722637191414833,0.7900746464729309,0.0037500939797610044,0.18556757271289825,0.0033812590409070253,1118.3570685386658,520.3750018070793,597.9820667315864,1.1491368045255923,23.61500000000055,11.923733514500782
vw12,2,30,WITHOUT_MAP,24.0,240,19.49444007873535,22.41860609054565,11.740357671784603,10.678248418761049,10.678248418761049,0.9095334841819936,10.107991218566895,11.624189901351928,1,0.01746651530265808,0.7871134877204895,0.0037549345288425684,0.18827907741069794,0.0033859782852232456,1140.7756746292114,532.115359478864,608.6603151503474,1.143850302961465,23.430555555555696,11.754716158029623
vw12,2,30,WITHOUT_MAP,24.5,245,20.29713249206543,23.341702365875243,11.63167406864474,11.710028297230503,11.710028297230503,1.0067362813059713,10.177273750305176,11.70386481285095,1,0.015427635982632637,0.8001375198364258,0.0035447285044938326,0.17753030359745026,0.0033597578294575214,1164.1173769950867,543.7470335475087,620.370343447578,1.1409172007802308,23.25000000000203,11.45799250737764
vw12,2,30,WITHOUT_MAP,25.0,250,20.327869415283203,23.377049827575682,11.576480007382195,11.800569820193488,11.800569820193488,1.0193573359664072,10.190333366394043,11.718883371353149,1,0.015340825542807579,0.8010324239730835,0.003520973026752472,0.17674294114112854,0.003362898016348481,1187.4944268226625,555.323513554891,632.1709132677715,1.1383831187354982,23.201111111113306,11.161211599595845
vw12,2,30,WITHOUT_MAP,25.5,255,22.019367218017578,25.32227230072021,11.602623505803063,13.719648794917148,13.719648794917148,1.1824609139523705,10.24521541595459,11.781997728347777,1,0.01228914875537157,0.8341576457023621,0.0031725673470646143,0.1470283716917038,0.00335226533934474,1212.8166991233827,566.926137060694,645.8905620626887,1.1392852081426277,23.24944444443652,11.214682717225514
vw12,2,30,WITHOUT_MAP,26.0,260,21.771642684936523,25.037389087677,11.817665390868633,13.219723696808366,13.219723696808366,1.1186408871436728,10.266294479370117,11.806238651275633,1,0.012627270072698593,0.8295868635177612,0.0031669491436332464,0.1513396054506302,0.0032793856225907803,1237.8540882110597,578.7438024515627,659.110285759497,1.1388636612046665,23.76194444444565,11.520459425868466
vw12,2,30,WITHOUT_MAP,26.5,265,21.892385482788086,25.176243305206295,11.904140243973536,13.272103061232759,13.272103061232759,1.1149148774479327,10.248038291931152,11.785244035720824,1,0.01237371563911438,0.8328468799591064,0.003165413625538349,0.14830182492733002,0.0033120980951935053,1263.030331516266,590.6479426955362,672.3823888207297,1.1383809884314207,23.90305555555566,11.457404637360014
vw12,2,30,WITHOUT_MAP,27.0,270,21.995315551757812,25.29461288452148,12.076629133030057,13.217983751491424,13.217983751491424,1.0945093706106879,10.282227516174316,11.824561643600463,1,0.012181313708424568,0.8323278427124023,0.003101776819676161,0.14911812543869019,0.0032709171064198017,1288.3249444007874,602.7245718285664,685.6003725722211,1.1375019446979295,24.324027777775424,11.589953745831735
vw12,2,30,WITHOUT_MAP,27.5,275,18.731271743774414,21.540962505340573,12.258753822158319,9.282208683182255,9.282208683182255,0.7571902346553523,10.049118995666504,11.556486845016478,1,0.019154053181409836,0.7734104990959167,0.003872113535180688,0.20022064447402954,0.0033427297603338957,1309.865906906128,614.9833256507246,694.8825812554034,1.1299210113056901,24.68708333333311,11.977949809283018
vw12,2,30,WITHOUT_MAP,28.0,280,18.185523986816406,20.913352584838865,12.400742161398895,8.51261042343997,8.51261042343997,0.6864597547990373,10.019950866699219,11.5229434967041,1,0.02106069028377533,0.7637627124786377,0.004043640568852425,0.2077580839395523,0.003374997293576598,1330.7792594909668,627.3840678121235,703.3951916788433,1.1211556489341423,24.928888888886693,12.212577850674279
vw12,2,30,WITHOUT_MAP,28.5,285,17.15665626525879,19.730154705047607,12.536392992410805,7.193761712636801,7.193761712636801,0.5738302649726849,9.896105766296387,11.380521631240844,1,0.02428913488984108,0.7523519992828369,0.004292651079595089,0.2157004475593567,0.0033658540342003107,1350.5094141960144,639.9204608045343,710.5889533914801,1.1104332443099234,25.21249999999816,10.545782447909005
vw12,2,30,WITHOUT_MAP,29.0,290,16.232980728149414,18.667927837371824,12.629940335937402,6.037987501434422,6.037987501434422,0.47806936064882677,9.773006439208984,11.238957405090332,1,0.027899019420146942,0.7316703200340271,0.004619425628334284,0.23235704004764557,0.003454162273555994,1369.1773420333861,652.5504011404716,716.6269408929145,1.0981940086780353,25.355555555555526,10.576048412011005
vw12,2,30,WITHOUT_MAP,29.5,295,17.414220809936523,20.026353931427,12.729180511816033,7.297173419610967,7.297173419610967,0.573263409442365,9.911556243896484,11.398289680480957,1,0.02337563969194889,0.7518481612205505,0.004272259771823883,0.2170480489730835,0.0034559061750769615,1389.203695964813,665.2795816522877,723.9241143125254,1.0881502067365245,25.599027777781732,9.742261929670349
vw12,2,30,WITH_MAP,2.0,20,21.4639892578125,24.683587646484373,11.856800662653656,12.826786983830717,12.826786983830717,1.0818084362531544,10.204517364501953,11.735194969177245,1,0.013161691837012768,0.8246414065361023,0.003247043350711465,0.1556222140789032,0.0033277401234954596,24.683587646484373,11.856800662653656,12.826786983830717,1.0818084362531544,23.744999999999344,23.432322304230183
vw12,2,30,WITH_MAP,2.5,25,23.35358428955078,26.856621932983398,11.827431571761508,15.02919036122189,15.02919036122189,1.2707061774176496,10.361252784729004,11.915440702438353,1,0.01011368166655302,0.856987476348877,0.002755741821601987,0.12705284357070923,0.0030901546124368906,51.54020957946777,23.684232234415163,27.855977345052608,1.176140187672014,23.6745833333338,23.466164630604908
vw12,2,30,WITH_MAP,3.0,30,21.234146118164062,24.41926803588867,11.794221411869696,12.625046624018974,12.625046624018974,1.0704434131881853,10.259868621826172,11.798848915100097,1,0.013502218760550022,0.8214066624641418,0.003222108818590641,0.15863147377967834,0.0032374910078942776,75.95947761535643,35.47845364628486,40.48102396907157,1.141003054210356,23.63694444444764,22.911230558995157
vw12,2,30,WITH_MAP,3.5,35,20.329998016357422,23.379497718811034,11.757392157490177,11.622105561320858,11.622105561320858,0.9884934861100867,10.180891990661621,11.708025789260864,1,0.015565999783575535,0.8056755661964417,0.003473339369520545,0.1720026731491089,0.0032823507208377123,99.33897533416747,47.235845803775035,52.10312953039244,1.1030421630817588,23.584027777774043,22.722114709205925
vw12,2,30,WITH_MAP,4.0,40,20.462718963623047,23.532126808166502,11.839642386200993,11.69248442196551,11.69248442196551,0.987570742473861,10.125438690185547,11.644254493713378,1,0.01574113965034485,0.8077542781829834,0.003545359242707491,0.1695943921804428,0.0033648707903921604,122.87110214233397,59.07548818997603,63.79561395235794,1.0798999027685197,23.743472222218625,22.044656387064606
vw12,2,30,WITH_MAP,4.5,45,21.183061599731445,24.36052083969116,11.913152774385123,12.447368065306035,12.447368065306035,1.0448424779769085,10.208582878112793,11.73987030982971,1,0.013555712066590786,0.8226990699768066,0.0032874317839741707,0.15713033080101013,0.003327538026496768,147.23162298202513,70.98864096436115,76.24298201766398,1.0740166452255466,23.87652777777264,20.71677207807079
vw12,2,30,WITH_MAP,5.0,50,18.97606658935547,21.82247657775879,11.940774098634263,9.881702479124526,9.881702479124526,0.8275596202975446,10.058455467224121,11.567223787307737,1,0.01879897527396679,0.7822635173797607,0.003851924790069461,0.19172029197216034,0.0033652789425104856,169.0540995597839,82.92941506299542,86.12468449678849,1.0385299888027169,23.877500000001348,19.86313525494188
vw12,2,30,WITH_MAP,5.5,55,21.416093826293945,24.628507900238034,11.919919642259313,12.708588257978722,12.708588257978722,1.066163920511961,10.244453430175781,11.781121444702148,1,0.013038355857133865,0.8231089115142822,0.003271856578066945,0.15721333026885986,0.003367513883858919,193.68260746002193,94.84933470525473,98.8332727547672,1.0420028043622298,23.891111111111385,19.611261434853077
vw12,2,30,WITH_MAP,6.0,60,24.082979202270508,27.695426082611082,11.92158074713403,15.773845335477052,15.773845335477052,1.3231337076896545,10.332406044006348,11.882266950607299,1,0.009639679454267025,0.8654561042785645,0.002778778551146388,0.11896994709968567,0.003155431477352977,221.378033542633,106.77091545238876,114.60711809024424,1.0733926706973849,23.931944444446096,19.502080182312056
vw12,2,30,WITH_MAP,6.5,65,25.421791076660156,29.235059738159176,12.025244893543684,17.209814844615494,17.209814844615494,1.4311404879459368,10.264771461486816,11.804487180709838,1,0.008806144818663597,0.8802333474159241,0.0027118020225316286,0.10509469360113144,0.003154066391289234,250.61309328079219,118.79616034593245,131.81693293485972,1.1096060053709733,24.070000000002754,19.304357930552214
vw12,2,30,WITH_MAP,7.0,70,26.223217010498047,30.156699562072752,11.946522099110743,18.210177462962008,18.210177462962008,1.5243078539416515,10.292888641357422,11.836821937561034,1,0.007989496923983097,0.8912842869758606,0.002539382316172123,0.09516039490699768,0.0030264470260590315,280.76979284286494,130.7426824450432,150.02711039782176,1.147499099698254,23.912500000002673,18.663332110270858
vw12,2,30,WITH_MAP,7.5,75,27.66901397705078,31.819366073608396,11.885275231109254,19.934090842499142,19.934090842499142,1.6772090216575228,10.238465309143066,11.774235105514526,1,0.007226158399134874,0.9046811461448669,0.0024949226062744856,0.08253185451030731,0.003065997501835227,312.58915891647337,142.62795767615245,169.96120124032092,1.1916401525304783,23.768611111109326,18.767678905278444
vw12,2,30,WITH_MAP,8.0,80,24.869739532470703,28.600200462341306,11.851726137438545,16.74847432490276,16.74847432490276,1.4131675108485524,10.334451675415039,11.884619426727294,1,0.008830315433442593,0.8800983428955078,0.002587790135294199,0.10543658584356308,0.0030469310004264116,341.1893593788147,154.47968381359098,186.7096755652237,1.2086357956980565,23.699583333333415,17.8681722630281
vw12,2,30,WITH_MAP,8.5,85,21.9843692779541,25.282024669647214,11.799806164378394,13.48221850526882,13.48221850526882,1.142579659144685,10.259424209594727,11.798337841033934,1,0.01242063008248806,0.8345388770103455,0.003115908009931445,0.1466512233018875,0.003273298963904381,366.4713840484619,166.27948997796938,200.19189407049254,1.2039482085073527,23.576944444445104,18.106635644333437
vw12,2,30,WITH_MAP,9.0,90,21.051410675048828,24.20912227630615,11.736142832397796,12.472979443908354,12.472979443908354,1.0627835415803317,10.17230224609375,11.698147583007811,1,0.014068018645048141,0.8181430697441101,0.0033997411374002695,0.1609656810760498,0.00342349405400455,390.6805063247681,178.01563281036718,212.6648735144009,1.194641561288857,23.477916666666996,17.84465361153707
vw12,2,30,WITH_MAP,9.5,95,21.43157958984375,24.64631652832031,11.69123090303556,12.955085625284749,12.955085625284749,1.1081027936862522,10.205620765686035,11.73646388053894,1,0.01340497937053442,0.8240611553192139,0.0033183498308062553,0.15584255754947662,0.0033730033319443464,415.3268228530884,189.70686371340275,225.61995913968565,1.1893083609275106,23.37250000000124,17.533425370929763
vw12,2,30,WITH_MAP,10.0,100,24.48770523071289,28.16086101531982,11.649778895645522,16.5110821196743,16.5110821196743,1.4172871663552211,10.320813179016113,11.86893515586853,1,0.009284758940339088,0.8743361234664917,0.002703421050682664,0.11056238412857056,0.0031134469900280237,443.4876838684082,201.35664260904827,242.13104125935996,1.2024984034397057,23.3336111111118,17.11060105985962
vw12,2,30,WITH_MAP,10.5,105,23.786897659301758,27.354932308197018,11.649466593719888,15.70546571447713,15.70546571447713,1.348170372276426,10.302722930908203,11.848131370544433,1,0.009984299540519714,0.8623831868171692,0.0028111832216382027,0.12165328115224838,0.0031679831445217133,470.84261617660525,213.00610920276816,257.8365069738371,1.2104653145342104,23.33652777777886,16.974315256578848
vw12,2,30,WITH_MAP,11.0,110,22.174341201782227,25.500492382049558,11.6512732253051,13.849219156744457,13.849219156744457,1.1886442699383013,10.296053886413574,11.840461969375609,1,0.011872643604874611,0.8387743234634399,0.0030358219519257545,0.14311149716377258,0.0032057559583336115,496.3431085586548,224.65738242807325,271.68572613058154,1.209333622577771,23.36402777778069,16.579571589361876
vw12,2,30,WITH_MAP,11.5,115,21.013845443725586,24.16592226028442,11.66141715220439,12.504505108080032,12.504505108080032,1.0722972126690684,10.220914840698242,11.754052066802977,1,0.013850120827555656,0.8199988007545471,0.0033246646635234356,0.15955564379692078,0.003270859830081463,520.5090308189392,236.31879958027764,284.19023123866157,1.2025714066904862,23.29694444444984,16.56433975789696
vw12,2,30,WITH_MAP,12.0,120,21.856395721435547,25.134855079650876,11.64270964511013,13.492145434540745,13.492145434540745,1.1588492581026761,10.263989448547363,11.803587865829467,1,0.0123732415959239,0.8332610130310059,0.0031655263155698776,0.14792293310165405,0.0032772792037576437,545.64388589859,247.96150922538777,297.68237667320227,1.200518490160584,23.267500000002002,16.194895634893328
vw12,2,30,WITH_MAP,12.5,125,20.125930786132812,23.144820404052734,11.639751024409195,11.505069379643539,11.505069379643539,0.9884291644655266,10.153559684753418,11.67659363746643,1,0.015668010339140892,0.8039295673370361,0.003547896398231387,0.17353056371212006,0.0033239114563912153,568.7887063026428,259.60126024979695,309.18744605284587,1.191009033451284,23.31847222222104,16.265285062370822
vw12,2,30,WITH_MAP,13.0,130,20.747631072998047,23.859775733947753,11.622694374032626,12.237081359915127,12.237081359915127,1.0528609775075186,10.18461799621582,11.712310695648192,1,0.014621573500335217,0.8139781355857849,0.0034244945272803307,0.164638489484787,0.003337239846587181,592.6484820365906,271.22395462382957,321.42452741276105,1.1850890083014847,23.27861111111125,16.102311810012907
vw12,2,30,WITH_MAP,13.5,135,21.802894592285156,25.073328781127927,11.599157071292474,13.474171709835453,13.474171709835453,1.161650939548321,10.181468963623047,11.708689308166504,1,0.013111202046275139,0.829224705696106,0.0033064999151974916,0.15092125535011292,0.003436291590332985,617.7218108177185,282.82311169512207,334.89869912259644,1.1841277649317814,23.221527777778903,15.827388070290908
vw12,2,30,WITH_MAP,14.0,140,23.404680252075195,26.915382289886473,11.598677605081939,15.316704684804535,15.316704684804535,1.3205561190952966,10.27177619934082,11.812542629241943,1,0.010523742996156216,0.8596948981285095,0.002860293723642826,0.12369988113641739,0.003221203340217471,644.637193107605,294.421789300204,350.21540380740095,1.189502328070928,23.24361111111125,15.524789589457214
vw12,2,30,WITH_MAP,14.5,145,23.233108520507812,26.71807479858398,11.586954127447761,15.13112067113622,15.13112067113622,1.3058755998086553,10.321423530578613,11.869637060165404,1,0.0106764305382967,0.8523633480072021,0.002847225870937109,0.13092705607414246,0.003186013549566269,671.3552679061889,306.0087434276518,365.34652447853716,1.1939087765474725,23.201111111116322,15.157536044484004
vw12,2,30,WITH_MAP,15.0,150,26.089757919311523,30.00322160720825,11.570050344096229,18.433171263112023,18.433171263112023,1.593179866543778,10.27750301361084,11.819128465652465,1,0.008278947323560715,0.8888471722602844,0.0026098908856511116,0.09714435786008835,0.0031196456402540207,701.3584895133972,317.578793771748,383.7796957416492,1.20845504570271,23.2240277777746,14.909757700748742
vw12,2,30,WITH_MAP,15.5,155,22.034992218017578,25.340241050720213,11.531221787166885,13.809019263553328,13.809019263553328,1.1975330557705002,10.29272747039795,11.83663659095764,1,0.012370212003588676,0.8356884717941284,0.0030288344714790583,0.14573946595191956,0.0031730257906019688,726.6987305641175,329.1100155589149,397.5887150052026,1.2080723654975767,23.013611111111796,14.348220315412618
vw12,2,30,WITH_MAP,16.0,160,23.678569793701172,27.230355262756344,11.486776556020677,15.743578706735667,15.743578706735667,1.3705828288688902,10.316503524780273,11.863979053497314,1,0.010024662129580975,0.863427460193634,0.0027873304206877947,0.12059232592582703,0.0031682278495281935,753.9290858268738,340.59679211493557,413.33229371193823,1.2135531023218147,23.01694444444873,14.339578837389126
vw12,2,30,WITH_MAP,16.5,165,19.5643310546875,22.498980712890624,11.542211754078387,10.956768958812237,10.956768958812237,0.9492781099723554,10.120062828063965,11.638072252273558,1,0.017254814505577087,0.7915048003196716,0.0036977040581405163,0.18418587744235992,0.0033567389473319054,776.4280665397645,352.13900386901395,424.2890626707505,1.2048908471058617,23.145555555554044,14.011367228929885
vw12,2,30,WITH_MAP,17.0,170,20.182703018188477,23.210108470916747,11.603198081459876,11.606910389456871,11.606910389456871,1.0003199383455261,10.168439865112305,11.69370584487915,1,0.01582273095846176,0.8023720383644104,0.0035514815244823694,0.17492221295833588,0.0033315024338662624,799.6381750106813,363.7422019504738,435.89597306020744,1.1983651353151425,23.360972222219367,13.566185923758894
vw12,2,30,WITH_MAP,17.5,175,20.211376190185547,23.243082618713377,11.74220403448529,11.500878584228087,11.500878584228087,0.9794480278533346,10.12588882446289,11.644772148132324,1,0.015840210020542145,0.8077530860900879,0.0035528067965060472,0.16951721906661987,0.0033367082942277193,822.8812576293947,375.4844059849591,447.39685164443557,1.1915191270615832,23.65249999999904,13.221060939482413
vw12,2,30,WITH_MAP,18.0,180,22.091541290283203,25.40527248382568,11.864574125261715,13.540698358563965,13.540698358563965,1.1412713356253972,10.193650245666504,11.722697782516478,1,0.012500784359872341,0.8366466760635376,0.003239600919187069,0.14421996474266052,0.0033928826451301575,848.2865301132204,387.3489801102208,460.93755000299956,1.1899800274983015,23.884444444441947,12.831088943989016
vw12,2,30,WITH_MAP,18.5,185,23.247177124023438,26.73425369262695,11.987213799270794,14.747039893356156,14.747039893356156,1.2302308226331333,10.238296508789062,11.77404098510742,1,0.010742842219769955,0.8571838140487671,0.0029821840580552816,0.12575875222682953,0.0033323855604976416,875.0207838058473,399.3361939094916,475.68458989635565,1.1911882698119975,24.157499999997338,12.642989892628975
vw12,2,30,WITH_MAP,19.0,190,23.90953254699707,27.495962429046628,12.093701234581633,15.402261194464995,15.402261194464995,1.2735771204949744,10.262391090393066,11.801749753952025,1,0.01005719043314457,0.8664153814315796,0.0028512468561530113,0.1174483671784401,0.0032277246937155724,902.5167462348938,411.42989514407327,491.0868510908206,1.1936100339010447,24.284583333331497,12.568040516460314
vw12,2,30,WITH_MAP,19.5,195,26.234668731689453,30.16986904144287,12.15039222965119,18.019476811791677,18.019476811791677,1.4830366354608597,10.26183032989502,11.801104879379272,1,0.008030278608202934,0.896939218044281,0.002542997943237424,0.08939032256603241,0.0030972256790846586,932.6866152763367,423.58028737372445,509.1063279026123,1.2019122302861756,24.394999999998145,12.41117807943374
vw12,2,30,WITH_MAP,20.0,200,22.258085250854492,25.596798038482664,12.195491266636445,13.401306771846219,13.401306771846219,1.0988738771441342,10.254048347473145,11.792155599594116,1,0.011876210570335388,0.8451448678970337,0.0030199959874153137,0.13676472008228302,0.0031942918431013823,958.2834133148194,435.7757786403609,522.5076346744586,1.1990286295964057,24.44249999999898,12.102592097246088
vw12,2,30,WITH_MAP,20.5,205,21.00323486328125,24.153720092773437,12.224346993977752,11.929373098795685,11.929373098795685,0.9758699670970249,10.159989356994629,11.683987760543822,1,0.014367439784109592,0.824331521987915,0.0033890591003000736,0.15457652509212494,0.003335393499583006,982.4371334075929,448.00012563433864,534.4370077732542,1.1929394149533477,24.512500000001022,11.786306572961621
vw12,2,30,WITH_MAP,21.0,210,20.377065658569336,23.433625507354733,12.22526647922526,11.208359028129474,11.208359028129474,0.9168191995795064,10.150370597839355,11.672926187515257,1,0.015797249972820282,0.8085600137710571,0.003558079246431589,0.16874578595161438,0.0033388345036655664,1005.8707589149476,460.2253921135639,545.6453668013837,1.1856046540490357,24.51000000000017,11.20245042303577
vw12,2,30,WITH_MAP,21.5,215,19.235027313232422,22.120281410217284,12.203532530079343,9.916748880137941,9.916748880137941,0.81261297543929,10.03280258178711,11.537722969055174,1,0.01831519417464733,0.7901477217674255,0.0038392096757888794,0.18431442975997925,0.00338354567065835,1027.991040325165,472.4289246436432,555.5621156815217,1.1759697315328153,24.3800000000034,11.49894798162859
vw12,2,30,WITH_MAP,22.0,220,20.701297760009766,23.80649242401123,12.124849328569287,11.681643095441942,11.681643095441942,0.9634464543750629,10.170846939086914,11.69647397994995,1,0.014569814316928387,0.8182198405265808,0.0033828262239694595,0.1605478972196579,0.003279520198702812,1051.797532749176,484.55377397221247,567.2437587769637,1.1706518228655736,24.213611111110975,11.77649001183454
vw12,2,30,WITH_MAP,22.5,225,20.33976173400879,23.390725994110106,12.047418973903822,11.343307020206284,11.343307020206284,0.941554954200337,10.117267608642578,11.634857749938964,1,0.015598427504301071,0.8071339726448059,0.0035749906674027443,0.17027898132801056,0.003413623198866844,1075.1882587432863,496.60119294611627,578.58706579717,1.1650939909440563,24.056944444444447,11.907208894961514
vw12,2,30,WITH_MAP,23.0,230,17.957489013671875,20.651112365722653,11.949583757284767,8.701528608437886,8.701528608437886,0.7281867540476643,9.940902709960938,11.432038116455077,1,0.021667275577783585,0.7628737688064575,0.0041629052720963955,0.2078699916601181,0.003426076378673315,1095.8393711090089,508.550776703401,587.2885944056079,1.1548278388494697,23.854027777779812,11.963655831990764
vw12,2,30,WITH_MAP,23.5,235,19.58060646057129,22.51769742965698,11.824225103678296,10.693472325978684,10.693472325978684,0.9043698197738255,10.101140022277832,11.616311025619506,1,0.01722637191414833,0.7900746464729309,0.0037500939797610044,0.18556757271289825,0.0033812590409070253,1118.3570685386658,520.3750018070793,597.9820667315864,1.1491368045255923,23.61500000000055,11.813946818117984
vw12,2,30,WITH_MAP,24.0,240,19.49444007873535,22.41860609054565,11.740357671784603,10.678248418761049,10.678248418761049,0.9095334841819936,10.107991218566895,11.624189901351928,1,0.01746651530265808,0.7871134877204895,0.0037549345288425684,0.18827907741069794,0.0033859782852232456,1140.7756746292114,532.115359478864,608.6603151503474,1.143850302961465,23.430555555555696,11.6112397123361
vw12,2,30,WITH_MAP,24.5,245,20.29713249206543,23.341702365875243,11.63167406864474,11.710028297230503,11.710028297230503,1.0067362813059713,10.177273750305176,11.70386481285095,1,0.015427635982632637,0.8001375198364258,0.0035447285044938326,0.17753030359745026,0.0033597578294575214,1164.1173769950867,543.7470335475087,620.370343447578,1.1409172007802308,23.25000000000203,11.456707697128877
vw12,2,30,WITH_MAP,25.0,250,20.327869415283203,23.377049827575682,11.576480007382195,11.800569820193488,11.800569820193488,1.0193573359664072,10.190333366394043,11.718883371353149,1,0.015340825542807579,0.8010324239730835,0.003520973026752472,0.17674294114112854,0.003362898016348481,1187.4944268226625,555.323513554891,632.1709132677715,1.1383831187354982,23.201111111113306,11.207879882538691
vw12,2,30,WITH_MAP,25.5,255,22.019367218017578,25.32227230072021,11.602623505803063,13.719648794917148,13.719648794917148,1.1824609139523705,10.24521541595459,11.781997728347777,1,0.01228914875537157,0.8341576457023621,0.0031725673470646143,0.1470283716917038,0.00335226533934474,1212.8166991233827,566.926137060694,645.8905620626887,1.1392852081426277,23.24944444443652,11.172713443287648
vw12,2,30,WITH_MAP,26.0,260,21.771642684936523,25.037389087677,11.817665390868633,13.219723696808366,13.219723696808366,1.1186408871436728,10.266294479370117,11.806238651275633,1,0.012627270072698593,0.8295868635177612,0.0031669491436332464,0.1513396054506302,0.0032793856225907803,1237.8540882110597,578.7438024515627,659.110285759497,1.1388636612046665,23.76194444444565,11.474972949014045
vw12,2,30,WITH_MAP,26.5,265,21.892385482788086,25.176243305206295,11.904140243973536,13.272103061232759,13.272103061232759,1.1149148774479327,10.248038291931152,11.785244035720824,1,0.01237371563911438,0.8328468799591064,0.003165413625538349,0.14830182492733002,0.0033120980951935053,1263.030331516266,590.6479426955362,672.3823888207297,1.1383809884314207,23.90305555555566,11.546893110615201
vw12,2,30,WITH_MAP,27.0,270,21.995315551757812,25.29461288452148,12.076629133030057,13.217983751491424,13.217983751491424,1.0945093706106879,10.282227516174316,11.824561643600463,1,0.012181313708424568,0.8323278427124023,0.003101776819676161,0.14911812543869019,0.0032709171064198017,1288.3249444007874,602.7245718285664,685.6003725722211,1.1375019446979295,24.324027777775424,11.791701066773385
vw12,2,30,WITH_MAP,27.5,275,18.731271743774414,21.540962505340573,12.258753822158319,9.282208683182255,9.282208683182255,0.7571902346553523,10.049118995666504,11.556486845016478,1,0.019154053181409836,0.7734104990959167,0.003872113535180688,0.20022064447402954,0.0033427297603338957,1309.865906906128,614.9833256507246,694.8825812554034,1.1299210113056901,24.68708333333311,12.29529998183716
vw12,2,30,WITH_MAP,28.0,280,18.185523986816406,20.913352584838865,12.400742161398895,8.51261042343997,8.51261042343997,0.6864597547990373,10.019950866699219,11.5229434967041,1,0.02106069028377533,0.7637627124786377,0.004043640568852425,0.2077580839395523,0.003374997293576598,1330.7792594909668,627.3840678121235,703.3951916788433,1.1211556489341423,24.928888888886693,12.536094178096391
vw12,2,30,WITH_MAP,28.5,285,17.15665626525879,19.730154705047607,12.536392992410805,7.193761712636801,7.193761712636801,0.5738302649726849,9.896105766296387,11.380521631240844,1,0.02428913488984108,0.7523519992828369,0.004292651079595089,0.2157004475593567,0.0033658540342003107,1350.5094141960144,639.9204608045343,710.5889533914801,1.1104332443099234,25.21249999999816,10.92401792423334
vw12,2,30,WITH_MAP,29.0,290,16.232980728149414,18.667927837371824,12.629940335937402,6.037987501434422,6.037987501434422,0.47806936064882677,9.773006439208984,11.238957405090332,1,0.027899019420146942,0.7316703200340271,0.004619425628334284,0.23235704004764557,0.003454162273555994,1369.1773420333861,652.5504011404716,716.6269408929145,1.0981940086780353,25.355555555555526,10.92215489037335
vw12,2,30,WITH_MAP,29.5,295,17.414220809936523,20.026353931427,12.729180511816033,7.297173419610967,7.297173419610967,0.573263409442365,9.911556243896484,11.398289680480957,1,0.02337563969194889,0.7518481612205505,0.004272259771823883,0.2170480489730835,0.0034559061750769615,1389.203695964813,665.2795816522877,723.9241143125254,1.0881502067365245,25.599027777781732,10.106974122929387
vw14a,1,60,WITHOUT_MAP,2.0,20,22.152847290039062,25.47577438354492,11.586726248454793,13.889048135090126,13.889048135090126,1.1987033988088198,10.148642539978027,11.67093892097473,1,0.01271313801407814,0.8369110226631165,0.003315350040793419,0.14358337223529816,0.0034769726917147636,25.47577438354492,11.586726248454793,13.889048135090126,1.1987033988088198,23.177500000000144,22.75394320511259
vw14a,1,60,WITHOUT_MAP,2.5,25,21.995393753051758,25.29470281600952,11.576141265860926,13.718561550148593,13.718561550148593,1.1850720576990414,10.225530624389648,11.759360218048094,1,0.012506324797868729,0.8372034430503845,0.0031592983286827803,0.14385685324668884,0.003274040762335062,50.770477199554435,23.16286751431572,27.607609685238714,1.191890842883591,23.157083333332842,22.05096918786876
vw14a,1,60,WITHOUT_MAP,3.0,30,23.64276885986328,27.18918418884277,11.531736833185754,15.657447355657016,15.657447355657016,1.3577700898097493,10.278982162475586,11.820829486846923,1,0.010158644057810307,0.8618767857551575,0.0028649535961449146,0.12186569720506668,0.0032340080942958593,77.95966138839721,34.694604347501475,43.265057040895734,1.2470255203821472,23.019999999998763,21.539313667453825
vw14a,1,60,WITHOUT_MAP,3.5,35,22.287761688232422,25.630925941467282,11.474593938382242,14.15633200308504,14.15633200308504,1.2337109338337846,10.256876945495605,11.795408487319945,1,0.01173853687942028,0.8405131101608276,0.0030952314846217632,0.14135238528251648,0.0033007883466780186,103.59058732986449,46.169198285883716,57.421389043980774,1.2437163991547462,22.93861111111173,21.55113978474401
vw14a,1,60,WITHOUT_MAP,4.0,40,23.646251678466797,27.193189430236814,11.471840844685769,15.721348585551045,15.721348585551045,1.3704294540342952,10.357903480529785,11.911589002609253,1,0.009913320653140545,0.8612493872642517,0.0027779866941273212,0.12293132394552231,0.003127921838313341,130.78377676010132,57.64103913056948,73.14273762953184,1.2689350978535907,22.970000000000056,21.034129350213334
vw14a,1,60,WITHOUT_MAP,4.5,45,24.062198638916016,27.671528434753416,11.48002624628974,16.191502188463677,16.191502188463677,1.4104063737394896,10.308873176574707,11.855204153060912,1,0.00968495849519968,0.8670387864112854,0.002781671704724431,0.11733642965555191,0.0031581297516822815,158.45530519485473,69.12106537685922,89.33423981799551,1.2924314654429991,22.939583333333363,20.71904877340421
vw14a,1,60,WITHOUT_MAP,5.0,50,23.840713500976562,27.416820526123043,11.46614270573587,15.950677820387174,15.950677820387174,1.3911110501361494,10.173666954040527,11.699716997146606,1,0.01046094298362732,0.861369788646698,0.0030559198930859566,0.12168867141008377,0.0034247124567627907,185.87212572097778,80.58720808259508,105.2849176383827,1.3064718352132827,22.948472222222634,20.341451086103916
vw14a,1,60,WITHOUT_MAP,5.5,55,27.50722885131836,31.63331317901611,11.480059792922,20.153253386094107,20.153253386094107,1.755500733412516,10.200753211975098,11.73086619377136,1,0.0072739748284220695,0.9090961217880249,0.002472844673320651,0.07807367295026779,0.0030833689961582422,217.5054388999939,92.06726787551709,125.4381710244768,1.3624621857366297,22.98097222222205,20.083876785822213
vw14a,1,60,WITHOUT_MAP,6.0,60,25.58730697631836,29.425403022766112,11.552462020633985,17.872941002132126,17.872941002132126,1.5471109941940566,10.250128746032715,11.787648057937622,1,0.008681961335241795,0.8866971135139465,0.0026729560922831297,0.09880327433347702,0.0031445915810763836,246.93084192276,103.61972989615107,143.31111202660895,1.38304850022517,23.20291666666722,20.304486493347213
vw14a,1,60,WITHOUT_MAP,6.5,65,22.955657958984375,26.39900665283203,11.62873808533093,14.770268567501098,14.770268567501098,1.2701523122386815,10.3139009475708,11.86098608970642,1,0.010930434800684452,0.8509003520011902,0.0028817900456488132,0.13213017582893372,0.0031573004089295864,273.32984857559205,115.24846798148201,158.08138059411004,1.3716571106134823,23.318472222222706,19.925658903550357
vw14a,1,60,WITHOUT_MAP,7.0,70,19.90607452392578,22.891985702514646,11.737321770997537,11.154663931517108,11.154663931517108,0.9503585357163715,10.155255317687988,11.678543615341185,1,0.016459787264466286,0.799685001373291,0.00351346330717206,0.17712192237377167,0.0032197257969528437,296.2218342781067,126.98578975247955,169.23604452562716,1.3327163996499272,23.585972222223145,19.862738953670487
vw14a,1,60,WITHOUT_MAP,7.5,75,22.47237205505371,25.843227863311764,11.831779123365225,14.01144873994654,14.01144873994654,1.184221628366687,10.293949127197266,11.838041496276855,1,0.011533663608133793,0.8385487794876099,0.0030199820175766945,0.14361989498138428,0.0032776889856904745,322.0650621414185,138.81756887584478,183.2474932655737,1.3200598076275634,23.700000000000543,19.427830014610663
vw14a,1,60,WITHOUT_MAP,8.0,80,20.63875961303711,23.734573554992675,11.834333473509421,11.900240081483254,11.900240081483254,1.0055691018105382,10.269278526306152,11.809670305252075,1,0.014593951404094696,0.8071218132972717,0.00335040595382452,0.1717061847448349,0.003227665089070797,345.79963569641114,150.6519023493542,195.14773334705694,1.2953552547548928,23.68444444444386,18.783829838503152
vw14a,1,60,WITHOUT_MAP,8.5,85,19.161884307861328,22.036166954040525,11.828859303270807,10.207307650769717,10.207307650769717,0.8629156361634369,10.08852767944336,11.601806831359863,1,0.018335504457354546,0.7814936637878418,0.0038360643666237593,0.19297422468662262,0.0033604123163968325,367.8358026504517,162.480761652625,205.35504099782668,1.2638729589221434,23.713055555555307,18.58630500268191
vw14a,1,60,WITHOUT_MAP,9.0,90,20.351734161376953,23.404494285583493,11.889979800679725,11.514514484903767,11.514514484903767,0.9684217028060473,10.201505661010742,11.731731510162353,1,0.015127036720514297,0.8062434196472168,0.0034380313009023666,0.17188569903373718,0.0033058826811611652,391.2402969360352,174.37074145330473,216.86955548273045,1.2437267495407571,23.906527777779534,18.031742337392643
vw14a,1,60,WITHOUT_MAP,9.5,95,22.962875366210938,26.407306671142575,12.013674269740637,14.393632401401938,14.393632401401938,1.198104100229836,10.245137214660645,11.78190779685974,1,0.011231012642383575,0.8453227877616882,0.003079629736021161,0.136972576379776,0.003393914783373475,417.64760360717776,186.38441572304538,231.26318788413238,1.2407860763840568,24.224999999998296,17.392392412992194
vw14a,1,60,WITHOUT_MAP,10.0,100,25.220582962036133,29.003670406341552,12.082153291302818,16.921517115038732,16.921517115038732,1.4005381910871357,10.359079360961914,11.9129412651062,1,0.008617831394076347,0.8828923106193542,0.002567275892943144,0.10292544960975647,0.0029971578624099493,446.6512740135193,198.4665690143482,248.1847049991711,1.250511389559158,24.212499999999856,16.8302814734634
vw14a,1,60,WITHOUT_MAP,10.5,105,24.74835205078125,28.460604858398437,12.09669808695468,16.36390677144376,16.36390677144376,1.3527581372879696,10.333456039428711,11.883474445343017,1,0.009010430425405502,0.8784489035606384,0.0026116305962204933,0.10688777267932892,0.003041274147108197,475.1118788719177,210.5632671013029,264.5486117706148,1.2563853867414554,24.218611111110775,16.3509287876077
vw14a,1,60,WITHOUT_MAP,11.0,110,23.86170196533203,27.440957260131835,12.065567374266468,15.375389885865367,15.375389885865367,1.2743196742374596,10.332221984863281,11.882055282592772,1,0.009872177615761757,0.8638599514961243,0.0027644503861665726,0.12037216126918793,0.0031311765778809786,502.55283613204955,222.62883447556936,279.9240016564802,1.2573573513775829,24.138055555556768,16.207403307314962
vw14a,1,60,WITHOUT_MAP,11.5,115,21.912490844726562,25.199364471435544,12.021127593776031,13.178236877659513,13.178236877659513,1.0962563016536468,10.282176971435547,11.824503517150879,1,0.012443759478628635,0.8388559222221375,0.0030513114761561155,0.14250078797340393,0.0031482712365686893,527.7522006034851,234.6499620693454,293.1022385341397,1.2491041377092575,23.989999999999498,15.921773661160842
vw14a,1,60,WITHOUT_MAP,12.0,120,25.089599609375,28.853039550781247,11.957274681566812,16.895764869214435,16.895764869214435,1.4130113524330707,10.377333641052246,11.933933687210082,1,0.008625571615993977,0.882032573223114,0.002550888806581497,0.10380373150110245,0.002987255807965994,556.6052401542663,246.60723675091222,309.9980034033541,1.2570515264986741,23.90541666666674,15.754315420752391
vw14a,1,60,WITHOUT_MAP,12.5,125,22.797372817993164,26.216978740692138,11.895667693192877,14.321311047499261,14.321311047499261,1.203909811274774,10.356940269470215,11.910481309890747,1,0.010944066569209099,0.8492010831832886,0.002850022865459323,0.13389147818088531,0.003113402985036373,582.8222188949585,258.50290444410507,324.3193144508534,1.2546060755034167,23.78597222222159,14.951590314973146
vw14a,1,60,WITHOUT_MAP,13.0,130,21.851320266723633,25.129018306732174,11.828006504596864,13.30101180213531,13.30101180213531,1.1245353810860668,10.31761646270752,11.865258932113646,1,0.01235792227089405,0.8313595056533813,0.0030694836750626564,0.15004606544971466,0.003167026676237583,607.9512372016907,270.33091094870196,337.6203262529887,1.2489149874431327,23.58791666666646,14.672995542758144
vw14a,1,60,WITHOUT_MAP,13.5,135,21.541366577148438,24.7725715637207,11.738181398688521,13.034390165032178,13.034390165032178,1.110426711116296,10.31851577758789,11.866293144226074,1,0.012627256102859974,0.8267852663993835,0.003073184983804822,0.15433087944984436,0.0031833730172365904,632.7238087654114,282.0690923473905,350.6547164180209,1.2431518586451924,23.43847222222168,13.526289205532521
vw14a,1,60,WITHOUT_MAP,14.0,140,19.755266189575195,22.718556118011474,11.641995072694495,11.076561045316978,11.076561045316978,0.9514315180648286,10.168088912963867,11.693302249908447,1,0.01637839525938034,0.795522928237915,0.0035203334409743547,0.18130318820476532,0.003275178838521242,655.4423648834229,293.711087420085,361.7312774633379,1.2315887719484213,23.241527777777996,13.188632488716394
vw14a,1,60,WITHOUT_MAP,14.5,145,20.52585220336914,23.60473003387451,11.567455580181772,12.037274453692739,12.037274453692739,1.0406155761960214,10.195572853088379,11.724908781051635,1,0.015039910562336445,0.8073852062225342,0.003444731468334794,0.17078545689582825,0.0033447330351918936,679.0470949172974,305.2785430002668,373.7685519170306,1.2243525150626258,23.093472222221845,12.940240452997386
vw14a,1,60,WITHOUT_MAP,15.0,150,18.375782012939453,21.13214931488037,11.507769090068823,9.624380224811546,9.624380224811546,0.8363376210874237,10.01622486114502,11.518658590316772,1,0.02031738869845867,0.7708333730697632,0.003952316008508205,0.20153513550758362,0.0033618127927184105,700.1792442321778,316.7863120903356,383.39293214184215,1.2102572538945837,23.068472222222546,12.466324783163145
vw14a,1,60,WITHOUT_MAP,15.5,155,17.037334442138672,19.592934608459473,11.514190701025818,8.078743907433655,8.078743907433655,0.7016336725006567,9.797951698303223,11.267644453048705,1,0.02482612617313862,0.7527936100959778,0.004410315304994583,0.21453173458576202,0.003438337706029415,719.7721788406373,328.30050279136145,391.4716760492758,1.192418752700054,23.025972222222435,12.464390730601735
vw14a,1,60,WITHOUT_MAP,16.0,160,16.747852325439453,19.26003017425537,11.467392697021879,7.792637477233491,7.792637477233491,0.6795474510310671,9.702194213867188,11.157523345947265,1,0.02610868774354458,0.7520193457603455,0.004528870806097984,0.21383064985275269,0.0035124158021062613,739.0322090148926,339.7678954883833,399.2643135265093,1.175109004788712,22.894444444444726,12.040202964679338
vw14a,1,60,WITHOUT_MAP,16.5,165,17.957881927490234,20.651564216613767,11.3941366558789,9.257427560734868,9.257427560734868,0.8124729271136503,9.814191818237305,11.286320590972899,1,0.022212987765669823,0.7734047770500183,0.004183568526059389,0.19672977924346924,0.0034688792657107115,759.6837732315064,351.16203214426224,408.52174108724415,1.1633425703591376,22.711944444444796,11.56157218455337
vw14a,1,60,WITHOUT_MAP,17.0,170,22.847665786743164,26.274815654754637,11.34002789261094,14.934787762143696,14.934787762143696,1.3169974451187256,10.113680839538574,11.63073296546936,1,0.011931207031011581,0.8476399183273315,0.0032577395904809237,0.13363972306251526,0.003531440393999219,785.958588886261,362.50206003687316,423.4565288493879,1.1681493032241377,22.630555555555546,11.020963945542462
vw14a,1,60,WITHOUT_MAP,17.5,175,23.79460906982422,27.36380043029785,11.244475052013733,16.119325378284117,16.119325378284117,1.4335329398411858,10.281072616577148,11.82323350906372,1,0.01007296983152628,0.8675786852836609,0.002785277320072055,0.11639905720949173,0.0031640103552490473,813.3223893165589,373.7465350888869,439.575854227672,1.1761335904375116,22.467916666666397,10.977219052962027
vw14a,1,60,WITHOUT_MAP,18.0,180,24.88595199584961,28.618844795227048,11.209682378349822,17.409162416877226,17.409162416877226,1.553046895467883,10.271842956542969,11.812619400024413,1,0.009131784550845623,0.8809809684753418,0.0026778047904372215,0.10405464470386505,0.003154852194711566,841.9412341117859,384.95621746723674,456.98501664454915,1.1871090682759078,22.38499999999911,11.075203611399047
vw14a,1,60,WITHOUT_MAP,18.5,185,20.298568725585938,23.343354034423825,11.148454362222239,12.194899672201586,12.194899672201586,1.0938646090282562,10.11617374420166,11.633599805831908,1,0.01575630158185959,0.8100625276565552,0.003514870535582304,0.16733770072460175,0.003328639315441251,865.2845881462097,396.104671829459,469.1799163167507,1.1844846821669246,22.255555555555837,11.15607941232156
vw14a,1,60,WITHOUT_MAP,19.0,190,19.509246826171875,22.435633850097656,11.11854784711133,11.317086002986326,11.317086002986326,1.0178564825735383,10.105713844299316,11.621570920944214,1,0.017637034878134727,0.7894248962402344,0.003714993828907609,0.1858782023191452,0.003344940720126033,887.7202219963074,407.22321967657035,480.497002319737,1.1799351783067848,22.240000000000656,11.013373025227338
vw14a,1,60,WITHOUT_MAP,19.5,195,18.303335189819336,21.048835468292236,11.099385926806958,9.949449541485277,9.949449541485277,0.8963963958993098,9.990739822387695,11.48935079574585,1,0.020922858268022537,0.7735456824302673,0.003971525933593512,0.19825755059719086,0.0033024039585143328,908.7690574645997,418.3226056033773,490.44645186122233,1.1724120219461138,22.22041666666631,10.978626016294584
vw14a,1,60,WITHOUT_MAP,20.0,200,19.617876052856445,22.56055746078491,11.082991300362657,11.477566160422253,11.477566160422253,1.0356018379304046,10.03366756439209,11.538717699050903,1,0.017667073756456375,0.7973244786262512,0.0037698675878345966,0.17785631120204926,0.0033821796532720327,931.3296149253846,429.40559690374,501.9240180216446,1.1688809406323624,22.24958333333327,10.743133213371038
vw14a,1,60,WITHOUT_MAP,20.5,205,21.397260665893555,24.606849765777586,11.058148008029697,13.548701757747889,13.548701757747889,1.2252234052130353,10.230806350708008,11.765427303314208,1,0.013294652104377747,0.8286628723144531,0.003210764843970537,0.15158718824386597,0.003244443330913782,955.9364646911622,440.4637449117697,515.4727197793925,1.1702954573086328,22.072916666666593,10.348596754251048
vw14a,1,60,WITHOUT_MAP,21.0,210,19.840091705322266,22.816105461120603,11.063511788872972,11.752593672247631,11.752593672247631,1.0622841911794858,10.078075408935547,11.589786720275878,1,0.017004886642098427,0.7983778715133667,0.0036994977854192257,0.17753487825393677,0.003382974537089467,978.7525701522828,451.5272567006427,527.2253134516402,1.1676489195893316,22.165000000000543,9.760243535740301
vw14a,1,60,WITHOUT_MAP,21.5,215,21.045196533203125,24.201976013183593,11.109603151988427,13.092372861195166,13.092372861195166,1.1784734955948322,10.097960472106934,11.612654542922973,1,0.014692863449454308,0.816882312297821,0.0035433394368737936,0.16137796640396118,0.0035034494940191507,1002.9545461654665,462.6368598526311,540.3176863128353,1.1679088572513412,22.29597222222257,9.3309054474812
vw14a,1,60,WITHOUT_MAP,22.0,220,22.008052825927734,25.309260749816893,11.211230894509722,14.098029855307171,14.098029855307171,1.257491705233825,10.193461418151855,11.722480630874633,1,0.012291033752262592,0.837957501411438,0.0032193956431001425,0.14315460622310638,0.0033774981275200844,1028.2638069152833,473.8480907471408,554.4157161681426,1.1700283846115462,22.549444444444823,9.201025850372389
vw14a,1,60,WITHOUT_MAP,22.5,225,23.528011322021484,27.057213020324706,11.300138406381139,15.757074613943567,15.757074613943567,1.3944143024872702,10.280521392822266,11.822599601745605,1,0.010134933516383171,0.8629675507545471,0.0028395552653819323,0.12083892524242401,0.0032190971542149782,1055.321019935608,485.148229153522,570.1727907820862,1.175254811868351,22.724444444445073,9.231985138496384
vw14a,1,60,WITHOUT_MAP,23.0,230,23.216983795166016,26.699531364440915,11.427208076590386,15.27232328785053,15.27232328785053,1.3364877217154374,10.255264282226562,11.793553924560547,1,0.010749179869890213,0.8580306768417358,0.002932380186393857,0.12499047815799713,0.003297248389571905,1082.020551300049,496.57543723011236,585.4451140699366,1.1789651081727632,22.98138888888884,9.012804698431864
vw14a,1,60,WITHOUT_MAP,23.5,235,22.579570770263672,25.96650638580322,11.546486340670976,14.420020045132246,14.420020045132246,1.2488665053315506,10.174015045166016,11.700117301940917,1,0.012278897687792778,0.8453404307365417,0.003211375791579485,0.13578322529792786,0.0033860064577311277,1107.9870576858523,508.12192357078334,599.8651341150689,1.1805535370321518,23.215972222222476,8.887961046420969
vw14a,1,60,WITHOUT_MAP,24.0,240,22.400959014892578,25.761102867126464,11.622203787266868,14.138899079859597,14.138899079859597,1.2165420034494652,10.258487701416016,11.797260856628418,1,0.011879198253154755,0.8482340574264526,0.00304384995251894,0.1336381733417511,0.0032048411667346954,1133.7481605529788,519.7441273580502,614.0040331949286,1.1813582893490648,23.25708333333283,8.186939700972289
vw14a,1,60,WITHOUT_MAP,24.5,245,25.07691192626953,28.83844871520996,11.566821277243086,17.271627437966874,17.271627437966874,1.4932043146501792,10.251059532165527,11.788718461990355,1,0.009122159332036972,0.8823176026344299,0.0027639372274279594,0.10258293151855469,0.003213407937437296,1162.5866092681888,531.3109486352932,631.2756606328956,1.1881472840986398,23.128611111111063,7.859724693116732
vw14a,1,60,WITHOUT_MAP,25.0,250,23.632781982421875,27.177699279785156,11.574473113083377,15.603226166701779,15.603226166701779,1.3480722633555078,10.288286209106445,11.83152914047241,1,0.010229256004095078,0.8638553023338318,0.0028672644402831793,0.11982887983322144,0.0032192158978432417,1189.764308547974,542.8854217483766,646.8788867995974,1.1915569305882392,23.21652777777769,7.720862745656632
vw14a,1,60,WITHOUT_MAP,25.5,255,24.46332550048828,28.132824325561522,11.660498271642625,16.4723260539189,16.4723260539189,1.4126605630548605,10.271239280700684,11.811925172805784,1,0.009567365981638432,0.872949481010437,0.0027767843566834927,0.1115165501832962,0.003189769806340337,1217.8971328735356,554.5459200200193,663.3512128535164,1.1962061010737743,23.436527777778174,7.795029739616439
vw14a,1,60,WITHOUT_MAP,26.0,260,22.763761520385742,26.1783257484436,11.822595193690814,14.355730554752787,14.355730554752787,1.2142622088941852,10.224411010742188,11.758072662353515,1,0.011315935291349888,0.8521676659584045,0.0029958749655634165,0.13022702932357788,0.0032935740891844034,1244.0754586219791,566.3685152137101,677.706943408269,1.1965830112440963,23.812083333333646,8.166901646531187
vw14a,1,60,WITHOUT_MAP,26.5,265,21.29999542236328,24.49499473571777,11.85765589790692,12.637338837810852,12.637338837810852,1.06575354746477,10.220170974731445,11.75319662094116,1,0.01352988462895155,0.8240593671798706,0.003248352324590087,0.1558944582939148,0.003267901251092553,1268.5704533576968,578.2261711116171,690.3442822460797,1.19390009780934,23.67402777777753,8.684927310445346
vw14a,1,60,WITHOUT_MAP,27.0,270,19.641849517822266,22.588126945495603,11.808011305845772,10.78011563964983,10.78011563964983,0.9129492986099138,10.1463041305542,11.668249750137328,1,0.017118489369750023,0.7930213212966919,0.0036173579283058643,0.18296584486961365,0.0032770142424851656,1291.1585803031924,590.0341824174628,701.1243978857295,1.1882775926864315,23.60805555555511,8.653048034524545
vw14a,1,60,WITHOUT_MAP,27.5,275,17.712526321411133,20.369405269622803,11.725690920727683,8.64371434889512,8.64371434889512,0.7371603436702817,9.881088256835938,11.363251495361327,1,0.024018846452236176,0.7535285949707031,0.004359487444162369,0.21460384130477905,0.0034892952535301447,1311.5279855728152,601.7598733381905,709.7681122346247,1.17948727338244,23.428472222222215,8.87930160551332
vw14a,1,60,WITHOUT_MAP,28.0,280,19.567657470703125,22.502806091308592,11.640192963082516,10.862613128226076,10.862613128226076,0.9331987160932319,10.097906112670898,11.612592029571532,1,0.01749848760664463,0.7904883027076721,0.0036999795120209455,0.1849716305732727,0.0033416233491152525,1334.0307916641239,613.400066301273,720.6307253628509,1.1748135759230767,23.309999999999842,9.068242304143496
vw14a,1,60,WITHOUT_MAP,28.5,285,20.47264862060547,23.54354591369629,11.676450189991344,11.867095723704944,11.867095723704944,1.0163273538285647,10.163236618041992,11.68772211074829,1,0.015352659858763218,0.8091557025909424,0.0034738066606223583,0.16869647800922394,0.0033213759306818247,1357.5743375778202,625.0765164912643,732.4978210865559,1.171853048004872,23.435555555554963,9.030888615525328
vw14a,1,60,WITHOUT_MAP,29.0,290,20.163490295410156,23.188013839721677,11.787100296797805,11.400913542923872,11.400913542923872,0.9672364920845844,10.13179874420166,11.651568555831908,1,0.015951599925756454,0.8066021800041199,0.003531093942001462,0.17059405148029327,0.003320993622764945,1380.7623514175418,636.8636167880621,743.8987346294797,1.1680659956384933,23.698472222222524,8.871982836863026
vw14a,1,60,WITHOUT_MAP,29.5,295,19.698833465576172,22.653658485412596,11.914659646287381,10.738998839125214,10.738998839125214,0.9013265303362229,10.104959487915039,11.620703411102294,1,0.017241239547729492,0.7958105802536011,0.0036885198205709457,0.17992833256721497,0.0033312514424324036,1403.4160099029543,648.7782764343496,754.6377334686048,1.1631673884274503,23.975000000000257,8.5231352125993
vw14a,1,60,WITHOUT_MAP,30.0,300,19.852916717529297,22.83085422515869,12.011250907487948,10.81960331767074,10.81960331767074,0.900789051948426,10.120588302612305,11.638676548004149,1,0.016569314524531364,0.798732340335846,0.003632325679063797,0.17770858108997345,0.0033574244007468224,1426.246864128113,660.7895273418375,765.4573367862755,1.1583981057712671,24.11250000000007,8.230727067799307
vw14a,1,60,WITHOUT_MAP,30.5,305,20.12595558166504,23.144848918914793,12.094439953298608,11.050408965616185,11.050408965616185,0.9136767810900019,10.163132667541504,11.687602567672728,1,0.015986450016498566,0.8006128668785095,0.003580640535801649,0.1764839142560959,0.003336123889312148,1449.3917130470277,672.8839672951361,776.5077457518915,1.1539994761255838,24.253472222223017,7.960207020165399
vw14a,1,60,WITHOUT_MAP,31.0,310,21.238088607788086,24.423801898956295,12.201715318455502,12.222086580500793,12.222086580500793,1.001669540840252,10.270947456359863,11.811589574813842,1,0.013217643834650517,0.8208540678024292,0.003230749862268567,0.1594417691230774,0.003255801973864436,1473.815514945984,685.0856826135916,788.7298323323923,1.1512864045317657,24.51791666666708,7.153231749252882
vw14a,1,60,WITHOUT_MAP,31.5,315,22.522153854370117,25.90047693252563,12.285949377037312,13.61452755548832,13.61452755548832,1.1081380150348126,10.294528007507324,11.838707208633421,1,0.011364441365003586,0.8400425910949707,0.003013747977092862,0.14231374859809875,0.00326553569175303,1499.7159918785096,697.371631990629,802.3443598878806,1.1505262374920668,24.616527777778163,6.975233132077847
vw14a,1,60,WITHOUT_MAP,32.0,320,22.209835052490234,25.541310310363766,12.326311695502461,13.214998614861305,13.214998614861305,1.0720967424248327,10.270057678222656,11.810566329956053,1,0.012024903669953346,0.8358930349349976,0.003092810045927763,0.14572341740131378,0.0032657987903803587,1525.2573021888734,709.6979436861315,815.5593585027419,1.1491640433207009,24.673055555555656,6.969857843883801
vw14a,1,60,WITHOUT_MAP,32.5,325,22.153072357177734,25.47603321075439,12.309389556510391,13.166643654244,13.166643654244,1.0696422916667065,10.270439147949219,11.8110050201416,1,0.011992051266133785,0.8380268812179565,0.0030888200271874666,0.1436586230993271,0.0032335384748876095,1550.7333353996278,722.0073332426418,828.7260021569859,1.14780828947409,24.645416666666343,6.549146666482557
vw14a,1,60,WITHOUT_MAP,33.0,330,22.600418090820312,25.990480804443358,12.257917581031995,13.732563223411363,13.732563223411363,1.1203014812778027,10.26639461517334,11.806353807449339,1,0.011437513865530491,0.8475287556648254,0.0030019618570804596,0.13481110334396362,0.0032206501346081495,1576.7238162040712,734.2652508236738,842.4585653803974,1.147349087316002,24.498472222223,6.36910088674631
vw14a,1,60,WITHOUT_MAP,33.5,335,22.453739166259766,25.821800041198728,12.220871117241465,13.600928923957262,13.600928923957262,1.1129263039824373,10.265120506286621,11.804888582229614,1,0.011370291002094746,0.8455519080162048,0.0030197969172149897,0.13682270050048828,0.0032352798152714968,1602.54561624527,746.4861219409153,856.0594943043546,1.146785545159957,24.49597222222177,6.546131620241795
vw14a,1,60,WITHOUT_MAP,34.0,340,24.057353973388672,27.66595706939697,12.22371915287502,15.44223791652195,15.44223791652195,1.2633011052851237,10.304787635803223,11.850505781173705,1,0.009734497405588627,0.8666117191314697,0.002797169843688607,0.11767267435789108,0.003183978144079447,1630.2115733146668,758.7098410937903,871.5017322208765,1.1486627496019828,24.452916666666294,6.281956825521775
vw14a,1,60,WITHOUT_MAP,34.5,345,24.662960052490234,28.36240406036377,12.162382317437588,16.200021742926182,16.200021742926182,1.3319776767500315,10.316173553466797,11.863599586486815,1,0.009304975159466267,0.8727821111679077,0.002707628533244133,0.11208125948905945,0.003124113427475095,1658.5739773750306,770.8722234112279,887.7017539638027,1.151554987979183,24.27194444444411,6.188195926020853
vw14a,1,60,WITHOUT_MAP,35.0,350,24.813709259033203,28.53576564788818,12.057006182804145,16.478759465084035,16.478759465084035,1.3667372493004317,10.405122756958008,11.965891170501708,1,0.00880733784288168,0.8777977228164673,0.002525119809433818,0.10791938751935959,0.0029503346886485815,1687.1097430229188,782.929229594032,904.1805134288868,1.154868766232839,24.03291666666616,5.3494519724627025
vw14a,1,60,WITHOUT_MAP,35.5,355,24.370834350585938,28.026459503173825,11.97601995336174,16.050439549812083,16.050439549812083,1.340214830329055,10.365806579589844,11.920677566528319,1,0.00936155579984188,0.8723379969596863,0.002633221447467804,0.11261527985334396,0.0030519214924424887,1715.1362025260926,794.9052495473937,920.2309529786988,1.1576611847797753,23.96611111111082,4.974831056082621
vw14a,1,60,WITHOUT_MAP,36.0,360,23.24500274658203,26.731753158569333,11.9528918096661,14.778861348903233,14.778861348903233,1.236425593424331,10.344047546386719,11.895654678344725,1,0.01051528099924326,0.8537009358406067,0.0028089741244912148,0.12983588874340057,0.003138923551887274,1741.8679556846619,806.8581413570598,935.009814327602,1.1588280100328456,23.935416666666896,6.007315069262404
vw14a,1,60,WITHOUT_MAP,36.5,365,21.543575286865234,24.775111579895018,11.937518982661542,12.837592597233476,12.837592597233476,1.075398716925957,10.265921592712402,11.805809831619262,1,0.013252194039523602,0.8250705003738403,0.0031692329794168472,0.15527665615081787,0.003231361508369446,1766.643067264557,818.7956603397214,947.8474069248356,1.1576116641013585,23.846944444443796,6.067991282208823
vw14a,1,60,WITHOUT_MAP,37.0,370,22.715866088867188,26.123246002197263,11.85268951319945,14.270556488997812,14.270556488997812,1.2039931083241289,10.278325080871582,11.820073843002318,1,0.01140111219137907,0.8445804119110107,0.0029910479206591845,0.13777825236320496,0.003249160246923566,1792.7663132667542,830.6483498529209,962.1179634138333,1.158273490321375,23.681527777777454,6.12490215327125
vw14a,1,60,WITHOUT_MAP,37.5,375,23.82353401184082,27.397064113616942,11.778661672818442,15.6184024407985,15.6184024407985,1.3259912606914424,10.29807186126709,11.842782640457152,1,0.010015749372541904,0.8609030246734619,0.0028282147832214832,0.12305447459220886,0.0031985524110496044,1820.1633773803712,842.4270115257393,977.7363658546319,1.1606184897654583,23.550972222221873,6.341029506409541
vw14a,1,60,WITHOUT_MAP,38.0,380,23.876466751098633,27.457936763763424,11.731183211980367,15.726753551783057,15.726753551783057,1.3405939765498036,10.305614471435547,11.851456642150877,1,0.00994060654193163,0.8642967939376831,0.0027802560944110155,0.1198333203792572,0.0031489890534430742,1847.6213141441347,854.1581947377197,993.463119406415,1.1630903098827854,23.453472222221762,6.030190607882105
vw14a,1,60,WITHOUT_MAP,38.5,385,24.170852661132812,27.796480560302733,11.661367461327806,16.135113098974927,16.135113098974927,1.3836381670059923,10.31865119934082,11.866448879241942,1,0.00953576248139143,0.8711714148521423,0.00271860184147954,0.11345870047807693,0.003115489613264799,1875.4177947044375,865.8195621990475,1009.59823250539,1.1660607782309365,23.29847222222145,6.205627007351723
vw14a,1,60,WITHOUT_MAP,39.0,390,20.105459213256836,23.12127809524536,11.549193522634472,11.572084572610887,11.572084572610887,1.0019820474850951,10.07313346862793,11.584103488922118,1,0.01636393927037716,0.8139859437942505,0.0035432144068181515,0.16281744837760925,0.0032894338946789503,1898.5390727996828,877.368755721682,1021.1703170780008,1.1639009372268272,23.03347222222229,6.734270881861448
vw14a,1,60,WITHOUT_MAP,39.5,395,21.003841400146484,24.154417610168455,11.473414417878583,12.681003192289872,12.681003192289872,1.105251037784319,10.150423049926758,11.67298650741577,1,0.014528553001582623,0.8179531693458557,0.0034717267844825983,0.1606442779302597,0.0034022098407149315,1922.6934904098512,888.8421701395605,1033.8513202702907,1.1631438685092559,22.97499999999988,6.6613519847160205
vw14a,1,60,WITHOUT_MAP,40.0,400,21.416072845458984,24.62848377227783,11.467171304556123,13.161312467721705,13.161312467721705,1.1477383670454515,10.099223136901855,11.614106607437133,1,0.014329795725643635,0.8250739574432373,0.0034376357216387987,0.15372879803180695,0.003429822623729706,1947.321974182129,900.3093414441166,1047.0126327380124,1.1629476498139855,22.977500000000713,7.055095135059673
vw14a,1,60,WITHOUT_MAP,40.5,405,21.764171600341797,25.028797340393066,11.512613638949398,13.516183701443667,13.516183701443667,1.1740325980988195,10.184602737426758,11.71229314804077,1,0.013011813163757324,0.8355252146720886,0.0032001181971281767,0.14497631788253784,0.0032864930108189583,1972.350771522522,911.821955083066,1060.528816439456,1.163087607758735,23.074027777778408,6.739195211150218
vw14a,1,60,WITHOUT_MAP,41.0,410,22.9957218170166,26.44508008956909,11.59007335772398,14.855006731845108,14.855006731845108,1.2817008377212105,10.291383743286133,11.835091304779052,1,0.010823109187185764,0.8548714518547058,0.0028958742041140795,0.12818807363510132,0.003221494611352682,1998.7958516120912,923.41202844079,1075.3838231713012,1.1645763646669411,23.26055555555604,6.723294596013147
vw14a,1,60,WITHOUT_MAP,41.5,415,20.922334671020508,24.060684871673583,11.62533098702929,12.435353884644293,12.435353884644293,1.0696774051868947,10.208005905151367,11.73920679092407,1,0.01431815605610609,0.820850670337677,0.0033772645983844995,0.15817368030548096,0.0032802645582705736,2022.8565364837648,935.0373594278193,1087.8191770559456,1.1633964847368437,23.272499999999955,6.972739527875092
vw14a,1,60,WITHOUT_MAP,42.0,420,22.202693939208984,25.53309803009033,11.610714506529568,13.922383523560761,13.922383523560761,1.1990979121682106,10.290956497192383,11.834599971771238,1,0.011940387077629566,0.8409344553947449,0.003060710383579135,0.14085602760314941,0.0032084397971630096,2048.389634513855,946.6480739343489,1101.7415605795063,1.1638343656059806,23.239583333333208,7.622757772449404
vw14a,1,60,WITHOUT_MAP,42.5,425,22.895742416381836,26.33010377883911,11.611538661809933,14.718565117029177,14.718565117029177,1.2675809421741995,10.32911205291748,11.878478860855102,1,0.010809928178787231,0.8511051535606384,0.002904958324506879,0.13198846578598022,0.0031915162689983845,2074.7197382926943,958.2596125961588,1116.4601256965354,1.1650914961048737,23.326111111111306,8.120363031397574
vw14a,1,60,WITHOUT_MAP,43.0,430,20.553451538085938,23.636469268798827,11.714173612523407,11.92229565627542,11.92229565627542,1.0177666859512406,10.210589408874512,11.742177820205688,1,0.014825680293142796,0.8117755055427551,0.0033946759067475796,0.16675807535648346,0.0032462086528539658,2098.356207561493,969.9737862086822,1128.382421352811,1.1633122847198762,23.551527777778148,8.341852688463405
vw14a,1,60,WITHOUT_MAP,43.5,435,22.053808212280273,25.361879444122312,11.833855105759067,13.528024338363245,13.528024338363245,1.1431629183781111,10.273049354553223,11.814006757736205,1,0.012343218550086021,0.8352250456809998,0.003104180097579956,0.1460714489221573,0.003256126306951046,2123.7180870056154,981.8076413144413,1141.9104456911741,1.1630694217885569,23.80402777777832,8.328346735448577
vw14a,1,60,WITHOUT_MAP,44.0,440,22.54920196533203,25.931582260131833,11.949146660978906,13.982435599152927,13.982435599152927,1.1701618530479605,10.237882614135742,11.773565006256103,1,0.011915622279047966,0.8414979577064514,0.0030928354244679213,0.14016710221767426,0.0033265575766563416,2149.6496692657474,993.7567879754203,1155.8928812903273,1.1631547027167752,24.035000000000423,8.2900910906028
vw14a,1,60,WITHOUT_MAP,44.5,445,24.332679748535156,27.982581710815428,12.005462991203002,15.977118719612426,15.977118719612426,1.3308207048174363,10.307816505432129,11.853988981246948,1,0.009654113091528416,0.8713846206665039,0.0027544228360056877,0.1130727231502533,0.0031340313144028187,2177.632250976563,1005.7622509666232,1171.8700000099395,1.1651560782716517,23.993472222222255,7.959091910393909
vw14a,1,60,WITHOUT_MAP,45.0,450,29.17632293701172,33.552771377563474,11.982856338533363,21.56991503903011,21.56991503903011,1.8000645613740331,10.121969223022461,11.64026460647583,1,0.006616936530917883,0.9189309477806091,0.002525738440454006,0.06870697438716888,0.0032192999497056007,2211.1850223541264,1017.7451073051566,1193.4399150489699,1.1726314442415036,24.02444444444404,8.034420344280079
vw14a,1,60,WITHOUT_MAP,45.5,455,28.297134399414062,32.54170455932617,12.045680768943285,20.496023790382885,20.496023790382885,1.7015247360055112,10.17062759399414,11.69622173309326,1,0.006908251903951168,0.9134486317634583,0.002506521763280034,0.07398451864719391,0.0031519278418272734,2243.7267269134527,1029.7907880741,1213.9359388393527,1.1788180209978751,24.232916666667684,8.09829793300014
vw14a,1,60,WITHOUT_MAP,46.0,460,27.39676284790039,31.50627727508545,12.180716431478174,19.325560843607274,19.325560843607274,1.586570129295921,10.282153129577637,11.824476099014282,1,0.007199488114565611,0.9060243964195251,0.00241571431979537,0.08137264847755432,0.0029877868946641684,2275.233004188538,1041.9715045055782,1233.2614996829598,1.1835846703582837,24.51000000000086,8.41668746760115
vw14a,1,60,WITHOUT_MAP,46.5,465,25.157970428466797,28.931665992736814,12.314569449060711,16.617096543676105,16.617096543676105,1.3493851013153828,10.367892265319824,11.923076105117797,1,0.008538886904716492,0.8823410868644714,0.0025261526461690664,0.1036132276058197,0.0029806499369442463,2304.1646701812747,1054.2860739546388,1249.8785962266359,1.1855212992981377,24.73458333333291,7.974140228005126
vw14a,1,60,WITHOUT_MAP,47.0,470,24.606433868408203,28.297398948669432,12.330846942202236,15.966552006467197,15.966552006467197,1.2948463379122634,10.315030097961426,11.862284612655639,1,0.009222039021551609,0.8721739053726196,0.002718309871852398,0.11275655031204224,0.0031290824990719557,2332.462069129944,1066.616920896841,1265.8451482331031,1.186785174164259,24.660972222221982,7.72125539497938
vw14a,1,60,WITHOUT_MAP,47.5,475,24.900714874267578,28.635822105407712,12.25006245660369,16.385759648804022,16.385759648804022,1.3376062127724815,10.314299583435059,11.861444520950316,1,0.00904157292097807,0.8750503659248352,0.0026824537198990583,0.1101183295249939,0.003107443917542696,2361.097891235352,1078.8669833534448,1282.2309078819073,1.1884976810545689,24.463055555555616,7.925979689345695
vw14a,1,60,WITHOUT_MAP,48.0,480,24.452951431274414,28.120894145965575,12.179118272023914,15.941775873941662,15.941775873941662,1.3089433502391363,10.309638023376465,11.856083726882934,1,0.009419337846338749,0.8708768486976624,0.002736230380833149,0.1138274148106575,0.003140168497338891,2389.2187853813175,1091.0461016254687,1298.1726837558488,1.1898421907395091,24.365555555555545,8.359108652570285
vw14a,1,60,WITHOUT_MAP,48.5,485,23.84573745727539,27.4225980758667,12.132965554896774,15.289632520969924,15.289632520969924,1.2601727460438674,10.344757080078125,11.896470642089843,1,0.009609285742044449,0.8659611344337463,0.002691436093300581,0.11866723746061325,0.003070881823077798,2416.641383457184,1103.1790671803656,1313.4623162768185,1.1906156990758712,24.292083333333153,8.556487039662898
vw14a,1,60,WITHOUT_MAP,49.0,490,23.626455307006836,27.17042360305786,12.127282016292693,15.043141586765167,15.043141586765167,1.2404380113000664,10.327014923095703,11.876067161560057,1,0.010113295167684555,0.8592837452888489,0.00279445992782712,0.12464772909879684,0.0031608357094228268,2443.811807060242,1115.3063491966582,1328.5054578635836,1.1911574419176312,24.28347222222196,9.144735504989512
vw14a,1,60,WITHOUT_MAP,49.5,495,23.94364356994629,27.53519010543823,12.142292629048708,15.392897476389521,15.392897476389521,1.2677093154190835,10.280425071716309,11.822488832473754,1,0.010067342780530453,0.8612188100814819,0.0028571670409291983,0.12261570990085602,0.003240935504436493,2471.34699716568,1127.4486418257068,1343.8983553399733,1.1919818832401659,24.359444444444435,9.194534118520096
vw14a,1,60,WITHOUT_MAP,50.0,500,25.393310546875,29.20230712890625,12.161043660478635,17.041263468427616,17.041263468427616,1.401299423322431,10.294476509094238,11.838647985458373,1,0.008820274844765663,0.8800840377807617,0.0026845152024179697,0.1052946224808693,0.0031166072003543377,2500.5493042945864,1139.6096854861853,1360.939618808401,1.1942155600650155,24.36500000000004,8.874480154248886
vw14a,1,60,WITHOUT_MAP,50.5,505,27.9871826171875,32.18526000976562,12.17120213453688,20.01405787522874,20.01405787522874,1.6443780699719917,10.206511497497559,11.737488222122192,1,0.007098776753991842,0.9074816703796387,0.002523719100281596,0.07978762686252594,0.0031082327477633953,2532.734564304352,1151.780887620722,1380.9536766836297,1.198972557650543,24.390555555555068,8.995801017154008
vw14a,1,60,WITHOUT_MAP,51.0,510,26.307186126708984,30.25326404571533,12.22438021550215,18.028883830213182,18.028883830213182,1.4748300946456283,10.277778625488281,11.819445419311522,1,0.007860512472689152,0.8948805928230286,0.002514153951779008,0.09171556681394577,0.0030292232986539602,2562.987828350067,1164.0052678362242,1398.9825605138428,1.2018696127676631,24.606527777777746,9.08838661108166
vw14a,1,60,WITHOUT_MAP,51.5,515,24.94022560119629,28.68125944137573,12.363368610591229,16.3178908307845,16.3178908307845,1.31985798893075,10.364283561706543,11.918926095962524,1,0.008766848593950272,0.8782384395599365,0.002568113850429654,0.10741746425628662,0.003008982166647911,2591.669087791443,1176.3686364468153,1415.3004513446276,1.2031096439458793,24.845972222222482,9.26784450339619
vw14a,1,60,WITHOUT_MAP,52.0,520,20.343547821044922,23.39507999420166,12.5148937305184,10.880186263683258,10.880186263683258,0.8693790373266376,10.180280685424805,11.707322788238525,1,0.01512966863811016,0.8113832473754883,0.003369843354448676,0.1669183224439621,0.0031989566050469875,2615.0641677856447,1188.8835301773338,1426.180637608311,1.1995965974863676,25.170555555556604,9.329684016644023
vw14a,1,60,WITHOUT_MAP,52.5,525,21.037864685058594,24.19354438781738,12.658055362652998,11.535489025164381,11.535489025164381,0.9113160508998328,10.211677551269531,11.74342918395996,1,0.014106981456279755,0.8183644413948059,0.003314851550385356,0.16091832518577576,0.00329539249651134,2639.257712173462,1201.5415855399867,1437.7161266334754,1.1965596063721333,25.41638888888884,9.277002687333152
vw14a,1,60,WITHOUT_MAP,53.0,530,22.871234893798828,26.30192012786865,12.739341437314103,13.562578690554549,13.562578690554549,1.0646216491873863,10.277748107910156,11.819410324096678,1,0.011047670617699623,0.8476006388664246,0.0029671289958059788,0.135118305683136,0.0032661696895956993,2665.5596323013306,1214.2809269773009,1451.2787053240297,1.1951754104683876,25.547083333333415,9.363099881797098
vw14a,1,60,WITHOUT_MAP,53.5,535,21.773122787475586,25.03909120559692,12.7701188981519,12.268972307445022,12.268972307445022,0.9607563097333883,10.089930534362793,11.603420114517212,1,0.013752969913184643,0.8336906433105469,0.003342586802318692,0.1458304226398468,0.00338329141959548,2690.5987235069274,1227.0510458754527,1463.5476776314747,1.192735772933791,25.560416666667297,9.206835815683007
vw14a,1,60,WITHOUT_MAP,54.0,540,25.520931243896484,29.349070930480956,12.76362790492348,16.585443025557474,16.585443025557474,1.299430158032087,10.370223045349121,11.925756502151488,1,0.008263546973466873,0.8875347375869751,0.0024902482982724905,0.09877603501081467,0.0029353881254792213,2719.9477944374084,1239.814673780376,1480.1331206570324,1.1938341688954932,25.54861111111106,9.867093040724285
vw14a,1,60,WITHOUT_MAP,54.5,545,25.717159271240234,29.574733161926268,12.773486845488183,16.801246316438085,16.801246316438085,1.315321847485409,10.307887077331543,11.854070138931274,1,0.008436979725956917,0.886502206325531,0.002605416812002659,0.09938439726829529,0.0030708976555615664,2749.522527599335,1252.5881606258642,1496.9343669734706,1.195073060746093,25.636527777778547,10.351887309923768
vw14a,1,60,WITHOUT_MAP,55.0,550,25.42407989501953,29.237691879272457,12.847563718738083,16.390128160534374,16.390128160534374,1.2757382270561917,10.313005447387695,11.859956264495848,1,0.008669959381222725,0.8823317885398865,0.0026348845567554235,0.10329087823629379,0.003072429681196809,2778.7602194786073,1265.4357243446022,1513.324495134005,1.1958920283507801,25.726527777777488,10.835070956731215
vw14a,1,60,WITHOUT_MAP,55.5,555,20.250442504882812,23.288008880615234,12.83819360127736,10.449815279337873,10.449815279337873,0.813963054607476,10.182587623596191,11.709975767135619,1,0.015647510066628456,0.805423378944397,0.0034580801147967577,0.17223870754241943,0.003232266055420041,2802.0482283592223,1278.2739179458797,1523.7743104133426,1.1920561696682113,25.66597222222161,11.078306993935257
vw14a,1,60,WITHOUT_MAP,56.0,560,20.773977279663086,23.890073871612547,12.759460703231138,11.130613168381409,11.130613168381409,0.8723419764569479,10.19575023651123,11.725112771987915,1,0.014205011539161205,0.818114697933197,0.003291752189397812,0.16113942861557007,0.003249133937060833,2825.938302230835,1291.0333786491108,1534.904923581724,1.1888963902604837,25.49694444444391,10.925546807120554
vw14a,1,60,WITHOUT_MAP,56.5,565,17.276718139648438,19.8682258605957,12.67100224914664,7.1972236114490595,7.1972236114490595,0.5680074448675735,9.880781173706055,11.362898349761963,1,0.02386471815407276,0.752382218837738,0.00427643395960331,0.21605601906776428,0.0034206053242087364,2845.8065280914307,1303.7043808982573,1542.1021471931733,1.182861828024739,25.338472222222414,9.845539477886632
vw14a,1,60,WITHOUT_MAP,57.0,570,16.313772201538086,18.7608380317688,12.600717338169433,6.1601206935993655,6.1601206935993655,0.48887063555814003,9.76865005493164,11.233947563171386,1,0.02733212150633335,0.7374720573425293,0.004557139705866575,0.22718791663646698,0.003450702875852585,2864.5673661231995,1316.3050982364268,1548.2622678867726,1.1762183934113146,25.222500000000128,10.166668362915516
vw14a,1,60,WITHOUT_MAP,57.5,575,15.491497039794922,17.815221595764157,12.605256688944552,5.2099649068196054,5.2099649068196054,0.4133168435505965,9.618005752563477,11.060706615447998,1,0.03159938380122185,0.7180272340774536,0.004990105517208576,0.2417556345462799,0.0036276208702474833,2882.382587718964,1328.9103549253714,1553.4722327935924,1.1689819610750432,25.295555555555545,10.081295285956003
vw14a,1,60,WITHOUT_MAP,58.0,580,16.158950805664062,18.58279342651367,12.704208921219749,5.878584505293922,5.878584505293922,0.46272731673004563,9.714741706848145,11.171952962875366,1,0.02789231948554516,0.7330819368362427,0.004701586905866861,0.23077307641506195,0.0035510717425495386,2900.9653811454773,1341.6145638465912,1559.350817298886,1.162294193369529,25.574027777778756,9.55362244299613
vw14a,1,60,WITHOUT_MAP,58.5,585,15.235431671142578,17.520746421813964,12.832020265700697,4.688726156113267,4.688726156113267,0.3653926707586319,9.61827564239502,11.061016988754272,1,0.03246237337589264,0.7161190509796143,0.004900846630334854,0.2430475503206253,0.0034701551776379347,2918.486127567291,1354.446584112292,1564.0395434549991,1.1547443522699532,25.80055555555601,8.924663017736748
vw14a,1,60,WITHOUT_MAP,59.0,590,16.294361114501953,18.738515281677245,12.952901379903917,5.785613901773328,5.785613901773328,0.446665479191369,9.753085136413574,11.216047906875609,1,0.02760355919599533,0.7335864305496216,0.004589541349560022,0.23072651028633118,0.003494017291814089,2937.2246428489684,1367.399485492196,1569.8251573567725,1.1480369665282661,26.07638888889005,8.290024812798947
vw14a,1,60,WITHOUT_MAP,59.5,595,16.654434204101562,19.152599334716797,13.130085700912687,6.02251363380411,6.02251363380411,0.45868045121636014,9.67802906036377,11.129733419418335,1,0.026658914983272552,0.7421160340309143,0.0046841977164149284,0.22287887334823608,0.00366199784912169,2956.377242183685,1380.5295711931087,1575.8476709905765,1.1414805621502668,26.421527777778618,8.790784829878248
vw14a,1,60,WITH_MAP,2.0,20,22.152847290039062,25.47577438354492,11.586726248454793,13.889048135090126,13.889048135090126,1.1987033988088198,10.148642539978027,11.67093892097473,1,0.01271313801407814,0.8369110226631165,0.003315350040793419,0.14358337223529816,0.0034769726917147636,25.47577438354492,11.586726248454793,13.889048135090126,1.1987033988088198,23.177500000000144,22.753943207208067
vw14a,1,60,WITH_MAP,2.5,25,21.995393753051758,25.29470281600952,11.576141265860926,13.718561550148593,13.718561550148593,1.1850720576990414,10.225530624389648,11.759360218048094,1,0.012506324797868729,0.8372034430503845,0.0031592983286827803,0.14385685324668884,0.003274040762335062,50.770477199554435,23.16286751431572,27.607609685238714,1.191890842883591,23.157083333332842,22.050969190662727
vw14a,1,60,WITH_MAP,3.0,30,23.64276885986328,27.18918418884277,11.531736833185754,15.657447355657016,15.657447355657016,1.3577700898097493,10.278982162475586,11.820829486846923,1,0.010158644057810307,0.8618767857551575,0.0028649535961449146,0.12186569720506668,0.0032340080942958593,77.95966138839721,34.694604347501475,43.265057040895734,1.2470255203821472,23.019999999998763,21.53931338340044
vw14a,1,60,WITH_MAP,3.5,35,22.287761688232422,25.630925941467282,11.474593938382242,14.15633200308504,14.15633200308504,1.2337109338337846,10.256876945495605,11.795408487319945,1,0.01173853687942028,0.8405131101608276,0.0030952314846217632,0.14135238528251648,0.0033007883466780186,103.59058732986449,46.169198285883716,57.421389043980774,1.2437163991547462,22.93861111111173,21.55114042921923
vw14a,1,60,WITH_MAP,4.0,40,23.646251678466797,27.193189430236814,11.471840844685769,15.721348585551045,15.721348585551045,1.3704294540342952,10.357903480529785,11.911589002609253,1,0.009913320653140545,0.8612493872642517,0.0027779866941273212,0.12293132394552231,0.003127921838313341,130.78377676010132,57.64103913056948,73.14273762953184,1.2689350978535907,22.970000000000056,21.034117217641324
vw14a,1,60,WITH_MAP,4.5,45,24.062198638916016,27.671528434753416,11.48002624628974,16.191502188463677,16.191502188463677,1.4104063737394896,10.308873176574707,11.855204153060912,1,0.00968495849519968,0.8670387864112854,0.002781671704724431,0.11733642965555191,0.0031581297516822815,158.45530519485473,69.12106537685922,89.33423981799551,1.2924314654429991,22.939583333333363,20.718987406697124
vw14a,1,60,WITH_MAP,5.0,50,23.840713500976562,27.416820526123043,11.46614270573587,15.950677820387174,15.950677820387174,1.3911110501361494,10.173666954040527,11.699716997146606,1,0.01046094298362732,0.861369788646698,0.0030559198930859566,0.12168867141008377,0.0034247124567627907,185.87212572097778,80.58720808259508,105.2849176383827,1.3064718352132827,22.948472222222634,20.34130435367115
vw14a,1,60,WITH_MAP,5.5,55,27.50722885131836,31.63331317901611,11.480059792922,20.153253386094107,20.153253386094107,1.755500733412516,10.200753211975098,11.73086619377136,1,0.0072739748284220695,0.9090961217880249,0.002472844673320651,0.07807367295026779,0.0030833689961582422,217.5054388999939,92.06726787551709,125.4381710244768,1.3624621857366297,22.98097222222205,20.08363883383572
vw14a,1,60,WITH_MAP,6.0,60,25.58730697631836,29.425403022766112,11.552462020633985,17.872941002132126,17.872941002132126,1.5471109941940566,10.250128746032715,11.787648057937622,1,0.008681961335241795,0.8866971135139465,0.0026729560922831297,0.09880327433347702,0.0031445915810763836,246.93084192276,103.61972989615107,143.31111202660895,1.38304850022517,23.20291666666722,20.304172372678295
vw14a,1,60,WITH_MAP,6.5,65,22.955657958984375,26.39900665283203,11.62873808533093,14.770268567501098,14.770268567501098,1.2701523122386815,10.3139009475708,11.86098608970642,1,0.010930434800684452,0.8509003520011902,0.0028817900456488132,0.13213017582893372,0.0031573004089295864,273.32984857559205,115.24846798148201,158.08138059411004,1.3716571106134823,23.318472222222706,19.92534341616556
vw14a,1,60,WITH_MAP,7.0,70,19.90607452392578,22.891985702514646,11.737321770997537,11.154663931517108,11.154663931517108,0.9503585357163715,10.155255317687988,11.678543615341185,1,0.016459787264466286,0.799685001373291,0.00351346330717206,0.17712192237377167,0.0032197257969528437,296.2218342781067,126.98578975247955,169.23604452562716,1.3327163996499272,23.585972222223145,19.862561678513885
vw14a,1,60,WITH_MAP,7.5,75,22.47237205505371,25.843227863311764,11.831779123365225,14.01144873994654,14.01144873994654,1.184221628366687,10.293949127197266,11.838041496276855,1,0.011533663608133793,0.8385487794876099,0.0030199820175766945,0.14361989498138428,0.0032776889856904745,322.0650621414185,138.81756887584478,183.2474932655737,1.3200598076275634,23.700000000000543,19.427721297135577
vw14a,1,60,WITH_MAP,8.0,80,20.63875961303711,23.734573554992675,11.834333473509421,11.900240081483254,11.900240081483254,1.0055691018105382,10.269278526306152,11.809670305252075,1,0.014593951404094696,0.8071218132972717,0.00335040595382452,0.1717061847448349,0.003227665089070797,345.79963569641114,150.6519023493542,195.14773334705694,1.2953552547548928,23.68444444444386,18.78414088115096
vw14a,1,60,WITH_MAP,8.5,85,19.161884307861328,22.036166954040525,11.828859303270807,10.207307650769717,10.207307650769717,0.8629156361634369,10.08852767944336,11.601806831359863,1,0.018335504457354546,0.7814936637878418,0.0038360643666237593,0.19297422468662262,0.0033604123163968325,367.8358026504517,162.480761652625,205.35504099782668,1.2638729589221434,23.713055555555307,18.58690372109413
vw14a,1,60,WITH_MAP,9.0,90,20.351734161376953,23.404494285583493,11.889979800679725,11.514514484903767,11.514514484903767,0.9684217028060473,10.201505661010742,11.731731510162353,1,0.015127036720514297,0.8062434196472168,0.0034380313009023666,0.17188569903373718,0.0033058826811611652,391.2402969360352,174.37074145330473,216.86955548273045,1.2437267495407571,23.906527777779534,18.03281718189828
vw14a,1,60,WITH_MAP,9.5,95,22.962875366210938,26.407306671142575,12.013674269740637,14.393632401401938,14.393632401401938,1.198104100229836,10.245137214660645,11.78190779685974,1,0.011231012642383575,0.8453227877616882,0.003079629736021161,0.136972576379776,0.003393914783373475,417.64760360717776,186.38441572304538,231.26318788413238,1.2407860763840568,24.224999999998296,17.39498205902055
vw14a,1,60,WITH_MAP,10.0,100,25.220582962036133,29.003670406341552,12.082153291302818,16.921517115038732,16.921517115038732,1.4005381910871357,10.359079360961914,11.9129412651062,1,0.008617831394076347,0.8828923106193542,0.002567275892943144,0.10292544960975647,0.0029971578624099493,446.6512740135193,198.4665690143482,248.1847049991711,1.250511389559158,24.212499999999856,16.836500375298783
vw14a,1,60,WITH_MAP,10.5,105,24.74835205078125,28.460604858398437,12.09669808695468,16.36390677144376,16.36390677144376,1.3527581372879696,10.333456039428711,11.883474445343017,1,0.009010430425405502,0.8784489035606384,0.0026116305962204933,0.10688777267932892,0.003041274147108197,475.1118788719177,210.5632671013029,264.5486117706148,1.2563853867414554,24.218611111110775,16.362640138017014
vw14a,1,60,WITH_MAP,11.0,110,23.86170196533203,27.440957260131835,12.065567374266468,15.375389885865367,15.375389885865367,1.2743196742374596,10.332221984863281,11.882055282592772,1,0.009872177615761757,0.8638599514961243,0.0027644503861665726,0.12037216126918793,0.0031311765778809786,502.55283613204955,222.62883447556936,279.9240016564802,1.2573573513775829,24.138055555556768,16.225938562536612
vw14a,1,60,WITH_MAP,11.5,115,21.912490844726562,25.199364471435544,12.021127593776031,13.178236877659513,13.178236877659513,1.0962563016536468,10.282176971435547,11.824503517150879,1,0.012443759478628635,0.8388559222221375,0.0030513114761561155,0.14250078797340393,0.0031482712365686893,527.7522006034851,234.6499620693454,293.1022385341397,1.2491041377092575,23.989999999999498,15.956771371653304
vw14a,1,60,WITH_MAP,12.0,120,25.089599609375,28.853039550781247,11.957274681566812,16.895764869214435,16.895764869214435,1.4130113524330707,10.377333641052246,11.933933687210082,1,0.008625571615993977,0.882032573223114,0.002550888806581497,0.10380373150110245,0.002987255807965994,556.6052401542663,246.60723675091222,309.9980034033541,1.2570515264986741,23.90541666666674,15.716053272364661
vw14a,1,60,WITH_MAP,12.5,125,22.797372817993164,26.216978740692138,11.895667693192877,14.321311047499261,14.321311047499261,1.203909811274774,10.356940269470215,11.910481309890747,1,0.010944066569209099,0.8492010831832886,0.002850022865459323,0.13389147818088531,0.003113402985036373,582.8222188949585,258.50290444410507,324.3193144508534,1.2546060755034167,23.78597222222159,14.805208367528394
vw14a,1,60,WITH_MAP,13.0,130,21.851320266723633,25.129018306732174,11.828006504596864,13.30101180213531,13.30101180213531,1.1245353810860668,10.31761646270752,11.865258932113646,1,0.01235792227089405,0.8313595056533813,0.0030694836750626564,0.15004606544971466,0.003167026676237583,607.9512372016907,270.33091094870196,337.6203262529887,1.2489149874431327,23.58791666666646,14.659886425011791
vw14a,1,60,WITH_MAP,13.5,135,21.541366577148438,24.7725715637207,11.738181398688521,13.034390165032178,13.034390165032178,1.110426711116296,10.31851577758789,11.866293144226074,1,0.012627256102859974,0.8267852663993835,0.003073184983804822,0.15433087944984436,0.0031833730172365904,632.7238087654114,282.0690923473905,350.6547164180209,1.2431518586451924,23.43847222222168,13.738260496407747
vw14a,1,60,WITH_MAP,14.0,140,19.755266189575195,22.718556118011474,11.641995072694495,11.076561045316978,11.076561045316978,0.9514315180648286,10.168088912963867,11.693302249908447,1,0.01637839525938034,0.795522928237915,0.0035203334409743547,0.18130318820476532,0.003275178838521242,655.4423648834229,293.711087420085,361.7312774633379,1.2315887719484213,23.241527777777996,13.03004316368606
vw14a,1,60,WITH_MAP,14.5,145,20.52585220336914,23.60473003387451,11.567455580181772,12.037274453692739,12.037274453692739,1.0406155761960214,10.195572853088379,11.724908781051635,1,0.015039910562336445,0.8073852062225342,0.003444731468334794,0.17078545689582825,0.0033447330351918936,679.0470949172974,305.2785430002668,373.7685519170306,1.2243525150626258,23.093472222221845,12.830833112122491
vw14a,1,60,WITH_MAP,15.0,150,18.375782012939453,21.13214931488037,11.507769090068823,9.624380224811546,9.624380224811546,0.8363376210874237,10.01622486114502,11.518658590316772,1,0.02031738869845867,0.7708333730697632,0.003952316008508205,0.20153513550758362,0.0033618127927184105,700.1792442321778,316.7863120903356,383.39293214184215,1.2102572538945837,23.068472222222546,12.407284063054249
vw14a,1,60,WITH_MAP,15.5,155,17.037334442138672,19.592934608459473,11.514190701025818,8.078743907433655,8.078743907433655,0.7016336725006567,9.797951698303223,11.267644453048705,1,0.02482612617313862,0.7527936100959778,0.004410315304994583,0.21453173458576202,0.003438337706029415,719.7721788406373,328.30050279136145,391.4716760492758,1.192418752700054,23.025972222222435,12.447425560676493
vw14a,1,60,WITH_MAP,16.0,160,16.747852325439453,19.26003017425537,11.467392697021879,7.792637477233491,7.792637477233491,0.6795474510310671,9.702194213867188,11.157523345947265,1,0.02610868774354458,0.7520193457603455,0.004528870806097984,0.21383064985275269,0.0035124158021062613,739.0322090148926,339.7678954883833,399.2643135265093,1.175109004788712,22.894444444444726,12.05115543922875
vw14a,1,60,WITH_MAP,16.5,165,17.957881927490234,20.651564216613767,11.3941366558789,9.257427560734868,9.257427560734868,0.8124729271136503,9.814191818237305,11.286320590972899,1,0.022212987765669823,0.7734047770500183,0.004183568526059389,0.19672977924346924,0.0034688792657107115,759.6837732315064,351.16203214426224,408.52174108724415,1.1633425703591376,22.711944444444796,11.596620870986953
vw14a,1,60,WITH_MAP,17.0,170,22.847665786743164,26.274815654754637,11.34002789261094,14.934787762143696,14.934787762143696,1.3169974451187256,10.113680839538574,11.63073296546936,1,0.011931207031011581,0.8476399183273315,0.0032577395904809237,0.13363972306251526,0.003531440393999219,785.958588886261,362.50206003687316,423.4565288493879,1.1681493032241377,22.630555555555546,11.220892296172678
vw14a,1,60,WITH_MAP,17.5,175,23.79460906982422,27.36380043029785,11.244475052013733,16.119325378284117,16.119325378284117,1.4335329398411858,10.281072616577148,11.82323350906372,1,0.01007296983152628,0.8675786852836609,0.002785277320072055,0.11639905720949173,0.0031640103552490473,813.3223893165589,373.7465350888869,439.575854227672,1.1761335904375116,22.467916666666397,10.914152323966846
vw14a,1,60,WITH_MAP,18.0,180,24.88595199584961,28.618844795227048,11.209682378349822,17.409162416877226,17.409162416877226,1.553046895467883,10.271842956542969,11.812619400024413,1,0.009131784550845623,0.8809809684753418,0.0026778047904372215,0.10405464470386505,0.003154852194711566,841.9412341117859,384.95621746723674,456.98501664454915,1.1871090682759078,22.38499999999911,11.103158116224222
vw14a,1,60,WITH_MAP,18.5,185,20.298568725585938,23.343354034423825,11.148454362222239,12.194899672201586,12.194899672201586,1.0938646090282562,10.11617374420166,11.633599805831908,1,0.01575630158185959,0.8100625276565552,0.003514870535582304,0.16733770072460175,0.003328639315441251,865.2845881462097,396.104671829459,469.1799163167507,1.1844846821669246,22.255555555555837,10.615808655740693
vw14a,1,60,WITH_MAP,19.0,190,19.509246826171875,22.435633850097656,11.11854784711133,11.317086002986326,11.317086002986326,1.0178564825735383,10.105713844299316,11.621570920944214,1,0.017637034878134727,0.7894248962402344,0.003714993828907609,0.1858782023191452,0.003344940720126033,887.7202219963074,407.22321967657035,480.497002319737,1.1799351783067848,22.240000000000656,10.29889161104802
vw14a,1,60,WITH_MAP,19.5,195,18.303335189819336,21.048835468292236,11.099385926806958,9.949449541485277,9.949449541485277,0.8963963958993098,9.990739822387695,11.48935079574585,1,0.020922858268022537,0.7735456824302673,0.003971525933593512,0.19825755059719086,0.0033024039585143328,908.7690574645997,418.3226056033773,490.44645186122233,1.1724120219461138,22.22041666666631,10.182407944579609
vw14a,1,60,WITH_MAP,20.0,200,19.617876052856445,22.56055746078491,11.082991300362657,11.477566160422253,11.477566160422253,1.0356018379304046,10.03366756439209,11.538717699050903,1,0.017667073756456375,0.7973244786262512,0.0037698675878345966,0.17785631120204926,0.0033821796532720327,931.3296149253846,429.40559690374,501.9240180216446,1.1688809406323624,22.24958333333327,10.054304760880768
vw14a,1,60,WITH_MAP,20.5,205,21.397260665893555,24.606849765777586,11.058148008029697,13.548701757747889,13.548701757747889,1.2252234052130353,10.230806350708008,11.765427303314208,1,0.013294652104377747,0.8286628723144531,0.003210764843970537,0.15158718824386597,0.003244443330913782,955.9364646911622,440.4637449117697,515.4727197793925,1.1702954573086328,22.072916666666593,9.511047272477299
vw14a,1,60,WITH_MAP,21.0,210,19.840091705322266,22.816105461120603,11.063511788872972,11.752593672247631,11.752593672247631,1.0622841911794858,10.078075408935547,11.589786720275878,1,0.017004886642098427,0.7983778715133667,0.0036994977854192257,0.17753487825393677,0.003382974537089467,978.7525701522828,451.5272567006427,527.2253134516402,1.1676489195893316,22.165000000000543,9.06288222479634
vw14a,1,60,WITH_MAP,21.5,215,21.045196533203125,24.201976013183593,11.109603151988427,13.092372861195166,13.092372861195166,1.1784734955948322,10.097960472106934,11.612654542922973,1,0.014692863449454308,0.816882312297821,0.0035433394368737936,0.16137796640396118,0.0035034494940191507,1002.9545461654665,462.6368598526311,540.3176863128353,1.1679088572513412,22.29597222222257,8.866729672183283
vw14a,1,60,WITH_MAP,22.0,220,22.008052825927734,25.309260749816893,11.211230894509722,14.098029855307171,14.098029855307171,1.257491705233825,10.193461418151855,11.722480630874633,1,0.012291033752262592,0.837957501411438,0.0032193956431001425,0.14315460622310638,0.0033774981275200844,1028.2638069152833,473.8480907471408,554.4157161681426,1.1700283846115462,22.549444444444823,9.214187763282098
vw14a,1,60,WITH_MAP,22.5,225,23.528011322021484,27.057213020324706,11.300138406381139,15.757074613943567,15.757074613943567,1.3944143024872702,10.280521392822266,11.822599601745605,1,0.010134933516383171,0.8629675507545471,0.0028395552653819323,0.12083892524242401,0.0032190971542149782,1055.321019935608,485.148229153522,570.1727907820862,1.175254811868351,22.724444444445073,9.605069375247695
vw14a,1,60,WITH_MAP,23.0,230,23.216983795166016,26.699531364440915,11.427208076590386,15.27232328785053,15.27232328785053,1.3364877217154374,10.255264282226562,11.793553924560547,1,0.010749179869890213,0.8580306768417358,0.002932380186393857,0.12499047815799713,0.003297248389571905,1082.020551300049,496.57543723011236,585.4451140699366,1.1789651081727632,22.98138888888884,9.568080683238804
vw14a,1,60,WITH_MAP,23.5,235,22.579570770263672,25.96650638580322,11.546486340670976,14.420020045132246,14.420020045132246,1.2488665053315506,10.174015045166016,11.700117301940917,1,0.012278897687792778,0.8453404307365417,0.003211375791579485,0.13578322529792786,0.0033860064577311277,1107.9870576858523,508.12192357078334,599.8651341150689,1.1805535370321518,23.215972222222476,9.513589475420304
vw14a,1,60,WITH_MAP,24.0,240,22.400959014892578,25.761102867126464,11.622203787266868,14.138899079859597,14.138899079859597,1.2165420034494652,10.258487701416016,11.797260856628418,1,0.011879198253154755,0.8482340574264526,0.00304384995251894,0.1336381733417511,0.0032048411667346954,1133.7481605529788,519.7441273580502,614.0040331949286,1.1813582893490648,23.25708333333283,8.842674001818523
vw14a,1,60,WITH_MAP,24.5,245,25.07691192626953,28.83844871520996,11.566821277243086,17.271627437966874,17.271627437966874,1.4932043146501792,10.251059532165527,11.788718461990355,1,0.009122159332036972,0.8823176026344299,0.0027639372274279594,0.10258293151855469,0.003213407937437296,1162.5866092681888,531.3109486352932,631.2756606328956,1.1881472840986398,23.128611111111063,8.541346471873112
vw14a,1,60,WITH_MAP,25.0,250,23.632781982421875,27.177699279785156,11.574473113083377,15.603226166701779,15.603226166701779,1.3480722633555078,10.288286209106445,11.83152914047241,1,0.010229256004095078,0.8638553023338318,0.0028672644402831793,0.11982887983322144,0.0032192158978432417,1189.764308547974,542.8854217483766,646.8788867995974,1.1915569305882392,23.21652777777769,8.39053752576001
vw14a,1,60,WITH_MAP,25.5,255,24.46332550048828,28.132824325561522,11.660498271642625,16.4723260539189,16.4723260539189,1.4126605630548605,10.271239280700684,11.811925172805784,1,0.009567365981638432,0.872949481010437,0.0027767843566834927,0.1115165501832962,0.003189769806340337,1217.8971328735356,554.5459200200193,663.3512128535164,1.1962061010737743,23.436527777778174,8.533086230745539
vw14a,1,60,WITH_MAP,26.0,260,22.763761520385742,26.1783257484436,11.822595193690814,14.355730554752787,14.355730554752787,1.2142622088941852,10.224411010742188,11.758072662353515,1,0.011315935291349888,0.8521676659584045,0.0029958749655634165,0.13022702932357788,0.0032935740891844034,1244.0754586219791,566.3685152137101,677.706943408269,1.1965830112440963,23.812083333333646,8.94692743383348
vw14a,1,60,WITH_MAP,26.5,265,21.29999542236328,24.49499473571777,11.85765589790692,12.637338837810852,12.637338837810852,1.06575354746477,10.220170974731445,11.75319662094116,1,0.01352988462895155,0.8240593671798706,0.003248352324590087,0.1558944582939148,0.003267901251092553,1268.5704533576968,578.2261711116171,690.3442822460797,1.19390009780934,23.67402777777753,9.385351802804507
vw14a,1,60,WITH_MAP,27.0,270,19.641849517822266,22.588126945495603,11.808011305845772,10.78011563964983,10.78011563964983,0.9129492986099138,10.1463041305542,11.668249750137328,1,0.017118489369750023,0.7930213212966919,0.0036173579283058643,0.18296584486961365,0.0032770142424851656,1291.1585803031924,590.0341824174628,701.1243978857295,1.1882775926864315,23.60805555555511,9.346021960489452
vw14a,1,60,WITH_MAP,27.5,275,17.712526321411133,20.369405269622803,11.725690920727683,8.64371434889512,8.64371434889512,0.7371603436702817,9.881088256835938,11.363251495361327,1,0.024018846452236176,0.7535285949707031,0.004359487444162369,0.21460384130477905,0.0034892952535301447,1311.5279855728152,601.7598733381905,709.7681122346247,1.17948727338244,23.428472222222215,9.553840294945985
vw14a,1,60,WITH_MAP,28.0,280,19.567657470703125,22.502806091308592,11.640192963082516,10.862613128226076,10.862613128226076,0.9331987160932319,10.097906112670898,11.612592029571532,1,0.01749848760664463,0.7904883027076721,0.0036999795120209455,0.1849716305732727,0.0033416233491152525,1334.0307916641239,613.400066301273,720.6307253628509,1.1748135759230767,23.309999999999842,9.690831698128022
vw14a,1,60,WITH_MAP,28.5,285,20.47264862060547,23.54354591369629,11.676450189991344,11.867095723704944,11.867095723704944,1.0163273538285647,10.163236618041992,11.68772211074829,1,0.015352659858763218,0.8091557025909424,0.0034738066606223583,0.16869647800922394,0.0033213759306818247,1357.5743375778202,625.0765164912643,732.4978210865559,1.171853048004872,23.435555555554963,9.581483663525432
vw14a,1,60,WITH_MAP,29.0,290,20.163490295410156,23.188013839721677,11.787100296797805,11.400913542923872,11.400913542923872,0.9672364920845844,10.13179874420166,11.651568555831908,1,0.015951599925756454,0.8066021800041199,0.003531093942001462,0.17059405148029327,0.003320993622764945,1380.7623514175418,636.8636167880621,743.8987346294797,1.1680659956384933,23.698472222222524,9.370348049676977
vw14a,1,60,WITH_MAP,29.5,295,19.698833465576172,22.653658485412596,11.914659646287381,10.738998839125214,10.738998839125214,0.9013265303362229,10.104959487915039,11.620703411102294,1,0.017241239547729492,0.7958105802536011,0.0036885198205709457,0.17992833256721497,0.0033312514424324036,1403.4160099029543,648.7782764343496,754.6377334686048,1.1631673884274503,23.975000000000257,9.02264868922066
vw14a,1,60,WITH_MAP,30.0,300,19.852916717529297,22.83085422515869,12.011250907487948,10.81960331767074,10.81960331767074,0.900789051948426,10.120588302612305,11.638676548004149,1,0.016569314524531364,0.798732340335846,0.003632325679063797,0.17770858108997345,0.0033574244007468224,1426.246864128113,660.7895273418375,765.4573367862755,1.1583981057712671,24.11250000000007,8.83422800921835
vw14a,1,60,WITH_MAP,30.5,305,20.12595558166504,23.144848918914793,12.094439953298608,11.050408965616185,11.050408965616185,0.9136767810900019,10.163132667541504,11.687602567672728,1,0.015986450016498566,0.8006128668785095,0.003580640535801649,0.1764839142560959,0.003336123889312148,1449.3917130470277,672.8839672951361,776.5077457518915,1.1539994761255838,24.253472222223017,8.641288598068058
vw14a,1,60,WITH_MAP,31.0,310,21.238088607788086,24.423801898956295,12.201715318455502,12.222086580500793,12.222086580500793,1.001669540840252,10.270947456359863,11.811589574813842,1,0.013217643834650517,0.8208540678024292,0.003230749862268567,0.1594417691230774,0.003255801973864436,1473.815514945984,685.0856826135916,788.7298323323923,1.1512864045317657,24.51791666666708,7.909380821394734
vw14a,1,60,WITH_MAP,31.5,315,22.522153854370117,25.90047693252563,12.285949377037312,13.61452755548832,13.61452755548832,1.1081380150348126,10.294528007507324,11.838707208633421,1,0.011364441365003586,0.8400425910949707,0.003013747977092862,0.14231374859809875,0.00326553569175303,1499.7159918785096,697.371631990629,802.3443598878806,1.1505262374920668,24.616527777778163,7.749976955237798
vw14a,1,60,WITH_MAP,32.0,320,22.209835052490234,25.541310310363766,12.326311695502461,13.214998614861305,13.214998614861305,1.0720967424248327,10.270057678222656,11.810566329956053,1,0.012024903669953346,0.8358930349349976,0.003092810045927763,0.14572341740131378,0.0032657987903803587,1525.2573021888734,709.6979436861315,815.5593585027419,1.1491640433207009,24.673055555555656,7.793506099143997
vw14a,1,60,WITH_MAP,32.5,325,22.153072357177734,25.47603321075439,12.309389556510391,13.166643654244,13.166643654244,1.0696422916667065,10.270439147949219,11.8110050201416,1,0.011992051266133785,0.8380268812179565,0.0030888200271874666,0.1436586230993271,0.0032335384748876095,1550.7333353996278,722.0073332426418,828.7260021569859,1.14780828947409,24.645416666666343,7.4525448138592765
vw14a,1,60,WITH_MAP,33.0,330,22.600418090820312,25.990480804443358,12.257917581031995,13.732563223411363,13.732563223411363,1.1203014812778027,10.26639461517334,11.806353807449339,1,0.011437513865530491,0.8475287556648254,0.0030019618570804596,0.13481110334396362,0.0032206501346081495,1576.7238162040712,734.2652508236738,842.4585653803974,1.147349087316002,24.498472222223,7.356270883581601
vw14a,1,60,WITH_MAP,33.5,335,22.453739166259766,25.821800041198728,12.220871117241465,13.600928923957262,13.600928923957262,1.1129263039824373,10.265120506286621,11.804888582229614,1,0.011370291002094746,0.8455519080162048,0.0030197969172149897,0.13682270050048828,0.0032352798152714968,1602.54561624527,746.4861219409153,856.0594943043546,1.146785545159957,24.49597222222177,7.6113158277003095
vw14a,1,60,WITH_MAP,34.0,340,24.057353973388672,27.66595706939697,12.22371915287502,15.44223791652195,15.44223791652195,1.2633011052851237,10.304787635803223,11.850505781173705,1,0.009734497405588627,0.8666117191314697,0.002797169843688607,0.11767267435789108,0.003183978144079447,1630.2115733146668,758.7098410937903,871.5017322208765,1.1486627496019828,24.452916666666294,7.411911555682309
vw14a,1,60,WITH_MAP,34.5,345,24.662960052490234,28.36240406036377,12.162382317437588,16.200021742926182,16.200021742926182,1.3319776767500315,10.316173553466797,11.863599586486815,1,0.009304975159466267,0.8727821111679077,0.002707628533244133,0.11208125948905945,0.003124113427475095,1658.5739773750306,770.8722234112279,887.7017539638027,1.151554987979183,24.27194444444411,7.374000542797148
vw14a,1,60,WITH_MAP,35.0,350,24.813709259033203,28.53576564788818,12.057006182804145,16.478759465084035,16.478759465084035,1.3667372493004317,10.405122756958008,11.965891170501708,1,0.00880733784288168,0.8777977228164673,0.002525119809433818,0.10791938751935959,0.0029503346886485815,1687.1097430229188,782.929229594032,904.1805134288868,1.154868766232839,24.03291666666616,6.587191178172361
vw14a,1,60,WITH_MAP,35.5,355,24.370834350585938,28.026459503173825,11.97601995336174,16.050439549812083,16.050439549812083,1.340214830329055,10.365806579589844,11.920677566528319,1,0.00936155579984188,0.8723379969596863,0.002633221447467804,0.11261527985334396,0.0030519214924424887,1715.1362025260926,794.9052495473937,920.2309529786988,1.1576611847797753,23.96611111111082,6.264581601251848
vw14a,1,60,WITH_MAP,36.0,360,23.24500274658203,26.731753158569333,11.9528918096661,14.778861348903233,14.778861348903233,1.236425593424331,10.344047546386719,11.895654678344725,1,0.01051528099924326,0.8537009358406067,0.0028089741244912148,0.12983588874340057,0.003138923551887274,1741.8679556846619,806.8581413570598,935.009814327602,1.1588280100328456,23.935416666666896,7.346056067501195
vw14a,1,60,WITH_MAP,36.5,365,21.543575286865234,24.775111579895018,11.937518982661542,12.837592597233476,12.837592597233476,1.075398716925957,10.265921592712402,11.805809831619262,1,0.013252194039523602,0.8250705003738403,0.0031692329794168472,0.15527665615081787,0.003231361508369446,1766.643067264557,818.7956603397214,947.8474069248356,1.1576116641013585,23.846944444443796,7.451282202033326
vw14a,1,60,WITH_MAP,37.0,370,22.715866088867188,26.123246002197263,11.85268951319945,14.270556488997812,14.270556488997812,1.2039931083241289,10.278325080871582,11.820073843002318,1,0.01140111219137907,0.8445804119110107,0.0029910479206591845,0.13777825236320496,0.003249160246923566,1792.7663132667542,830.6483498529209,962.1179634138333,1.158273490321375,23.681527777777454,7.549046750180423
vw14a,1,60,WITH_MAP,37.5,375,23.82353401184082,27.397064113616942,11.778661672818442,15.6184024407985,15.6184024407985,1.3259912606914424,10.29807186126709,11.842782640457152,1,0.010015749372541904,0.8609030246734619,0.0028282147832214832,0.12305447459220886,0.0031985524110496044,1820.1633773803712,842.4270115257393,977.7363658546319,1.1606184897654583,23.550972222221873,7.806112369755283
vw14a,1,60,WITH_MAP,38.0,380,23.876466751098633,27.457936763763424,11.731183211980367,15.726753551783057,15.726753551783057,1.3405939765498036,10.305614471435547,11.851456642150877,1,0.00994060654193163,0.8642967939376831,0.0027802560944110155,0.1198333203792572,0.0031489890534430742,1847.6213141441347,854.1581947377197,993.463119406415,1.1630903098827854,23.453472222221762,7.533186680986546
vw14a,1,60,WITH_MAP,38.5,385,24.170852661132812,27.796480560302733,11.661367461327806,16.135113098974927,16.135113098974927,1.3836381670059923,10.31865119934082,11.866448879241942,1,0.00953576248139143,0.8711714148521423,0.00271860184147954,0.11345870047807693,0.003115489613264799,1875.4177947044375,865.8195621990475,1009.59823250539,1.1660607782309365,23.29847222222145,7.74814403092023
vw14a,1,60,WITH_MAP,39.0,390,20.105459213256836,23.12127809524536,11.549193522634472,11.572084572610887,11.572084572610887,1.0019820474850951,10.07313346862793,11.584103488922118,1,0.01636393927037716,0.8139859437942505,0.0035432144068181515,0.16281744837760925,0.0032894338946789503,1898.5390727996828,877.368755721682,1021.1703170780008,1.1639009372268272,23.03347222222229,8.316395615111105
vw14a,1,60,WITH_MAP,39.5,395,21.003841400146484,24.154417610168455,11.473414417878583,12.681003192289872,12.681003192289872,1.105251037784319,10.150423049926758,11.67298650741577,1,0.014528553001582623,0.8179531693458557,0.0034717267844825983,0.1606442779302597,0.0034022098407149315,1922.6934904098512,888.8421701395605,1033.8513202702907,1.1631438685092559,22.97499999999988,8.275298218242824
vw14a,1,60,WITH_MAP,40.0,400,21.416072845458984,24.62848377227783,11.467171304556123,13.161312467721705,13.161312467721705,1.1477383670454515,10.099223136901855,11.614106607437133,1,0.014329795725643635,0.8250739574432373,0.0034376357216387987,0.15372879803180695,0.003429822623729706,1947.321974182129,900.3093414441166,1047.0126327380124,1.1629476498139855,22.977500000000713,8.701782690128312
vw14a,1,60,WITH_MAP,40.5,405,21.764171600341797,25.028797340393066,11.512613638949398,13.516183701443667,13.516183701443667,1.1740325980988195,10.184602737426758,11.71229314804077,1,0.013011813163757324,0.8355252146720886,0.0032001181971281767,0.14497631788253784,0.0032864930108189583,1972.350771522522,911.821955083066,1060.528816439456,1.163087607758735,23.074027777778408,8.428927201777697
vw14a,1,60,WITH_MAP,41.0,410,22.9957218170166,26.44508008956909,11.59007335772398,14.855006731845108,14.855006731845108,1.2817008377212105,10.291383743286133,11.835091304779052,1,0.010823109187185764,0.8548714518547058,0.0028958742041140795,0.12818807363510132,0.003221494611352682,1998.7958516120912,923.41202844079,1075.3838231713012,1.1645763646669411,23.26055555555604,8.454132672050036
vw14a,1,60,WITH_MAP,41.5,415,20.922334671020508,24.060684871673583,11.62533098702929,12.435353884644293,12.435353884644293,1.0696774051868947,10.208005905151367,11.73920679092407,1,0.01431815605610609,0.820850670337677,0.0033772645983844995,0.15817368030548096,0.0032802645582705736,2022.8565364837648,935.0373594278193,1087.8191770559456,1.1633964847368437,23.272499999999955,8.74472084979061
vw14a,1,60,WITH_MAP,42.0,420,22.202693939208984,25.53309803009033,11.610714506529568,13.922383523560761,13.922383523560761,1.1990979121682106,10.290956497192383,11.834599971771238,1,0.011940387077629566,0.8409344553947449,0.003060710383579135,0.14085602760314941,0.0032084397971630096,2048.389634513855,946.6480739343489,1101.7415605795063,1.1638343656059806,23.239583333333208,9.432078051613644
vw14a,1,60,WITH_MAP,42.5,425,22.895742416381836,26.33010377883911,11.611538661809933,14.718565117029177,14.718565117029177,1.2675809421741995,10.32911205291748,11.878478860855102,1,0.010809928178787231,0.8511051535606384,0.002904958324506879,0.13198846578598022,0.0031915162689983845,2074.7197382926943,958.2596125961588,1116.4601256965354,1.1650914961048737,23.326111111111306,9.869825125322677
vw14a,1,60,WITH_MAP,43.0,430,20.553451538085938,23.636469268798827,11.714173612523407,11.92229565627542,11.92229565627542,1.0177666859512406,10.210589408874512,11.742177820205688,1,0.014825680293142796,0.8117755055427551,0.0033946759067475796,0.16675807535648346,0.0032462086528539658,2098.356207561493,969.9737862086822,1128.382421352811,1.1633122847198762,23.551527777778148,10.015028704423457
vw14a,1,60,WITH_MAP,43.5,435,22.053808212280273,25.361879444122312,11.833855105759067,13.528024338363245,13.528024338363245,1.1431629183781111,10.273049354553223,11.814006757736205,1,0.012343218550086021,0.8352250456809998,0.003104180097579956,0.1460714489221573,0.003256126306951046,2123.7180870056154,981.8076413144413,1141.9104456911741,1.1630694217885569,23.80402777777832,9.979576559388079
vw14a,1,60,WITH_MAP,44.0,440,22.54920196533203,25.931582260131833,11.949146660978906,13.982435599152927,13.982435599152927,1.1701618530479605,10.237882614135742,11.773565006256103,1,0.011915622279047966,0.8414979577064514,0.0030928354244679213,0.14016710221767426,0.0033265575766563416,2149.6496692657474,993.7567879754203,1155.8928812903273,1.1631547027167752,24.035000000000423,9.878772346535698
vw14a,1,60,WITH_MAP,44.5,445,24.332679748535156,27.982581710815428,12.005462991203002,15.977118719612426,15.977118719612426,1.3308207048174363,10.307816505432129,11.853988981246948,1,0.009654113091528416,0.8713846206665039,0.0027544228360056877,0.1130727231502533,0.0031340313144028187,2177.632250976563,1005.7622509666232,1171.8700000099395,1.1651560782716517,23.993472222222255,9.55468925833702
vw14a,1,60,WITH_MAP,45.0,450,29.17632293701172,33.552771377563474,11.982856338533363,21.56991503903011,21.56991503903011,1.8000645613740331,10.121969223022461,11.64026460647583,1,0.006616936530917883,0.9189309477806091,0.002525738440454006,0.06870697438716888,0.0032192999497056007,2211.1850223541264,1017.7451073051566,1193.4399150489699,1.1726314442415036,24.02444444444404,9.636238377075642
vw14a,1,60,WITH_MAP,45.5,455,28.297134399414062,32.54170455932617,12.045680768943285,20.496023790382885,20.496023790382885,1.7015247360055112,10.17062759399414,11.69622173309326,1,0.006908251903951168,0.9134486317634583,0.002506521763280034,0.07398451864719391,0.0031519278418272734,2243.7267269134527,1029.7907880741,1213.9359388393527,1.1788180209978751,24.232916666667684,9.926482166047208
vw14a,1,60,WITH_MAP,46.0,460,27.39676284790039,31.50627727508545,12.180716431478174,19.325560843607274,19.325560843607274,1.586570129295921,10.282153129577637,11.824476099014282,1,0.007199488114565611,0.9060243964195251,0.00241571431979537,0.08137264847755432,0.0029877868946641684,2275.233004188538,1041.9715045055782,1233.2614996829598,1.1835846703582837,24.51000000000086,10.541943222400732
vw14a,1,60,WITH_MAP,46.5,465,25.157970428466797,28.931665992736814,12.314569449060711,16.617096543676105,16.617096543676105,1.3493851013153828,10.367892265319824,11.923076105117797,1,0.008538886904716492,0.8823410868644714,0.0025261526461690664,0.1036132276058197,0.0029806499369442463,2304.1646701812747,1054.2860739546388,1249.8785962266359,1.1855212992981377,24.73458333333291,10.251199086662382
vw14a,1,60,WITH_MAP,47.0,470,24.606433868408203,28.297398948669432,12.330846942202236,15.966552006467197,15.966552006467197,1.2948463379122634,10.315030097961426,11.862284612655639,1,0.009222039021551609,0.8721739053726196,0.002718309871852398,0.11275655031204224,0.0031290824990719557,2332.462069129944,1066.616920896841,1265.8451482331031,1.186785174164259,24.660972222221982,10.004506248049438
vw14a,1,60,WITH_MAP,47.5,475,24.900714874267578,28.635822105407712,12.25006245660369,16.385759648804022,16.385759648804022,1.3376062127724815,10.314299583435059,11.861444520950316,1,0.00904157292097807,0.8750503659248352,0.0026824537198990583,0.1101183295249939,0.003107443917542696,2361.097891235352,1078.8669833534448,1282.2309078819073,1.1884976810545689,24.463055555555616,10.317178394529037
vw14a,1,60,WITH_MAP,48.0,480,24.452951431274414,28.120894145965575,12.179118272023914,15.941775873941662,15.941775873941662,1.3089433502391363,10.309638023376465,11.856083726882934,1,0.009419337846338749,0.8708768486976624,0.002736230380833149,0.1138274148106575,0.003140168497338891,2389.2187853813175,1091.0461016254687,1298.1726837558488,1.1898421907395091,24.365555555555545,10.932957269717008
vw14a,1,60,WITH_MAP,48.5,485,23.84573745727539,27.4225980758667,12.132965554896774,15.289632520969924,15.289632520969924,1.2601727460438674,10.344757080078125,11.896470642089843,1,0.009609285742044449,0.8659611344337463,0.002691436093300581,0.11866723746061325,0.003070881823077798,2416.641383457184,1103.1790671803656,1313.4623162768185,1.1906156990758712,24.292083333333153,11.197325718705542
vw14a,1,60,WITH_MAP,49.0,490,23.626455307006836,27.17042360305786,12.127282016292693,15.043141586765167,15.043141586765167,1.2404380113000664,10.327014923095703,11.876067161560057,1,0.010113295167684555,0.8592837452888489,0.00279445992782712,0.12464772909879684,0.0031608357094228268,2443.811807060242,1115.3063491966582,1328.5054578635836,1.1911574419176312,24.28347222222196,11.807489594561048
vw14a,1,60,WITH_MAP,49.5,495,23.94364356994629,27.53519010543823,12.142292629048708,15.392897476389521,15.392897476389521,1.2677093154190835,10.280425071716309,11.822488832473754,1,0.010067342780530453,0.8612188100814819,0.0028571670409291983,0.12261570990085602,0.003240935504436493,2471.34699716568,1127.4486418257068,1343.8983553399733,1.1919818832401659,24.359444444444435,11.841389880049974
vw14a,1,60,WITH_MAP,50.0,500,25.393310546875,29.20230712890625,12.161043660478635,17.041263468427616,17.041263468427616,1.401299423322431,10.294476509094238,11.838647985458373,1,0.008820274844765663,0.8800840377807617,0.0026845152024179697,0.1052946224808693,0.0031166072003543377,2500.5493042945864,1139.6096854861853,1360.939618808401,1.1942155600650155,24.36500000000004,11.507016460760497
vw14a,1,60,WITH_MAP,50.5,505,27.9871826171875,32.18526000976562,12.17120213453688,20.01405787522874,20.01405787522874,1.6443780699719917,10.206511497497559,11.737488222122192,1,0.007098776753991842,0.9074816703796387,0.002523719100281596,0.07978762686252594,0.0031082327477633953,2532.734564304352,1151.780887620722,1380.9536766836297,1.198972557650543,24.390555555555068,11.67102670238819
vw14a,1,60,WITH_MAP,51.0,510,26.307186126708984,30.25326404571533,12.22438021550215,18.028883830213182,18.028883830213182,1.4748300946456283,10.277778625488281,11.819445419311522,1,0.007860512472689152,0.8948805928230286,0.002514153951779008,0.09171556681394577,0.0030292232986539602,2562.987828350067,1164.0052678362242,1398.9825605138428,1.2018696127676631,24.606527777777746,11.855738766025752
vw14a,1,60,WITH_MAP,51.5,515,24.94022560119629,28.68125944137573,12.363368610591229,16.3178908307845,16.3178908307845,1.31985798893075,10.364283561706543,11.918926095962524,1,0.008766848593950272,0.8782384395599365,0.002568113850429654,0.10741746425628662,0.003008982166647911,2591.669087791443,1176.3686364468153,1415.3004513446276,1.2031096439458793,24.845972222222482,12.154447628301568
vw14a,1,60,WITH_MAP,52.0,520,20.343547821044922,23.39507999420166,12.5148937305184,10.880186263683258,10.880186263683258,0.8693790373266376,10.180280685424805,11.707322788238525,1,0.01512966863811016,0.8113832473754883,0.003369843354448676,0.1669183224439621,0.0031989566050469875,2615.0641677856447,1188.8835301773338,1426.180637608311,1.1995965974863676,25.170555555556604,12.287214280106127
vw14a,1,60,WITH_MAP,52.5,525,21.037864685058594,24.19354438781738,12.658055362652998,11.535489025164381,11.535489025164381,0.9113160508998328,10.211677551269531,11.74342918395996,1,0.014106981456279755,0.8183644413948059,0.003314851550385356,0.16091832518577576,0.00329539249651134,2639.257712173462,1201.5415855399867,1437.7161266334754,1.1965596063721333,25.41638888888884,12.169229937018827
vw14a,1,60,WITH_MAP,53.0,530,22.871234893798828,26.30192012786865,12.739341437314103,13.562578690554549,13.562578690554549,1.0646216491873863,10.277748107910156,11.819410324096678,1,0.011047670617699623,0.8476006388664246,0.0029671289958059788,0.135118305683136,0.0032661696895956993,2665.5596323013306,1214.2809269773009,1451.2787053240297,1.1951754104683876,25.547083333333415,12.283782832091674
vw14a,1,60,WITH_MAP,53.5,535,21.773122787475586,25.03909120559692,12.7701188981519,12.268972307445022,12.268972307445022,0.9607563097333883,10.089930534362793,11.603420114517212,1,0.013752969913184643,0.8336906433105469,0.003342586802318692,0.1458304226398468,0.00338329141959548,2690.5987235069274,1227.0510458754527,1463.5476776314747,1.192735772933791,25.560416666667297,12.153252596617676
vw14a,1,60,WITH_MAP,54.0,540,25.520931243896484,29.349070930480956,12.76362790492348,16.585443025557474,16.585443025557474,1.299430158032087,10.370223045349121,11.925756502151488,1,0.008263546973466873,0.8875347375869751,0.0024902482982724905,0.09877603501081467,0.0029353881254792213,2719.9477944374084,1239.814673780376,1480.1331206570324,1.1938341688954932,25.54861111111106,12.821941894013435
vw14a,1,60,WITH_MAP,54.5,545,25.717159271240234,29.574733161926268,12.773486845488183,16.801246316438085,16.801246316438085,1.315321847485409,10.307887077331543,11.854070138931274,1,0.008436979725956917,0.886502206325531,0.002605416812002659,0.09938439726829529,0.0030708976555615664,2749.522527599335,1252.5881606258642,1496.9343669734706,1.195073060746093,25.636527777778547,13.329855448799208
vw14a,1,60,WITH_MAP,55.0,550,25.42407989501953,29.237691879272457,12.847563718738083,16.390128160534374,16.390128160534374,1.2757382270561917,10.313005447387695,11.859956264495848,1,0.008669959381222725,0.8823317885398865,0.0026348845567554235,0.10329087823629379,0.003072429681196809,2778.7602194786073,1265.4357243446022,1513.324495134005,1.1958920283507801,25.726527777777488,13.834589527337812
vw14a,1,60,WITH_MAP,55.5,555,20.250442504882812,23.288008880615234,12.83819360127736,10.449815279337873,10.449815279337873,0.813963054607476,10.182587623596191,11.709975767135619,1,0.015647510066628456,0.805423378944397,0.0034580801147967577,0.17223870754241943,0.003232266055420041,2802.0482283592223,1278.2739179458797,1523.7743104133426,1.1920561696682113,25.66597222222161,14.093430198729038
vw14a,1,60,WITH_MAP,56.0,560,20.773977279663086,23.890073871612547,12.759460703231138,11.130613168381409,11.130613168381409,0.8723419764569479,10.19575023651123,11.725112771987915,1,0.014205011539161205,0.818114697933197,0.003291752189397812,0.16113942861557007,0.003249133937060833,2825.938302230835,1291.0333786491108,1534.904923581724,1.1888963902604837,25.49694444444391,13.938163808896206
vw14a,1,60,WITH_MAP,56.5,565,17.276718139648438,19.8682258605957,12.67100224914664,7.1972236114490595,7.1972236114490595,0.5680074448675735,9.880781173706055,11.362898349761963,1,0.02386471815407276,0.752382218837738,0.00427643395960331,0.21605601906776428,0.0034206053242087364,2845.8065280914307,1303.7043808982573,1542.1021471931733,1.182861828024739,25.338472222222414,12.857740894891322
vw14a,1,60,WITH_MAP,57.0,570,16.313772201538086,18.7608380317688,12.600717338169433,6.1601206935993655,6.1601206935993655,0.48887063555814003,9.76865005493164,11.233947563171386,1,0.02733212150633335,0.7374720573425293,0.004557139705866575,0.22718791663646698,0.003450702875852585,2864.5673661231995,1316.3050982364268,1548.2622678867726,1.1762183934113146,25.222500000000128,13.167091607232578
vw14a,1,60,WITH_MAP,57.5,575,15.491497039794922,17.815221595764157,12.605256688944552,5.2099649068196054,5.2099649068196054,0.4133168435505965,9.618005752563477,11.060706615447998,1,0.03159938380122185,0.7180272340774536,0.004990105517208576,0.2417556345462799,0.0036276208702474833,2882.382587718964,1328.9103549253714,1553.4722327935924,1.1689819610750432,25.295555555555545,13.06390135246329
vw14a,1,60,WITH_MAP,58.0,580,16.158950805664062,18.58279342651367,12.704208921219749,5.878584505293922,5.878584505293922,0.46272731673004563,9.714741706848145,11.171952962875366,1,0.02789231948554516,0.7330819368362427,0.004701586905866861,0.23077307641506195,0.0035510717425495386,2900.9653811454773,1341.6145638465912,1559.350817298886,1.162294193369529,25.574027777778756,12.513770710094832
vw14a,1,60,WITH_MAP,58.5,585,15.235431671142578,17.520746421813964,12.832020265700697,4.688726156113267,4.688726156113267,0.3653926707586319,9.61827564239502,11.061016988754272,1,0.03246237337589264,0.7161190509796143,0.004900846630334854,0.2430475503206253,0.0034701551776379347,2918.486127567291,1354.446584112292,1564.0395434549991,1.1547443522699532,25.80055555555601,11.86958682583645
vw14a,1,60,WITH_MAP,59.0,590,16.294361114501953,18.738515281677245,12.952901379903917,5.785613901773328,5.785613901773328,0.446665479191369,9.753085136413574,11.216047906875609,1,0.02760355919599533,0.7335864305496216,0.004589541349560022,0.23072651028633118,0.003494017291814089,2937.2246428489684,1367.399485492196,1569.8251573567725,1.1480369665282661,26.07638888889005,11.218328638933599
vw14a,1,60,WITH_MAP,59.5,595,16.654434204101562,19.152599334716797,13.130085700912687,6.02251363380411,6.02251363380411,0.45868045121636014,9.67802906036377,11.129733419418335,1,0.026658914983272552,0.7421160340309143,0.0046841977164149284,0.22287887334823608,0.00366199784912169,2956.377242183685,1380.5295711931087,1575.8476709905765,1.1414805621502668,26.421527777778618,11.685425593866967
vw14a,2,30,WITHOUT_MAP,2.0,20,23.7330265045166,27.29298048019409,11.743720936724019,15.54925954347007,15.54925954347007,1.3240487940109065,10.328697204589844,11.87800178527832,1,0.01012074388563633,0.8609966039657593,0.002757556037977338,0.12303540855646133,0.0030896905809640884,27.29298048019409,11.743720936724019,15.54925954347007,1.3240487940109065,23.615000000004006,21.062000651378185
vw14a,2,30,WITHOUT_MAP,2.5,25,23.867712020874023,27.447868824005123,11.887040105169486,15.560828718835637,15.560828718835637,1.3090583173912635,10.37070083618164,11.926305961608886,1,0.009564586915075779,0.8642273545265198,0.002657888922840357,0.12052389234304428,0.003026342950761318,54.740849304199216,23.630761041893507,31.11008826230571,1.3165080975239252,23.899444444446083,21.04401339776814
vw14a,2,30,WITHOUT_MAP,3.0,30,23.434616088867188,26.949808502197264,12.011471541175359,14.938336961021905,14.938336961021905,1.2436725100511825,10.301257133483887,11.846445703506468,1,0.010173524729907513,0.8579027056694031,0.0028196137864142656,0.12591536343097687,0.0031888175290077925,81.69065780639647,35.64223258306887,46.048425223327605,1.2919624245200059,24.12458333333277,21.01938215806149
vw14a,2,30,WITHOUT_MAP,3.5,35,22.710500717163086,26.117075824737547,12.113691774857637,14.00338404987991,14.00338404987991,1.1559963973117091,10.311657905578613,11.858406591415404,1,0.010878308676183224,0.8436817526817322,0.002943546511232853,0.13925473392009735,0.003241701517254114,107.80773363113403,47.7559243579265,60.051809273207525,1.2574734984318265,24.273472222219244,20.945422773249447
vw14a,2,30,WITHOUT_MAP,4.0,40,21.504562377929688,24.73024673461914,12.16197088990652,12.56827584471262,12.56827584471262,1.0334078216831863,10.269247055053711,11.809634113311766,1,0.01297572162002325,0.8216679692268372,0.003218741388991475,0.15884818136692047,0.003289351239800453,132.53798036575316,59.91789524783302,72.62008511792013,1.2119932587342759,24.370972222222957,20.52384119317867
vw14a,2,30,WITHOUT_MAP,4.5,45,22.64908218383789,26.046444511413572,12.204186110249129,13.842258401164443,13.842258401164443,1.134222165748493,10.302271842956543,11.847612619400023,1,0.011295801028609276,0.8427053093910217,0.003016547067090869,0.13971568644046783,0.0032665804028511047,158.58442487716673,72.12208135808216,86.46234351908457,1.1988331713529425,24.495972222224424,19.65492671635002
vw14a,2,30,WITHOUT_MAP,5.0,50,23.168701171875,26.644006347656248,12.246211353930214,14.397794993726034,14.397794993726034,1.1756938188973283,10.329192161560059,11.878570985794067,1,0.010674143210053444,0.8522051572799683,0.0028709566686302423,0.13108237087726593,0.003167417598888278,185.22843122482297,84.36829271201236,100.86013851281061,1.19547445219844,24.57555555555593,19.74366096709855
vw14a,2,30,WITHOUT_MAP,5.5,55,24.030540466308594,27.635121536254882,12.333696516119412,15.30142502013547,15.30142502013547,1.2406195498760175,10.347870826721191,11.90005145072937,1,0.009327676147222519,0.8712802529335022,0.002655424177646637,0.11369070410728455,0.0030459470581263304,212.86355276107784,96.70198922813178,116.16156353294606,1.2012324095930103,24.77249999999757,18.937840793514624
vw14a,2,30,WITHOUT_MAP,6.0,60,22.474567413330078,25.845752525329587,12.440194428242773,13.405558097086814,13.405558097086814,1.077600368258907,10.271562576293945,11.812296962738037,1,0.011338654905557632,0.8472946882247925,0.00296855834312737,0.1351868361234665,0.003211232600733638,238.7093052864074,109.14218365637456,129.56712163003286,1.1871406388382753,25.00694444444231,18.981140128336847
vw14a,2,30,WITHOUT_MAP,6.5,65,20.75737953186035,23.8709864616394,12.561497099408884,11.309489362230517,11.309489362230517,0.9003297355983719,10.201873779296875,11.732154846191404,1,0.014440738596022129,0.8184138536453247,0.00334894098341465,0.16055019199848175,0.003246267093345523,262.5802917480468,121.70368075578344,140.87661099226338,1.1575378009721273,25.242500000002767,18.807062755106017
vw14a,2,30,WITHOUT_MAP,7.0,70,19.943984985351562,22.935582733154295,12.675100330309121,10.260482402845174,10.260482402845174,0.8094991073411835,10.174249649047852,11.700387096405029,1,0.01631954498589039,0.7984274625778198,0.0035715866833925247,0.17837367951869965,0.0033077378757297993,285.51587448120114,134.37878108609254,151.1370933951086,1.1247095127189723,25.469027777774915,19.076144851744175
vw14a,2,30,WITHOUT_MAP,7.5,75,21.350269317626953,24.552809715270993,12.767082149663668,11.785727565607324,11.785727565607324,0.9231339962763382,10.253495216369629,11.791519498825073,1,0.013624272309243679,0.8223563432693481,0.0032717466820031404,0.15749984979629517,0.0032478126231580973,310.06868419647213,147.14586323575622,162.9228209607159,1.107219852315399,25.62958333333878,18.567239311058074
vw14a,2,30,WITHOUT_MAP,8.0,80,22.083206176757812,25.39568710327148,12.823508385602512,12.572178717668969,12.572178717668969,0.9804008653189075,10.242528915405273,11.778908252716063,1,0.012380635365843773,0.835394561290741,0.003141173394396901,0.1457919478416443,0.003291599452495575,335.4643712997436,159.96937162135873,175.4949996783849,1.0970537541009706,25.688472222221325,18.751619196962565
vw14a,2,30,WITHOUT_MAP,8.5,85,21.342960357666016,24.544404411315917,12.848413654498277,11.69599075681764,11.69599075681764,0.910306211438237,10.23995590209961,11.77594928741455,1,0.01342960074543953,0.8258695602416992,0.0031789906788617373,0.15433958172798157,0.003182237735018134,360.0087757110595,172.817785275857,187.1909904352025,1.0831697104346207,25.688611111107605,18.591350975912064
vw14a,2,30,WITHOUT_MAP,9.0,90,22.03792953491211,25.343618965148924,12.84421402254939,12.499404942599533,12.499404942599533,0.9731545208336992,10.249783515930176,11.787251043319701,1,0.012095066718757153,0.8392378687858582,0.003060349728912115,0.1423555165529251,0.003251179587095976,385.35239467620846,185.66199929840639,199.69039537780208,1.0755587903416275,25.761527777783687,18.11217405484058
vw14a,2,30,WITHOUT_MAP,9.5,95,19.802534103393555,22.772914218902585,12.876003378667537,9.896910840235048,9.896910840235048,0.768632202802297,10.188404083251953,11.716664695739745,1,0.016258282586932182,0.796040415763855,0.003505190834403038,0.18097038567066193,0.0032257779967039824,408.12530889511106,198.53800267707393,209.58730621803713,1.0556533428964485,25.829027777777586,17.477031612303108
vw14a,2,30,WITHOUT_MAP,10.0,100,18.092649459838867,20.806546878814697,12.893609640116996,7.912937238697701,7.912937238697701,0.6137100051546077,10.000633239746094,11.500728225708007,1,0.021364977583289146,0.7590711712837219,0.004096326883882284,0.2120560258626938,0.0034113682340830564,428.93185577392575,211.43161231719094,217.5002434567348,1.0287025723023844,25.81999999999707,16.784487874247134
vw14a,2,30,WITHOUT_MAP,10.5,105,17.896345138549805,20.580796909332275,12.92774688692625,7.653050022406024,7.653050022406024,0.5919863754561521,9.997133255004883,11.496703243255615,1,0.02191346511244774,0.7573450803756714,0.004078998230397701,0.21328534185886383,0.003377135144546628,449.512652683258,224.3593592041172,225.1532934791408,1.003538672413043,25.87361111111629,16.936589767225087
vw14a,2,30,WITHOUT_MAP,11.0,110,16.594932556152344,19.084172439575195,12.948851688286496,6.135320751288699,6.135320751288699,0.47381195637901213,9.823906898498535,11.297492933273315,1,0.026469996199011803,0.7348823547363281,0.004461569245904684,0.23077651858329773,0.0034095915034413338,468.5968251228332,237.30821089240368,231.28861423042952,0.9746338458356021,25.929027777771907,16.235943678067997
vw14a,2,30,WITHOUT_MAP,11.5,115,16.757394790649414,19.271004009246823,13.017201559501265,6.253802449745558,6.253802449745558,0.4804260286790215,9.891997337341309,11.375796937942503,1,0.02587229013442993,0.7386869192123413,0.004329355899244547,0.22777920961380005,0.003332216525450349,487.86782913208003,250.32541245190495,237.54241668017508,0.9489344863291262,26.09944444444548,15.64765290194191
vw14a,2,30,WITHOUT_MAP,12.0,120,16.854198455810547,19.382328224182128,13.08718936806343,6.295138856118697,6.295138856118697,0.481015340962413,9.860173225402832,11.339199209213255,1,0.025457056239247322,0.7389878630638123,0.004360389895737171,0.2277992218732834,0.0033955383114516735,507.25015735626215,263.41260181996836,243.8375555362938,0.925686750943475,26.222916666664606,15.948176298523322
vw14a,2,30,WITHOUT_MAP,12.5,125,17.26313591003418,19.852606296539307,13.14739398633129,6.705212310208017,6.705212310208017,0.5100031471772355,9.92162799835205,11.409872198104857,1,0.023969214409589767,0.7455713748931885,0.004222565796226263,0.22290919721126556,0.003327550832182169,527.1027636528015,276.55999580629964,250.54276784650187,0.9059255555600311,26.368472222220127,15.826666356762871
vw14a,2,30,WITHOUT_MAP,13.0,130,16.358644485473633,18.812441158294675,13.211046275869673,5.6013948824250015,5.6013948824250015,0.42399328300409467,9.787426948547363,11.255540990829466,1,0.027617700397968292,0.7299401760101318,0.004534116946160793,0.23451970517635345,0.003388291457667947,545.9152048110961,289.7710420821693,256.14416272892686,0.8839536238279221,26.47694444444332,15.803426376311108
vw14a,2,30,WITHOUT_MAP,13.5,135,16.61504554748535,19.107302379608154,13.252516696821624,5.854785682786529,5.854785682786529,0.44178670487475735,9.831701278686523,11.3064564704895,1,0.026228060945868492,0.7373207211494446,0.004416519310325384,0.22868549823760986,0.003349187085404992,565.0225071907043,303.0235587789909,261.99894841171346,0.8646157726726502,26.613472222220203,14.799411362269893
vw14a,2,30,WITHOUT_MAP,14.0,140,16.612165451049805,19.103990268707275,13.318562584626964,5.785427684080311,5.785427684080311,0.43438829433126497,9.82592487335205,11.299813604354858,1,0.026196500286459923,0.7362189292907715,0.004473468288779259,0.22968657314777374,0.0034245846327394247,584.1264974594117,316.3421213636179,267.7843760957938,0.846502435216303,26.679583333328114,14.868269529892132
vw14a,2,30,WITHOUT_MAP,14.5,145,17.31656265258789,19.91404705047607,13.40304770450732,6.5109993459687505,6.5109993459687505,0.4857849863340531,9.91215705871582,11.398980617523193,1,0.02399018034338951,0.7482523322105408,0.004271133337169886,0.2200697362422943,0.003416740335524082,604.0405445098877,329.7451690681252,274.2953754417625,0.8318404670398466,26.796944444444982,14.45740525831934
vw14a,2,30,WITHOUT_MAP,15.0,150,20.443466186523438,23.509986114501952,13.447222624266697,10.062763490235255,10.062763490235255,0.748315378677238,10.12977409362793,11.649240207672118,1,0.015652110800147057,0.805112361907959,0.0035637742839753628,0.17225752770900726,0.003414171515032649,627.5505306243897,343.19239169239194,284.35813893199776,0.8285677241553533,26.98097222222428,14.138469750410877
vw14a,2,30,WITHOUT_MAP,15.5,155,18.20646095275879,20.937430095672607,13.521995825315406,7.415434270357201,7.415434270357201,0.5483979115327254,9.893160820007324,11.377134943008421,1,0.021836869418621063,0.7713993191719055,0.004125786945223808,0.19917593896389008,0.0034620247315615416,648.4879607200623,356.71438751770734,291.773573202355,0.8179473085813544,27.12458333333244,13.920856241951697
vw14a,2,30,WITHOUT_MAP,16.0,160,21.930248260498047,25.21978549957275,13.585940725683916,11.633844773888836,11.633844773888836,0.8563149956848637,10.221981048583984,11.755278205871582,1,0.012354433536529541,0.8389313817024231,0.0031310301274061203,0.14227795600891113,0.0033052104990929365,673.707746219635,370.3003282433913,303.4074179762438,0.81935497982281,27.23902777777559,13.42418024071958
vw14a,2,30,WITHOUT_MAP,16.5,165,19.915462493896484,22.902781867980956,13.66973547626735,9.233046391713605,9.233046391713605,0.6754370929666867,10.033585548400879,11.53862338066101,1,0.01650651916861534,0.8114073276519775,0.0035776288714259863,0.16514907777309418,0.0033594067208468914,696.610528087616,383.97006371965864,312.64046436795735,0.8142313526718585,27.428472222222194,13.504921603365801
vw14a,2,30,WITHOUT_MAP,17.0,170,18.877891540527344,21.709575271606443,13.75822786842347,7.951347403182973,7.951347403182973,0.5779339809767305,10.005717277526855,11.506574869155882,1,0.019317489117383957,0.7858016490936279,0.003848535707220435,0.18768316507339478,0.0033490671776235104,718.3201033592225,397.72829158808213,320.5918117711403,0.8060573475702597,27.612499999999496,12.827575466479175
vw14a,2,30,WITHOUT_MAP,17.5,175,17.73245620727539,20.3923246383667,13.802588496238698,6.589736142128,6.589736142128,0.4774275596149048,9.981412887573242,11.478624820709229,1,0.022574277594685555,0.7601997256278992,0.004047451540827751,0.20989622175693512,0.0032823029905557632,738.7124279975892,411.5308800843208,327.1815479132684,0.7950352300323863,27.6470833333334,12.329575623152778
vw14a,2,30,WITHOUT_MAP,18.0,180,17.9894962310791,20.687920665740965,13.841830386930743,6.846090278810221,6.846090278810221,0.4945942904541152,9.904052734375,11.389660644531249,1,0.02244396321475506,0.7621837854385376,0.004222077317535877,0.2076972872018814,0.0034528099931776524,759.4003486633302,425.37271047125154,334.02763819207865,0.7852587389116341,27.711527777776205,11.896933789597824
vw14a,2,30,WITHOUT_MAP,18.5,185,20.877033233642578,24.008588218688963,13.88108119907586,10.127507019613104,10.127507019613104,0.7295906474696905,10.123315811157227,11.64181318283081,1,0.014649110846221447,0.8137118816375732,0.0034616340417414904,0.1647697538137436,0.0034075959119945765,783.4089368820191,439.2537916703274,344.1551452116917,0.7834995434028946,27.86305555555677,11.494007698609494
vw14a,2,30,WITHOUT_MAP,19.0,190,21.99142837524414,25.29014263153076,13.939825248102997,11.350317383427763,11.350317383427763,0.8142367053684818,10.262051582336426,11.801359319686888,1,0.012318073771893978,0.8358630537986755,0.0030864528380334377,0.14550018310546875,0.003232189454138279,808.6990795135499,453.1936169184304,355.5054625951195,0.7844449906696422,27.9895833333331,11.133167891879566
vw14a,2,30,WITHOUT_MAP,19.5,195,20.61944580078125,23.712362670898436,14.011585447891619,9.700777223006817,9.700777223006817,0.692339725513827,10.205398559570312,11.736208343505858,1,0.014677977189421654,0.8166525959968567,0.0033000686671584845,0.1621842086315155,0.003185176057741046,832.4114421844483,467.205202366322,365.20623981812633,0.7816827337718272,28.125000000003617,10.95762243878562
vw14a,2,30,WITHOUT_MAP,20.0,200,23.77367401123047,27.339725112915037,14.074767264064317,13.26495784885072,13.26495784885072,0.942463743803338,10.293105125427246,11.837070894241332,1,0.00986976083368063,0.8643768429756165,0.0028203853871673346,0.11972761154174805,0.003205372951924801,859.7511672973634,481.2799696303863,378.4711976669771,0.7863846857321647,28.193472222223118,10.534990948042832
vw14a,2,30,WITHOUT_MAP,20.5,205,19.570796966552734,22.506416511535644,14.152768620957735,8.353647890577909,8.353647890577909,0.5902483192021977,9.990287780761719,11.488830947875975,1,0.01825598254799843,0.7945188879966736,0.0038530242163687944,0.17992745339870453,0.0034446443896740675,882.2575838088991,495.432738251344,386.8248455575551,0.7807817604522337,28.31388888888789,10.256836022948846
vw14a,2,30,WITHOUT_MAP,21.0,210,22.212810516357422,25.54473209381103,14.131831297860806,11.412900795950225,11.412900795950225,0.8076023945798053,10.287126541137695,11.83019552230835,1,0.011736256070435047,0.8418787121772766,0.0029832846485078335,0.14021766185760498,0.003184109926223755,907.8023159027101,509.5645695492048,398.2377463535053,0.78152558115611,28.332500000001495,10.030161632574163
vw14a,2,30,WITHOUT_MAP,21.5,215,18.93213653564453,21.77195701599121,14.266799989018548,7.505157026972661,7.505157026972661,0.5260574924124216,10.033191680908203,11.538170433044433,1,0.01875345967710018,0.7875967025756836,0.0038135843351483345,0.18650232255458832,0.003333986271172762,929.5742729187014,523.8313695382234,405.74290338047797,0.7745677845489767,28.275000000012305,10.015457448433153
vw14a,2,30,WITHOUT_MAP,22.0,220,18.50591468811035,21.281801891326904,14.190066731876854,7.0917351594500495,7.0917351594500495,0.4997675693461703,10.010841369628906,11.512467575073241,1,0.020036235451698303,0.7751251459121704,0.003975036088377237,0.1974644809961319,0.003399235662072897,950.8560748100283,538.0214362701003,412.83463853992805,0.767320055873526,28.468472222229178,9.571293905493803
vw14a,2,30,WITHOUT_MAP,22.5,225,19.37348175048828,22.279504013061523,14.22739953436664,8.052104478694883,8.052104478694883,0.5659575707594928,10.084371566772461,11.597027301788328,1,0.01758788526058197,0.793429970741272,0.0037564928643405437,0.18184424936771393,0.0033814350608736277,973.1355788230899,552.2488358044669,420.88674301862295,0.7621324224351014,28.523055555555096,9.391784547944553
vw14a,2,30,WITHOUT_MAP,23.0,230,19.487537384033203,22.41066799163818,14.225484901625368,8.185183090012814,8.185183090012814,0.5753886877400991,10.128715515136719,11.648022842407226,1,0.0170717965811491,0.7965407371520996,0.0036111855879426003,0.1795419156551361,0.0032344351056963205,995.5462468147281,566.4743207060923,429.0719261086358,0.7574428538504822,28.47388888888756,9.28149312979076
vw14a,2,30,WITHOUT_MAP,23.5,235,18.125173568725586,20.84394960403442,14.204614549563841,6.63933505447058,6.63933505447058,0.4674069142322798,9.920951843261719,11.409094619750975,1,0.021141933277249336,0.775704562664032,0.004010820761322975,0.19582073390483856,0.003321827854961157,1016.3901964187625,580.6789352556561,435.7112611631063,0.7503479715021438,28.447499999996307,9.656290491693653
vw14a,2,30,WITHOUT_MAP,24.0,240,16.153396606445312,18.576406097412107,14.226743410026085,4.349662687386022,4.349662687386022,0.30573846466652815,9.699399948120117,11.154309940338134,1,0.02808666229248047,0.7401580810546875,0.004571206402033567,0.22378775477409363,0.00339631293900311,1034.9666025161746,594.9056786656822,440.0609238504924,0.7397154534438264,28.481527777780542,8.78386810736265
vw14a,2,30,WITHOUT_MAP,24.5,245,16.303356170654297,18.74885959625244,14.218709177905271,4.530150418347169,4.530150418347169,0.31860490018226534,9.655031204223633,11.103285884857177,1,0.028168974444270134,0.7361689209938049,0.004744010977447033,0.22732798755168915,0.003590100444853306,1053.715462112427,609.1243878435874,444.59107426883963,0.7298855260791215,28.445555555555263,8.591082147555426
vw14a,2,30,WITHOUT_MAP,25.0,250,18.31528663635254,21.06257963180542,14.136508710370082,6.926070921435338,6.926070921435338,0.48994211112073227,9.772573471069336,11.238459491729735,1,0.0218486525118351,0.7702611684799194,0.004410579334944487,0.19971002638339996,0.0037694594357162714,1074.7780417442325,623.2608965539575,451.51714519027496,0.7244432430892699,28.21805555555609,8.585533273522742
vw14a,2,30,WITHOUT_MAP,25.5,255,23.291446685791016,26.785163688659665,14.012721826330427,12.772441862329238,12.772441862329238,0.9114890041083484,10.305458068847656,11.851276779174803,1,0.010427509434521198,0.8524767160415649,0.002878605853766203,0.13101258873939514,0.003204620210453868,1101.5632054328921,637.273618380288,464.28958705260413,0.7285561078656531,27.949027777777914,8.469429678865708
vw14a,2,30,WITHOUT_MAP,26.0,260,22.986736297607422,26.43474674224853,13.873002753549061,12.56174398869947,12.56174398869947,0.9054812582291071,10.2315673828125,11.766302490234374,1,0.011170074343681335,0.8474582433700562,0.003056939225643873,0.1349574327468872,0.0033572979737073183,1127.9979521751407,651.146621133837,476.85133104130364,0.7323255862265948,27.70555555555552,8.476928003365174
vw14a,2,30,WITHOUT_MAP,26.5,265,27.624309539794922,31.76795597076416,13.758327353470502,18.009628617293657,18.009628617293657,1.3089984090799218,10.184261322021484,11.711900520324706,1,0.0073925284668803215,0.9025198817253113,0.002622509142383933,0.08426903933286667,0.0031961225904524326,1159.7659081459049,664.9049484873075,494.8609596585974,0.7442581992876293,27.46152777777888,8.403280052822083
vw14a,2,30,WITHOUT_MAP,27.0,270,28.310827255249023,32.55745134353637,13.643983840762107,18.913467502774264,18.913467502774264,1.38621298027848,10.212735176086426,11.74464545249939,1,0.0067335800267755985,0.9127475023269653,0.0024516424164175987,0.07500124722719193,0.003066027769818902,1192.3233594894411,678.5489323280696,513.7744271613716,0.7571663629307258,27.278055555553692,8.235991963068955
vw14a,2,30,WITHOUT_MAP,27.5,275,28.050052642822266,32.2575605392456,13.604517899630263,18.65304263961534,18.65304263961534,1.3710917782777354,10.207107543945312,11.738173675537109,1,0.007024200167506933,0.9106919765472412,0.002480786293745041,0.07671263813972473,0.0030903283040970564,1224.5809200286867,692.1534502276999,532.4274698009868,0.7692332814722408,27.220972222222827,7.885570711223409
vw14a,2,30,WITHOUT_MAP,28.0,280,27.428966522216797,31.543311500549315,13.587858126842063,17.95545337370725,17.95545337370725,1.3214336804295332,10.213884353637695,11.74596700668335,1,0.007419570814818144,0.9044989347457886,0.002569301286712289,0.08236264437437057,0.0031495685689151287,1256.124231529236,705.741308354542,550.3829231746942,0.7798649684513002,27.270416666662907,7.8606114643625915
vw14a,2,30,WITHOUT_MAP,28.5,285,24.66445541381836,28.364123725891112,13.666393684332272,14.69773004155884,14.69773004155884,1.0754651432593323,10.291215896606445,11.834898281097411,1,0.00914060976356268,0.8815999031066895,0.0026222048327326775,0.10357236117124557,0.0030648333486169577,1284.4883552551273,719.4077020388743,565.080653216253,0.7854804050815097,27.422916666665273,7.771213179337792
vw14a,2,30,WITHOUT_MAP,29.0,290,23.932781219482422,27.52269840240478,13.768685120529957,13.754013281874824,13.754013281874824,0.998934405244459,10.23689079284668,11.772424411773681,1,0.010091930627822876,0.8696566224098206,0.0028274247888475657,0.11417395621538162,0.00324999145232141,1312.011053657532,733.1763871594043,578.8346664981278,0.7894889642323955,27.6330555555531,7.6430861508706585
vw14a,2,30,WITHOUT_MAP,29.5,295,20.389846801757812,23.448323822021482,13.843795029130856,9.604528792890626,9.604528792890626,0.693778604254127,10.157976150512695,11.681672573089598,1,0.015351749956607819,0.8118152618408203,0.0034560617059469223,0.1660754233598709,0.003301548073068261,1335.4593774795535,747.0201821885352,588.4391952910183,0.7877152576615478,27.715000000000074,7.564205077011138
vw14a,2,30,WITH_MAP,2.0,20,23.7330265045166,27.29298048019409,11.743720936724019,15.54925954347007,15.54925954347007,1.3240487940109065,10.328697204589844,11.87800178527832,1,0.01012074388563633,0.8609966039657593,0.002757556037977338,0.12303540855646133,0.0030896905809640884,27.29298048019409,11.743720936724019,15.54925954347007,1.3240487940109065,23.615000000004006,21.062000652076676
vw14a,2,30,WITH_MAP,2.5,25,23.867712020874023,27.447868824005123,11.887040105169486,15.560828718835637,15.560828718835637,1.3090583173912635,10.37070083618164,11.926305961608886,1,0.009564586915075779,0.8642273545265198,0.002657888922840357,0.12052389234304428,0.003026342950761318,54.740849304199216,23.630761041893507,31.11008826230571,1.3165080975239252,23.899444444446083,21.04401353932917
vw14a,2,30,WITH_MAP,3.0,30,23.434616088867188,26.949808502197264,12.011471541175359,14.938336961021905,14.938336961021905,1.2436725100511825,10.301257133483887,11.846445703506468,1,0.010173524729907513,0.8579027056694031,0.0028196137864142656,0.12591536343097687,0.0031888175290077925,81.69065780639647,35.64223258306887,46.048425223327605,1.2919624245200059,24.12458333333277,21.019382146652788
vw14a,2,30,WITH_MAP,3.5,35,22.710500717163086,26.117075824737547,12.113691774857637,14.00338404987991,14.00338404987991,1.1559963973117091,10.311657905578613,11.858406591415404,1,0.010878308676183224,0.8436817526817322,0.002943546511232853,0.13925473392009735,0.003241701517254114,107.80773363113403,47.7559243579265,60.051809273207525,1.2574734984318265,24.273472222219244,20.945422569056973
vw14a,2,30,WITH_MAP,4.0,40,21.504562377929688,24.73024673461914,12.16197088990652,12.56827584471262,12.56827584471262,1.0334078216831863,10.269247055053711,11.809634113311766,1,0.01297572162002325,0.8216679692268372,0.003218741388991475,0.15884818136692047,0.003289351239800453,132.53798036575316,59.91789524783302,72.62008511792013,1.2119932587342759,24.370972222222957,20.52383790607564
vw14a,2,30,WITH_MAP,4.5,45,22.64908218383789,26.046444511413572,12.204186110249129,13.842258401164443,13.842258401164443,1.134222165748493,10.302271842956543,11.847612619400023,1,0.011295801028609276,0.8427053093910217,0.003016547067090869,0.13971568644046783,0.0032665804028511047,158.58442487716673,72.12208135808216,86.46234351908457,1.1988331713529425,24.495972222224424,19.654907474759966
vw14a,2,30,WITH_MAP,5.0,50,23.168701171875,26.644006347656248,12.246211353930214,14.397794993726034,14.397794993726034,1.1756938188973283,10.329192161560059,11.878570985794067,1,0.010674143210053444,0.8522051572799683,0.0028709566686302423,0.13108237087726593,0.003167417598888278,185.22843122482297,84.36829271201236,100.86013851281061,1.19547445219844,24.57555555555593,19.743597636697814
vw14a,2,30,WITH_MAP,5.5,55,24.030540466308594,27.635121536254882,12.333696516119412,15.30142502013547,15.30142502013547,1.2406195498760175,10.347870826721191,11.90005145072937,1,0.009327676147222519,0.8712802529335022,0.002655424177646637,0.11369070410728455,0.0030459470581263304,212.86355276107784,96.70198922813178,116.16156353294606,1.2012324095930103,24.77249999999757,18.937731347745284
vw14a,2,30,WITH_MAP,6.0,60,22.474567413330078,25.845752525329587,12.440194428242773,13.405558097086814,13.405558097086814,1.077600368258907,10.271562576293945,11.812296962738037,1,0.011338654905557632,0.8472946882247925,0.00296855834312737,0.1351868361234665,0.003211232600733638,238.7093052864074,109.14218365637456,129.56712163003286,1.1871406388382753,25.00694444444231,18.980959004955366
vw14a,2,30,WITH_MAP,6.5,65,20.75737953186035,23.8709864616394,12.561497099408884,11.309489362230517,11.309489362230517,0.9003297355983719,10.201873779296875,11.732154846191404,1,0.014440738596022129,0.8184138536453247,0.00334894098341465,0.16055019199848175,0.003246267093345523,262.5802917480468,121.70368075578344,140.87661099226338,1.1575378009721273,25.242500000002767,18.806835616240278
vw14a,2,30,WITH_MAP,7.0,70,19.943984985351562,22.935582733154295,12.675100330309121,10.260482402845174,10.260482402845174,0.8094991073411835,10.174249649047852,11.700387096405029,1,0.01631954498589039,0.7984274625778198,0.0035715866833925247,0.17837367951869965,0.0033077378757297993,285.51587448120114,134.37878108609254,151.1370933951086,1.1247095127189723,25.469027777774915,19.075848878128454
vw14a,2,30,WITH_MAP,7.5,75,21.350269317626953,24.552809715270993,12.767082149663668,11.785727565607324,11.785727565607324,0.9231339962763382,10.253495216369629,11.791519498825073,1,0.013624272309243679,0.8223563432693481,0.0032717466820031404,0.15749984979629517,0.0032478126231580973,310.06868419647213,147.14586323575622,162.9228209607159,1.107219852315399,25.62958333333878,18.566927898675203
vw14a,2,30,WITH_MAP,8.0,80,22.083206176757812,25.39568710327148,12.823508385602512,12.572178717668969,12.572178717668969,0.9804008653189075,10.242528915405273,11.778908252716063,1,0.012380635365843773,0.835394561290741,0.003141173394396901,0.1457919478416443,0.003291599452495575,335.4643712997436,159.96937162135873,175.4949996783849,1.0970537541009706,25.688472222221325,18.751269662054256
vw14a,2,30,WITH_MAP,8.5,85,21.342960357666016,24.544404411315917,12.848413654498277,11.69599075681764,11.69599075681764,0.910306211438237,10.23995590209961,11.77594928741455,1,0.01342960074543953,0.8258695602416992,0.0031789906788617373,0.15433958172798157,0.003182237735018134,360.0087757110595,172.817785275857,187.1909904352025,1.0831697104346207,25.688611111107605,18.590963723836467
vw14a,2,30,WITH_MAP,9.0,90,22.03792953491211,25.343618965148924,12.84421402254939,12.499404942599533,12.499404942599533,0.9731545208336992,10.249783515930176,11.787251043319701,1,0.012095066718757153,0.8392378687858582,0.003060349728912115,0.1423555165529251,0.003251179587095976,385.35239467620846,185.66199929840639,199.69039537780208,1.0755587903416275,25.761527777783687,18.11177625367418
vw14a,2,30,WITH_MAP,9.5,95,19.802534103393555,22.772914218902585,12.876003378667537,9.896910840235048,9.896910840235048,0.768632202802297,10.188404083251953,11.716664695739745,1,0.016258282586932182,0.796040415763855,0.003505190834403038,0.18097038567066193,0.0032257779967039824,408.12530889511106,198.53800267707393,209.58730621803713,1.0556533428964485,25.829027777777586,17.476594268577173
vw14a,2,30,WITH_MAP,10.0,100,18.092649459838867,20.806546878814697,12.893609640116996,7.912937238697701,7.912937238697701,0.6137100051546077,10.000633239746094,11.500728225708007,1,0.021364977583289146,0.7590711712837219,0.004096326883882284,0.2120560258626938,0.0034113682340830564,428.93185577392575,211.43161231719094,217.5002434567348,1.0287025723023844,25.81999999999707,16.78405534126796
vw14a,2,30,WITH_MAP,10.5,105,17.896345138549805,20.580796909332275,12.92774688692625,7.653050022406024,7.653050022406024,0.5919863754561521,9.997133255004883,11.496703243255615,1,0.02191346511244774,0.7573450803756714,0.004078998230397701,0.21328534185886383,0.003377135144546628,449.512652683258,224.3593592041172,225.1532934791408,1.003538672413043,25.87361111111629,16.93597969529219
vw14a,2,30,WITH_MAP,11.0,110,16.594932556152344,19.084172439575195,12.948851688286496,6.135320751288699,6.135320751288699,0.47381195637901213,9.823906898498535,11.297492933273315,1,0.026469996199011803,0.7348823547363281,0.004461569245904684,0.23077651858329773,0.0034095915034413338,468.5968251228332,237.30821089240368,231.28861423042952,0.9746338458356021,25.929027777771907,16.235380626050755
vw14a,2,30,WITH_MAP,11.5,115,16.757394790649414,19.271004009246823,13.017201559501265,6.253802449745558,6.253802449745558,0.4804260286790215,9.891997337341309,11.375796937942503,1,0.02587229013442993,0.7386869192123413,0.004329355899244547,0.22777920961380005,0.003332216525450349,487.86782913208003,250.32541245190495,237.54241668017508,0.9489344863291262,26.09944444444548,15.647359790746123
vw14a,2,30,WITH_MAP,12.0,120,16.854198455810547,19.382328224182128,13.08718936806343,6.295138856118697,6.295138856118697,0.481015340962413,9.860173225402832,11.339199209213255,1,0.025457056239247322,0.7389878630638123,0.004360389895737171,0.2277992218732834,0.0033955383114516735,507.25015735626215,263.41260181996836,243.8375555362938,0.925686750943475,26.222916666664606,15.947739944327623
vw14a,2,30,WITH_MAP,12.5,125,17.26313591003418,19.852606296539307,13.14739398633129,6.705212310208017,6.705212310208017,0.5100031471772355,9.92162799835205,11.409872198104857,1,0.023969214409589767,0.7455713748931885,0.004222565796226263,0.22290919721126556,0.003327550832182169,527.1027636528015,276.55999580629964,250.54276784650187,0.9059255555600311,26.368472222220127,15.825894211651757
vw14a,2,30,WITH_MAP,13.0,130,16.358644485473633,18.812441158294675,13.211046275869673,5.6013948824250015,5.6013948824250015,0.42399328300409467,9.787426948547363,11.255540990829466,1,0.027617700397968292,0.7299401760101318,0.004534116946160793,0.23451970517635345,0.003388291457667947,545.9152048110961,289.7710420821693,256.14416272892686,0.8839536238279221,26.47694444444332,15.802676358493045
vw14a,2,30,WITH_MAP,13.5,135,16.61504554748535,19.107302379608154,13.252516696821624,5.854785682786529,5.854785682786529,0.44178670487475735,9.831701278686523,11.3064564704895,1,0.026228060945868492,0.7373207211494446,0.004416519310325384,0.22868549823760986,0.003349187085404992,565.0225071907043,303.0235587789909,261.99894841171346,0.8646157726726502,26.613472222220203,14.799043407430872
vw14a,2,30,WITH_MAP,14.0,140,16.612165451049805,19.103990268707275,13.318562584626964,5.785427684080311,5.785427684080311,0.43438829433126497,9.82592487335205,11.299813604354858,1,0.026196500286459923,0.7362189292907715,0.004473468288779259,0.22968657314777374,0.0034245846327394247,584.1264974594117,316.3421213636179,267.7843760957938,0.846502435216303,26.679583333328114,14.868530025240034
vw14a,2,30,WITH_MAP,14.5,145,17.31656265258789,19.91404705047607,13.40304770450732,6.5109993459687505,6.5109993459687505,0.4857849863340531,9.91215705871582,11.398980617523193,1,0.02399018034338951,0.7482523322105408,0.004271133337169886,0.2200697362422943,0.003416740335524082,604.0405445098877,329.7451690681252,274.2953754417625,0.8318404670398466,26.796944444444982,14.457734395284206
vw14a,2,30,WITH_MAP,15.0,150,20.443466186523438,23.509986114501952,13.447222624266697,10.062763490235255,10.062763490235255,0.748315378677238,10.12977409362793,11.649240207672118,1,0.015652110800147057,0.805112361907959,0.0035637742839753628,0.17225752770900726,0.003414171515032649,627.5505306243897,343.19239169239194,284.35813893199776,0.8285677241553533,26.98097222222428,14.138491025660187
vw14a,2,30,WITH_MAP,15.5,155,18.20646095275879,20.937430095672607,13.521995825315406,7.415434270357201,7.415434270357201,0.5483979115327254,9.893160820007324,11.377134943008421,1,0.021836869418621063,0.7713993191719055,0.004125786945223808,0.19917593896389008,0.0034620247315615416,648.4879607200623,356.71438751770734,291.773573202355,0.8179473085813544,27.12458333333244,13.921124674146995
vw14a,2,30,WITH_MAP,16.0,160,21.930248260498047,25.21978549957275,13.585940725683916,11.633844773888836,11.633844773888836,0.8563149956848637,10.221981048583984,11.755278205871582,1,0.012354433536529541,0.8389313817024231,0.0031310301274061203,0.14227795600891113,0.0033052104990929365,673.707746219635,370.3003282433913,303.4074179762438,0.81935497982281,27.23902777777559,13.42512491485104
vw14a,2,30,WITH_MAP,16.5,165,19.915462493896484,22.902781867980956,13.66973547626735,9.233046391713605,9.233046391713605,0.6754370929666867,10.033585548400879,11.53862338066101,1,0.01650651916861534,0.8114073276519775,0.0035776288714259863,0.16514907777309418,0.0033594067208468914,696.610528087616,383.97006371965864,312.64046436795735,0.8142313526718585,27.428472222222194,13.505820321384817
vw14a,2,30,WITH_MAP,17.0,170,18.877891540527344,21.709575271606443,13.75822786842347,7.951347403182973,7.951347403182973,0.5779339809767305,10.005717277526855,11.506574869155882,1,0.019317489117383957,0.7858016490936279,0.003848535707220435,0.18768316507339478,0.0033490671776235104,718.3201033592225,397.72829158808213,320.5918117711403,0.8060573475702597,27.612499999999496,12.82836903363932
vw14a,2,30,WITH_MAP,17.5,175,17.73245620727539,20.3923246383667,13.802588496238698,6.589736142128,6.589736142128,0.4774275596149048,9.981412887573242,11.478624820709229,1,0.022574277594685555,0.7601997256278992,0.004047451540827751,0.20989622175693512,0.0032823029905557632,738.7124279975892,411.5308800843208,327.1815479132684,0.7950352300323863,27.6470833333334,12.330622358364053
vw14a,2,30,WITH_MAP,18.0,180,17.9894962310791,20.687920665740965,13.841830386930743,6.846090278810221,6.846090278810221,0.4945942904541152,9.904052734375,11.389660644531249,1,0.02244396321475506,0.7621837854385376,0.004222077317535877,0.2076972872018814,0.0034528099931776524,759.4003486633302,425.37271047125154,334.02763819207865,0.7852587389116341,27.711527777776205,11.898402134655043
vw14a,2,30,WITH_MAP,18.5,185,20.877033233642578,24.008588218688963,13.88108119907586,10.127507019613104,10.127507019613104,0.7295906474696905,10.123315811157227,11.64181318283081,1,0.014649110846221447,0.8137118816375732,0.0034616340417414904,0.1647697538137436,0.0034075959119945765,783.4089368820191,439.2537916703274,344.1551452116917,0.7834995434028946,27.86305555555677,11.49608398473356
vw14a,2,30,WITH_MAP,19.0,190,21.99142837524414,25.29014263153076,13.939825248102997,11.350317383427763,11.350317383427763,0.8142367053684818,10.262051582336426,11.801359319686888,1,0.012318073771893978,0.8358630537986755,0.0030864528380334377,0.14550018310546875,0.003232189454138279,808.6990795135499,453.1936169184304,355.5054625951195,0.7844449906696422,27.9895833333331,11.136499119107611
vw14a,2,30,WITH_MAP,19.5,195,20.61944580078125,23.712362670898436,14.011585447891619,9.700777223006817,9.700777223006817,0.692339725513827,10.205398559570312,11.736208343505858,1,0.014677977189421654,0.8166525959968567,0.0033000686671584845,0.1621842086315155,0.003185176057741046,832.4114421844483,467.205202366322,365.20623981812633,0.7816827337718272,28.125000000003617,10.961480834987015
vw14a,2,30,WITH_MAP,20.0,200,23.77367401123047,27.339725112915037,14.074767264064317,13.26495784885072,13.26495784885072,0.942463743803338,10.293105125427246,11.837070894241332,1,0.00986976083368063,0.8643768429756165,0.0028203853871673346,0.11972761154174805,0.003205372951924801,859.7511672973634,481.2799696303863,378.4711976669771,0.7863846857321647,28.193472222223118,10.53872687893454
vw14a,2,30,WITH_MAP,20.5,205,19.570796966552734,22.506416511535644,14.152768620957735,8.353647890577909,8.353647890577909,0.5902483192021977,9.990287780761719,11.488830947875975,1,0.01825598254799843,0.7945188879966736,0.0038530242163687944,0.17992745339870453,0.0034446443896740675,882.2575838088991,495.432738251344,386.8248455575551,0.7807817604522337,28.31388888888789,10.261069512576796
vw14a,2,30,WITH_MAP,21.0,210,22.212810516357422,25.54473209381103,14.131831297860806,11.412900795950225,11.412900795950225,0.8076023945798053,10.287126541137695,11.83019552230835,1,0.011736256070435047,0.8418787121772766,0.0029832846485078335,0.14021766185760498,0.003184109926223755,907.8023159027101,509.5645695492048,398.2377463535053,0.78152558115611,28.332500000001495,10.03533786884509
vw14a,2,30,WITH_MAP,21.5,215,18.93213653564453,21.77195701599121,14.266799989018548,7.505157026972661,7.505157026972661,0.5260574924124216,10.033191680908203,11.538170433044433,1,0.01875345967710018,0.7875967025756836,0.0038135843351483345,0.18650232255458832,0.003333986271172762,929.5742729187014,523.8313695382234,405.74290338047797,0.7745677845489767,28.275000000012305,10.022425964125432
vw14a,2,30,WITH_MAP,22.0,220,18.50591468811035,21.281801891326904,14.190066731876854,7.0917351594500495,7.0917351594500495,0.4997675693461703,10.010841369628906,11.512467575073241,1,0.020036235451698303,0.7751251459121704,0.003975036088377237,0.1974644809961319,0.003399235662072897,950.8560748100283,538.0214362701003,412.83463853992805,0.767320055873526,28.468472222229178,9.578942406107672
vw14a,2,30,WITH_MAP,22.5,225,19.37348175048828,22.279504013061523,14.22739953436664,8.052104478694883,8.052104478694883,0.5659575707594928,10.084371566772461,11.597027301788328,1,0.01758788526058197,0.793429970741272,0.0037564928643405437,0.18184424936771393,0.0033814350608736277,973.1355788230899,552.2488358044669,420.88674301862295,0.7621324224351014,28.523055555555096,9.400084401946515
vw14a,2,30,WITH_MAP,23.0,230,19.487537384033203,22.41066799163818,14.225484901625368,8.185183090012814,8.185183090012814,0.5753886877400991,10.128715515136719,11.648022842407226,1,0.0170717965811491,0.7965407371520996,0.0036111855879426003,0.1795419156551361,0.0032344351056963205,995.5462468147281,566.4743207060923,429.0719261086358,0.7574428538504822,28.47388888888756,9.290421989397146
vw14a,2,30,WITH_MAP,23.5,235,18.125173568725586,20.84394960403442,14.204614549563841,6.63933505447058,6.63933505447058,0.4674069142322798,9.920951843261719,11.409094619750975,1,0.021141933277249336,0.775704562664032,0.004010820761322975,0.19582073390483856,0.003321827854961157,1016.3901964187625,580.6789352556561,435.7112611631063,0.7503479715021438,28.447499999996307,9.665825014235452
vw14a,2,30,WITH_MAP,24.0,240,16.153396606445312,18.576406097412107,14.226743410026085,4.349662687386022,4.349662687386022,0.30573846466652815,9.699399948120117,11.154309940338134,1,0.02808666229248047,0.7401580810546875,0.004571206402033567,0.22378775477409363,0.00339631293900311,1034.9666025161746,594.9056786656822,440.0609238504924,0.7397154534438264,28.481527777780542,8.793968296144158
vw14a,2,30,WITH_MAP,24.5,245,16.303356170654297,18.74885959625244,14.218709177905271,4.530150418347169,4.530150418347169,0.31860490018226534,9.655031204223633,11.103285884857177,1,0.028168974444270134,0.7361689209938049,0.004744010977447033,0.22732798755168915,0.003590100444853306,1053.715462112427,609.1243878435874,444.59107426883963,0.7298855260791215,28.445555555555263,8.601706423563883
vw14a,2,30,WITH_MAP,25.0,250,18.31528663635254,21.06257963180542,14.136508710370082,6.926070921435338,6.926070921435338,0.48994211112073227,9.772573471069336,11.238459491729735,1,0.0218486525118351,0.7702611684799194,0.004410579334944487,0.19971002638339996,0.0037694594357162714,1074.7780417442325,623.2608965539575,451.51714519027496,0.7244432430892699,28.21805555555609,8.5966545707779
vw14a,2,30,WITH_MAP,25.5,255,23.291446685791016,26.785163688659665,14.012721826330427,12.772441862329238,12.772441862329238,0.9114890041083484,10.305458068847656,11.851276779174803,1,0.010427509434521198,0.8524767160415649,0.002878605853766203,0.13101258873939514,0.003204620210453868,1101.5632054328921,637.273618380288,464.28958705260413,0.7285561078656531,27.949027777777914,8.482114949496463
vw14a,2,30,WITH_MAP,26.0,260,22.986736297607422,26.43474674224853,13.873002753549061,12.56174398869947,12.56174398869947,0.9054812582291071,10.2315673828125,11.766302490234374,1,0.011170074343681335,0.8474582433700562,0.003056939225643873,0.1349574327468872,0.0033572979737073183,1127.9979521751407,651.146621133837,476.85133104130364,0.7323255862265948,27.70555555555552,8.504666037275456
vw14a,2,30,WITH_MAP,26.5,265,27.624309539794922,31.76795597076416,13.758327353470502,18.009628617293657,18.009628617293657,1.3089984090799218,10.184261322021484,11.711900520324706,1,0.0073925284668803215,0.9025198817253113,0.002622509142383933,0.08426903933286667,0.0031961225904524326,1159.7659081459049,664.9049484873075,494.8609596585974,0.7442581992876293,27.46152777777888,8.464170039631426
vw14a,2,30,WITH_MAP,27.0,270,28.310827255249023,32.55745134353637,13.643983840762107,18.913467502774264,18.913467502774264,1.38621298027848,10.212735176086426,11.74464545249939,1,0.0067335800267755985,0.9127475023269653,0.0024516424164175987,0.07500124722719193,0.003066027769818902,1192.3233594894411,678.5489323280696,513.7744271613716,0.7571663629307258,27.278055555553692,8.395233284682035
vw14a,2,30,WITH_MAP,27.5,275,28.050052642822266,32.2575605392456,13.604517899630263,18.65304263961534,18.65304263961534,1.3710917782777354,10.207107543945312,11.738173675537109,1,0.007024200167506933,0.9106919765472412,0.002480786293745041,0.07671263813972473,0.0030903283040970564,1224.5809200286867,692.1534502276999,532.4274698009868,0.7692332814722408,27.220972222222827,8.216727397986688
vw14a,2,30,WITH_MAP,28.0,280,27.428966522216797,31.543311500549315,13.587858126842063,17.95545337370725,17.95545337370725,1.3214336804295332,10.213884353637695,11.74596700668335,1,0.007419570814818144,0.9044989347457886,0.002569301286712289,0.08236264437437057,0.0031495685689151287,1256.124231529236,705.741308354542,550.3829231746942,0.7798649684513002,27.270416666662907,8.457347624702379
vw14a,2,30,WITH_MAP,28.5,285,24.66445541381836,28.364123725891112,13.666393684332272,14.69773004155884,14.69773004155884,1.0754651432593323,10.291215896606445,11.834898281097411,1,0.00914060976356268,0.8815999031066895,0.0026222048327326775,0.10357236117124557,0.0030648333486169577,1284.4883552551273,719.4077020388743,565.080653216253,0.7854804050815097,27.422916666665273,8.720049299998209
vw14a,2,30,WITH_MAP,29.0,290,23.932781219482422,27.52269840240478,13.768685120529957,13.754013281874824,13.754013281874824,0.998934405244459,10.23689079284668,11.772424411773681,1,0.010091930627822876,0.8696566224098206,0.0028274247888475657,0.11417395621538162,0.00324999145232141,1312.011053657532,733.1763871594043,578.8346664981278,0.7894889642323955,27.6330555555531,8.933852577582002
vw14a,2,30,WITH_MAP,29.5,295,20.389846801757812,23.448323822021482,13.843795029130856,9.604528792890626,9.604528792890626,0.693778604254127,10.157976150512695,11.681672573089598,1,0.015351749956607819,0.8118152618408203,0.0034560617059469223,0.1660754233598709,0.003301548073068261,1335.4593774795535,747.0201821885352,588.4391952910183,0.7877152576615478,27.715000000000074,9.254092641174793
vw14a,3,10,WITHOUT_MAP,2.0,20,20.945716857910156,24.08757438659668,11.478791398512312,12.608782988084366,12.608782988084366,1.0984416869635338,10.129904747009277,11.649390459060667,1,0.014654413796961308,0.8182830214500427,0.0034511915873736143,0.1602543592453003,0.0033569391816854477,24.08757438659668,11.478791398512312,12.608782988084366,1.0984416869635338,23.020972222222134,23.63285743421875
vw14a,3,10,WITHOUT_MAP,2.5,25,25.20230484008789,28.98265056610107,11.531264108553968,17.451386457547102,17.451386457547102,1.5133975159411663,10.317401885986328,11.865012168884276,1,0.008687281049787998,0.8824077844619751,0.0026305806823074818,0.10319136828184128,0.0030828381422907114,53.07022495269775,23.01005550706628,30.06016944563147,1.3063927393134769,23.190972222221827,22.963526769774035
vw14a,3,10,WITHOUT_MAP,3.0,30,24.604694366455078,28.295398521423337,11.638228834680433,16.657169686742904,16.657169686742904,1.4312461048288267,10.313810348510742,11.860881900787353,1,0.009294810704886913,0.8737940192222595,0.002716057002544403,0.11107539385557175,0.0031197620555758476,81.3656234741211,34.64828434174672,46.71733913237438,1.3483305167894275,23.436388888887613,22.635495169321075
vw14a,3,10,WITHOUT_MAP,3.5,35,22.001245498657227,25.30143232345581,11.761263241209363,13.540169082246447,13.540169082246447,1.1512512563109816,10.21810245513916,11.750817823410033,1,0.012367268092930317,0.8379436731338501,0.00315518444404006,0.14325948059558868,0.0032744130585342646,106.66705579757691,46.40954758295608,60.25750821462083,1.2983860294460274,23.63749999999946,21.859578578034416
vw14a,3,10,WITHOUT_MAP,4.0,40,22.034587860107422,25.33977603912353,11.852607344906046,13.487168694217486,13.487168694217486,1.137907322983574,10.256693840026855,11.795197916030883,1,0.012010111473500729,0.835504412651062,0.0031346878968179226,0.14605830609798431,0.0032923731487244368,132.00683183670043,58.26215492786213,73.7446769088383,1.2657389174867633,23.828055555554936,21.035583841847256
vw14a,3,10,WITHOUT_MAP,4.5,45,23.134296417236328,26.604440879821777,11.969306414670065,14.635134465151712,14.635134465151712,1.222722015639461,10.341093063354492,11.892257022857665,1,0.010312842205166817,0.8514187335968018,0.002842378569766879,0.13224759697914124,0.003178436541929841,158.6112727165222,70.23146134253219,88.37981137399001,1.2584076948498177,24.08555555555466,20.479846717324108
vw14a,3,10,WITHOUT_MAP,5.0,50,21.51755142211914,24.74518413543701,12.103578347467707,12.641605787969304,12.641605787969304,1.0444519319044325,10.265795707702637,11.805665063858031,1,0.012628600932657719,0.8259976506233215,0.003146145027130842,0.15499265491962433,0.0032349799294024706,183.3564568519592,82.33503968999989,101.0214171619593,1.2269553466217493,24.359027777777513,19.9633396724239
vw14a,3,10,WITHOUT_MAP,5.5,55,21.88495445251465,25.167697620391845,12.222345860021418,12.945351760370427,12.945351760370427,1.059154429814813,10.290628433227539,11.834222698211669,1,0.012068456038832664,0.8298231959342957,0.0030926568433642387,0.15177002549171448,0.003245668252930045,208.52415447235103,94.55738555002131,113.96676892232972,1.2052656517458464,24.591944444444152,19.390590680763125
vw14a,3,10,WITHOUT_MAP,6.0,60,23.364727020263672,26.86943607330322,12.342552715221252,14.526883358081967,14.526883358081967,1.176975597614173,10.292945861816406,11.836887741088866,1,0.010537710972130299,0.8516706228256226,0.002931067952886224,0.13160210847854614,0.0032584755681455135,235.39359054565426,106.89993826524255,128.4936522804117,1.2019993123063397,24.79749999999926,19.31589389895089
vw14a,3,10,WITHOUT_MAP,6.5,65,22.482223510742188,25.854557037353512,12.44345890678136,13.411098130572151,13.411098130572151,1.0777628817710365,10.248309135437012,11.785555505752562,1,0.011696386151015759,0.8430225253105164,0.0030686466488987207,0.13893741369247437,0.0032750528771430254,261.2481475830078,119.34339717202391,141.90475041098387,1.1890456763723558,24.982916666665915,19.02406614087522
vw14a,3,10,WITHOUT_MAP,7.0,70,24.845680236816406,28.572532272338865,12.533104434889378,16.039427837449487,16.039427837449487,1.279764955344925,10.258166313171387,11.796891260147094,1,0.009322458878159523,0.8765302300453186,0.0027689486742019653,0.10818610340356827,0.0031922876369208097,289.82067985534667,131.87650160691328,157.9441782484334,1.1976673351498246,25.194583333332634,18.923996249679476
vw14a,3,10,WITHOUT_MAP,7.5,75,24.74380874633789,28.455380058288572,12.596126273794953,15.85925378449362,15.85925378449362,1.2590580182962514,10.303255081176758,11.84874334335327,1,0.009083140641450882,0.8768209218978882,0.0026767028030008078,0.10830292850732803,0.003116265404969454,318.27605991363527,144.47262788070825,173.80343203292702,1.2030198009303006,25.280555555555345,18.602438358357176
vw14a,3,10,WITHOUT_MAP,8.0,80,23.41794204711914,26.93063335418701,12.624229235850907,14.306404118336102,14.306404118336102,1.133249709828468,10.308965682983398,11.855310535430908,1,0.010298294015228748,0.8567683100700378,0.0028530724812299013,0.12686613202095032,0.003214243333786726,345.2066932678223,157.09685711655916,188.10983615126312,1.1974131093640763,25.320000000000334,18.51674539432861
vw14a,3,10,WITHOUT_MAP,8.5,85,20.75792694091797,23.871615982055662,12.602613391057854,11.269002590997808,11.269002590997808,0.8941798213848006,10.214017868041992,11.74612054824829,1,0.01421186700463295,0.8154560923576355,0.0033433486241847277,0.1637125015258789,0.003276136703789234,369.078309249878,169.699470507617,199.37883874226097,1.174893699702568,25.186388888888835,18.02612244291231
vw14a,3,10,WITHOUT_MAP,9.0,90,22.08197021484375,25.39426574707031,12.499207416965831,12.89505833010448,12.89505833010448,1.0316700811446124,10.284405708312988,11.827066564559935,1,0.0120973726734519,0.8357498645782471,0.003094407496973872,0.14578580856323242,0.003272557631134987,394.4725749969483,182.19867792458285,212.27389707236546,1.1650682622419004,24.944027777776114,17.534331595292315
vw14a,3,10,WITHOUT_MAP,9.5,95,23.44171905517578,26.957976913452146,12.519059505939946,14.4389174075122,14.4389174075122,1.153354802783814,10.245772361755371,11.782638216018675,1,0.010645713657140732,0.8550047278404236,0.0030004242435097694,0.12800461053848267,0.003344474360346794,421.4305519104005,194.7177374305228,226.7128144798777,1.1643151644609215,25.036388888888084,16.74522123928182
vw14a,3,10,WITH_MAP,2.0,20,20.945716857910156,24.08757438659668,11.478791398512312,12.608782988084366,12.608782988084366,1.0984416869635338,10.129904747009277,11.649390459060667,1,0.014654413796961308,0.8182830214500427,0.0034511915873736143,0.1602543592453003,0.0033569391816854477,24.08757438659668,11.478791398512312,12.608782988084366,1.0984416869635338,23.020972222222134,23.63285746308975
vw14a,3,10,WITH_MAP,2.5,25,25.20230484008789,28.98265056610107,11.531264108553968,17.451386457547102,17.451386457547102,1.5133975159411663,10.317401885986328,11.865012168884276,1,0.008687281049787998,0.8824077844619751,0.0026305806823074818,0.10319136828184128,0.0030828381422907114,53.07022495269775,23.01005550706628,30.06016944563147,1.3063927393134769,23.190972222221827,22.96352679654956
vw14a,3,10,WITH_MAP,3.0,30,24.604694366455078,28.295398521423337,11.638228834680433,16.657169686742904,16.657169686742904,1.4312461048288267,10.313810348510742,11.860881900787353,1,0.009294810704886913,0.8737940192222595,0.002716057002544403,0.11107539385557175,0.0031197620555758476,81.3656234741211,34.64828434174672,46.71733913237438,1.3483305167894275,23.436388888887613,22.635494800982997
vw14a,3,10,WITH_MAP,3.5,35,22.001245498657227,25.30143232345581,11.761263241209363,13.540169082246447,13.540169082246447,1.1512512563109816,10.21810245513916,11.750817823410033,1,0.012367268092930317,0.8379436731338501,0.00315518444404006,0.14325948059558868,0.0032744130585342646,106.66705579757691,46.40954758295608,60.25750821462083,1.2983860294460274,23.63749999999946,21.859572081593797
vw14a,3,10,WITH_MAP,4.0,40,22.034587860107422,25.33977603912353,11.852607344906046,13.487168694217486,13.487168694217486,1.137907322983574,10.256693840026855,11.795197916030883,1,0.012010111473500729,0.835504412651062,0.0031346878968179226,0.14605830609798431,0.0032923731487244368,132.00683183670043,58.26215492786213,73.7446769088383,1.2657389174867633,23.828055555554936,21.03557438054122
vw14a,3,10,WITH_MAP,4.5,45,23.134296417236328,26.604440879821777,11.969306414670065,14.635134465151712,14.635134465151712,1.222722015639461,10.341093063354492,11.892257022857665,1,0.010312842205166817,0.8514187335968018,0.002842378569766879,0.13224759697914124,0.003178436541929841,158.6112727165222,70.23146134253219,88.37981137399001,1.2584076948498177,24.08555555555466,20.479876005789265
vw14a,3,10,WITH_MAP,5.0,50,21.51755142211914,24.74518413543701,12.103578347467707,12.641605787969304,12.641605787969304,1.0444519319044325,10.265795707702637,11.805665063858031,1,0.012628600932657719,0.8259976506233215,0.003146145027130842,0.15499265491962433,0.0032349799294024706,183.3564568519592,82.33503968999989,101.0214171619593,1.2269553466217493,24.359027777777513,19.963407441275194
vw14a,3,10,WITH_MAP,5.5,55,21.88495445251465,25.167697620391845,12.222345860021418,12.945351760370427,12.945351760370427,1.059154429814813,10.290628433227539,11.834222698211669,1,0.012068456038832664,0.8298231959342957,0.0030926568433642387,0.15177002549171448,0.003245668252930045,208.52415447235103,94.55738555002131,113.96676892232972,1.2052656517458464,24.591944444444152,19.390890600858256
vw14a,3,10,WITH_MAP,6.0,60,23.364727020263672,26.86943607330322,12.342552715221252,14.526883358081967,14.526883358081967,1.176975597614173,10.292945861816406,11.836887741088866,1,0.010537710972130299,0.8516706228256226,0.002931067952886224,0.13160210847854614,0.0032584755681455135,235.39359054565426,106.89993826524255,128.4936522804117,1.2019993123063397,24.79749999999926,19.316602514125407
vw14a,3,10,WITH_MAP,6.5,65,22.482223510742188,25.854557037353512,12.44345890678136,13.411098130572151,13.411098130572151,1.0777628817710365,10.248309135437012,11.785555505752562,1,0.011696386151015759,0.8430225253105164,0.0030686466488987207,0.13893741369247437,0.0032750528771430254,261.2481475830078,119.34339717202391,141.90475041098387,1.1890456763723558,24.982916666665915,19.025252249324694
vw14a,3,10,WITH_MAP,7.0,70,24.845680236816406,28.572532272338865,12.533104434889378,16.039427837449487,16.039427837449487,1.279764955344925,10.258166313171387,11.796891260147094,1,0.009322458878159523,0.8765302300453186,0.0027689486742019653,0.10818610340356827,0.0031922876369208097,289.82067985534667,131.87650160691328,157.9441782484334,1.1976673351498246,25.194583333332634,18.92600851180032
vw14a,3,10,WITH_MAP,7.5,75,24.74380874633789,28.455380058288572,12.596126273794953,15.85925378449362,15.85925378449362,1.2590580182962514,10.303255081176758,11.84874334335327,1,0.009083140641450882,0.8768209218978882,0.0026767028030008078,0.10830292850732803,0.003116265404969454,318.27605991363527,144.47262788070825,173.80343203292702,1.2030198009303006,25.280555555555345,18.606039762264118
vw14a,3,10,WITH_MAP,8.0,80,23.41794204711914,26.93063335418701,12.624229235850907,14.306404118336102,14.306404118336102,1.133249709828468,10.308965682983398,11.855310535430908,1,0.010298294015228748,0.8567683100700378,0.0028530724812299013,0.12686613202095032,0.003214243333786726,345.2066932678223,157.09685711655916,188.10983615126312,1.1974131093640763,25.320000000000334,18.521754084853455
vw14a,3,10,WITH_MAP,8.5,85,20.75792694091797,23.871615982055662,12.602613391057854,11.269002590997808,11.269002590997808,0.8941798213848006,10.214017868041992,11.74612054824829,1,0.01421186700463295,0.8154560923576355,0.0033433486241847277,0.1637125015258789,0.003276136703789234,369.078309249878,169.699470507617,199.37883874226097,1.174893699702568,25.186388888888835,18.03249480226077
vw14a,3,10,WITH_MAP,9.0,90,22.08197021484375,25.39426574707031,12.499207416965831,12.89505833010448,12.89505833010448,1.0316700811446124,10.284405708312988,11.827066564559935,1,0.0120973726734519,0.8357498645782471,0.003094407496973872,0.14578580856323242,0.003272557631134987,394.4725749969483,182.19867792458285,212.27389707236546,1.1650682622419004,24.944027777776114,17.544493521098047
vw14a,3,10,WITH_MAP,9.5,95,23.44171905517578,26.957976913452146,12.519059505939946,14.4389174075122,14.4389174075122,1.153354802783814,10.245772361755371,11.782638216018675,1,0.010645713657140732,0.8550047278404236,0.0030004242435097694,0.12800461053848267,0.003344474360346794,421.4305519104005,194.7177374305228,226.7128144798777,1.1643151644609215,25.036388888888084,16.760136360069737
