timestamp,ground_truth_heading,estimated_heading,heading_error,gyro_z_raw,gyro_bias,gyro_z_corrected,angular_rate,position_error,cross_track_error,along_track_error
987.3,45.37999999999702,46.01907541717938,0.6390754171823687,-0.16310800000299114,0.0,0.13766728331153943,0.13766728331153943,0.018369028039178174,0.00020488334296868462,0.018367885395980884
987.4,45.40699999999963,46.26939557147819,0.8623955714785723,-0.06332900000193065,0.0,0.04368910876614518,0.04368910876614518,0.08998415358514845,0.001354358141262607,0.08997396073565274
987.5,45.408,46.08398102369321,0.6759810236932253,0.016775999997957824,0.0,-0.03236094339944357,-0.03236094339944357,0.15814257673000318,0.0018657377874876468,0.15813157052692953
987.6,45.59199999999678,45.57331289682973,-0.018687103167053465,0.07917623762273776,0.0,-0.08912840198759865,-0.08912840198759865,0.20756182187790523,-6.769659376607073e-05,0.20756181083823308
987.7,45.37400000000942,45.234591633555205,-0.13940836645420518,0.058432653063411624,0.0,-0.05911801290654904,-0.05911801290654904,0.22659125191570467,-0.0005513265616165779,0.22659058118939718
987.8,45.092000000008014,44.54374034110434,-0.5482596589036746,0.12429999999452479,0.0,-0.12057629694925935,-0.12057629694925935,0.23051706193436705,-0.002205769397451615,0.23050650842051743
987.9,45.599999999993074,42.690265303418514,-2.90973469657456,0.329403999995301,0.0,-0.32349242011143575,-0.32349242011143575,0.19413489051284438,-0.009854796504442162,0.19388460150380718
988.0,45.265,41.03168561331969,-4.23331438668032,0.29458400000665197,0.0,-0.28947676498931796,-0.28947676498931796,0.18154599349774536,-0.013401374668316372,0.18105068603041197
988.1,45.49400000000211,40.05273344444271,-5.441266555559395,0.17176299999928937,0.0,-0.17085938566442882,-0.17085938566442882,0.2929098305590557,-0.027775271247681494,0.29158995720918174
988.2,45.636999999993826,38.560286889752845,-7.0767131102409735,0.254313999996565,0.0,-0.2604810628938366,-0.2604810628938366,0.5037187420931968,-0.062057217245312865,0.4998814588717214
988.3,45.7179999999977,37.6240764292415,-8.093923570756203,0.1544310000086193,0.0,-0.16339955027535466,-0.16339955027535466,0.773005385710432,-0.10883624831094013,0.7653051661859687
988.4,45.485000000003176,38.03490380580495,-7.450096194198238,-0.08135555555259567,0.0,0.0717029037836267,0.0717029037836267,1.0463619559090969,-0.13567402064112227,1.0375287479858006
988.5,45.854,37.63073391141608,-8.223266088583927,0.067962376227228,0.0,-0.07054095394523667,-0.07054095394523667,1.3374593513843736,-0.19129793478953888,1.3237079046189784
988.6,45.72600000000318,35.04740367441401,-10.678596325589183,0.45979899999095974,0.0,-0.4508761830201143,-0.4508761830201143,1.667342933455933,-0.30895786707400585,1.6384680326812961
988.7,45.940999999990716,31.45543998061022,-14.4855600193805,0.6429620000001536,0.0,-0.6269159306897354,-0.6269159306897354,2.1224085854007195,-0.53089079072807,2.054938726994751
988.8,46.00699999999812,28.497986846872276,-17.509013153125835,0.5379290000051478,0.0,-0.5161729465715125,-0.5161729465715125,2.6902287106126943,-0.8093709761030736,2.5655894329465108
988.9,45.773000000003194,26.194477620209817,-19.578522379793384,0.41982323232384594,0.0,-0.40203820355328335,-0.40203820355328335,3.3462965862223655,-1.1213386690008231,3.152824199407084
989.0,45.969,24.132706046883136,-21.836293953116865,0.37027227722957656,0.0,-0.35984702378574224,-0.35984702378574224,4.093361359932936,-1.5225499471539594,3.799664311674584
989.1,46.35200000000339,22.507277681581986,-23.844722318421418,0.2883960000022186,0.0,-0.28369076729814147,-0.28369076729814147,4.921946513297083,-1.989742881844393,4.501830821333348
989.2,46.58199999999007,21.407853324906863,-25.174146675083193,0.18997600000266673,0.0,-0.19188574900601407,-0.19188574900601407,5.818704874256809,-2.475108119432077,5.266038948851532
989.3,46.573000000000256,21.14819678072242,-25.424803219277834,0.034944000005061135,0.0,-0.04531861620368723,-0.04531861620368723,6.668483756040811,-2.862954424629759,6.022637924288081
989.4,46.48400000000122,21.898057648128276,-24.585942351872944,-0.15367799999573223,0.0,0.1322361015805609,0.1322361015805609,7.5729889506083605,-3.150800339262474,6.886408270509365
989.5,46.22,23.845887409414903,-22.3741125905851,-0.3676749999936182,0.0,0.3399604260278681,0.3399604260278681,8.402966043292867,-3.198610944274362,7.7703749170745455
989.6,46.231999999999054,26.5022543886705,-19.729745611328553,-0.49689300000010644,0.0,0.46362349929266067,0.46362349929266067,9.152733556506766,-3.089816274457441,8.615426103594814
989.7,46.16800000000276,28.95931217754682,-17.208687822455943,-0.4626050000016233,0.0,0.42883748327663457,0.42883748327663457,9.807629012953182,-2.90161545186097,9.368575912338153
989.8,45.694000000013475,30.96661026976092,-14.727389730252554,-0.3791710000025281,0.0,0.35033960778136813,0.35033960778136813,10.377598640018052,-2.638196334927575,10.036656496646641
989.9,46.17699999999341,32.52063837094135,-13.656361629052071,-0.30319393939515404,0.0,0.27193984043152897,0.27193984043152897,10.897581571908576,-2.5728984489552995,10.589498462522425
990.0,45.8,34.360214674839376,-11.439785325160614,-0.35642376237237217,0.0,0.321066633446884,0.321066633446884,11.344597644614508,-2.250064560227786,11.119222328607338
990.1,46.167999999997676,36.946155701631845,-9.221844298365824,-0.48210099999765016,0.0,0.45133185179931445,0.45133185179931445,11.732138167807461,-1.8801634448524691,11.580503072369744
990.2,46.01100000000679,39.10321940444627,-6.907780595560524,-0.4000620000065974,0.0,0.37647863789372393,0.37647863789372393,12.027868513811372,-1.4466116066388088,11.9405584394145
990.3,46.0919999999977,39.492678955703774,-6.59932104429393,-0.08402900000910954,0.0,0.06797351472783009,0.06797351472783009,12.401393977708375,-1.4252349030792242,12.319223922852702
990.4,46.45999999999498,39.185399887001616,-7.274600112993369,0.04376060606364642,0.0,-0.05298985012385385,-0.05298985012385385,12.664514653845536,-1.603642619936038,12.562573851125931
990.5,46.50899999999999,38.26789956358642,-8.241100436413575,0.15219999999152123,0.0,-0.16013401531707974,-0.16013401531707974,12.95896985221319,-1.8575244965793114,12.825151163833436
990.6,46.20400000000481,36.80270171655208,-9.401298283452718,0.24710000000373164,0.0,-0.2557252662388144,-0.2557252662388144,13.275735089435145,-2.1685689871806115,13.097421529167411
990.7,46.52999999998592,36.802701716552086,-9.72729828343384,-0.02670792078215925,0.0,0.0,0.01904309011313798,13.62933321433611,-2.3027984266065085,13.433385398842098
990.8,46.42600000000296,37.75563383401569,-8.670366165987275,-0.1749710000027757,0.0,0.16631802997741185,0.16631802997741185,14.23454245455984,-2.1458507715264257,14.071869931071914
990.9,46.51799999999874,38.04445718269258,-8.473542817306168,-0.06669300000258493,0.0,0.051663108909317454,0.051663108909317454,14.559053664030523,-2.1453159036429703,14.40012719616383
991.0,46.148,38.7388638112147,-7.409136188785311,-0.14016499999359341,0.0,0.12119682015384056,0.12119682015384056,14.858256896948,-1.9160275504956437,14.734199552111559
991.1,46.32600000000293,40.27663603633202,-6.049363963670913,-0.29208999999898483,0.0,0.2683918847401667,0.2683918847401667,15.133762495598212,-1.5948756214129316,15.049489659965143
991.2,46.523999999991446,41.14819738851888,-5.375802611472579,-0.18030404041078252,0.0,0.15211615228794512,0.15211615228794512,15.376887357903026,-1.440627595101597,15.30925396451015
991.3,46.17800000000983,41.686794931354406,-4.491205068655432,-0.11791980197656349,0.0,0.0940030046563114,0.0940030046563114,15.948126668243649,-1.248835083150729,15.899155800275565
991.4,46.24699999999906,42.21148449618676,-4.035515503812292,-0.10351400000449576,0.0,0.09203514009687211,0.09203514009687211,16.156578463164447,-1.1370161852613672,16.11652015265215
991.5,46.163,41.262277433007085,-4.900722566992897,0.16147999999127613,0.0,-0.16566788535671192,-0.16566788535671192,16.377021037158165,-1.399080525667204,16.317150233242934
991.6,45.9869999999995,40.28221913732971,-5.704780862669793,0.16167979798890483,0.0,-0.1710524412105427,-0.1710524412105427,16.615684751461668,-1.6516452329749305,16.533391901976646
991.7,45.953000000001474,41.12946607166233,-4.823533928339145,-0.16125049504253586,0.0,0.1478724858153232,0.1478724858153232,16.853921869123557,-1.4171980921175802,16.79423210326151
991.8,45.92500000000079,42.14189736039316,-3.783102639607648,-0.1970330000054053,0.0,0.17670259438562433,0.17670259438562433,17.378988359000502,-1.1466592447716195,17.341119022677134
991.9,46.030999999998556,42.82127417610405,-3.2097258238945017,-0.150232999996736,0.0,0.11886410126863914,0.11886410126863914,17.586239214786108,-0.9846708940842251,17.558651228099045
992.0,46.527,45.22776018180487,-1.299239818195133,-0.45607899998792784,0.0,0.42001104202646344,0.42001104202646344,17.760954996578405,-0.40271312461046477,17.75638883697217
992.1,45.69000000000152,48.870801776511215,3.1808017765096963,-0.6702490000017308,0.0,0.6358307061473063,0.6358307061473063,17.841787512309697,0.9899864092869718,17.814300675127196
992.2,45.79299999999555,50.39618438048729,4.60318438049174,-0.29120800001736846,0.0,0.26622948792027085,0.26622948792027085,17.87625324530814,1.434646603872479,17.818591953697883
992.3,45.87899999999755,49.27323836037882,3.39423836038128,0.1817707070648378,0.0,-0.19599105373059214,-0.19599105373059214,18.246652917629163,1.0803111628885003,18.214644396412556
992.4,45.62500000000347,48.10727496102271,2.482274961019243,0.19815000000507976,0.0,-0.2040248986841733,-0.2040248986841733,18.26794221309682,0.791190412672717,18.250800816181727
992.5,45.85,47.453666959982584,1.6036669599825757,0.11541188118718204,0.0,-0.11407611635528868,-0.11407611635528868,18.2882006084963,0.5118065273499464,18.281037595693697
992.6,45.32799999999784,46.68423631308395,1.3562363130861002,0.13410505050507565,0.0,-0.13429098154131136,-0.13429098154131136,18.30127833965013,0.4331652462994313,18.296151418665765
992.7,45.18200000000631,45.842266567315974,0.6602665673096624,0.14166930693029123,0.0,-0.1469514426583074,-0.1469514426583074,18.338423607487428,0.21132411700983583,18.33720596288383
992.8,45.90099999997957,44.72957955931049,-1.171420440669067,0.19063434343227473,0.0,-0.194200518338602,-0.194200518338602,18.866623362339357,-0.3857039519004193,18.862680338643756
992.9,46.00499999999858,43.2048960313309,-2.8001039686676847,0.2694277227704234,0.0,-0.26674179962662936,-0.26674179962662936,19.013363324541103,-0.9288328818173897,18.99066229462942
993.0,45.548,41.228803690650906,-4.319196309349081,0.3537539999976555,0.0,-0.34489317668307423,-0.34489317668307423,19.148541519245253,-1.4421306286226405,19.094158833639355
993.1,45.2470000000046,38.93171684354604,-6.315283156458548,0.41194699999949735,0.0,-0.4009172868623553,-0.4009172868623553,19.311157455916614,-2.1242164618954287,19.193970582196282
993.2,45.55799999998656,37.3084612843424,-8.249538715644178,0.2861290000068874,0.0,-0.28331154109405204,-0.28331154109405204,19.546402630674557,-2.8046088256724366,19.34414705112121
993.3,45.49400000000182,36.75374722669001,-8.740252773311795,0.09172500000266182,0.0,-0.09681586713131811,-0.09681586713131811,20.23937916173851,-3.0754797735209944,20.00434685300368
993.4,45.56899999999898,36.06066040052652,-9.508339599472464,0.11760299999591814,0.0,-0.12269064696274151,-0.12269064696274151,20.522595256518855,-3.3901513454209935,20.240646973800775
993.5,45.425,34.836887632498716,-10.588112367501282,0.20981333333290902,0.0,-0.21358864098330108,-0.21358864098330108,20.822132057647362,-3.8260128127984827,20.467603899392028
993.6,45.512999999999934,33.89469632402514,-11.6183036759748,0.16181473684540626,0.0,-0.16444340516537287,-0.16444340516537287,21.166454890342678,-4.262730244750669,20.732774621005248
993.7,45.508000000000216,32.99739736226111,-12.510602637739112,0.15243399999711021,0.0,-0.15660821257509075,-0.15660821257509075,21.5303662165163,-4.66391384470936,21.019147867276512
993.8,45.72799999999375,32.294818414368436,-13.433181585625306,0.11194000000505125,0.0,-0.12262315895924925,-0.12262315895924925,22.373674775233553,-5.197655823222239,21.76156467010693
993.9,45.7719999999994,32.31468004445421,-13.457319955545188,0.0069690000000470894,0.0,0.0,-0.01946248135071813,22.799810531374217,-5.305994107091371,22.173808576833938
994.0,45.609,32.1530959660465,-13.455904033953516,0.016382178217275625,0.0,-0.028201741870152324,-0.028201741870152324,23.222408661357402,-5.4037834269169505,22.584937208459646
994.1,45.397999999997715,31.91410424996854,-13.483895750029177,0.02836969696964484,0.0,-0.04171192330551817,-0.04171192330551817,23.63983501544277,-5.512148756741812,22.98821471191062
994.2,45.243000000006695,31.91410424996854,-13.328895750038157,-0.013278999997841334,0.0,0.0,0.0015853227466975544,24.051334313784537,-5.544806813896478,23.403457002545515
994.3,45.764999999985164,32.042470601536415,-13.722529398448756,-0.03427800000118358,0.0,0.022404154836320918,0.022404154836320918,24.98393729794275,-5.926693420743974,24.270793724228405
994.4,45.76799999999996,32.2447732680968,-13.52322673190315,-0.046306999998158564,0.0,0.031391770861604065,0.031391770861604065,25.413191518407157,-5.942608680325441,24.708616011904876
994.5,45.666,33.09406428396045,-12.571935716039548,-0.172497999995534,0.0,0.14822924534428142,0.14822924534428142,25.81695673326318,-5.619452983640205,25.197956328477122
994.6,45.65800000000887,34.59907119052145,-11.058928809487412,-0.2922656565642414,0.0,0.26267325784744083,0.26267325784744083,26.18665192728484,-5.02308428103543,25.70037671837488
994.7,46.25799999997408,35.81256679667029,-10.445433203303793,-0.23535346535078466,0.0,0.21179493785781547,0.21179493785781547,26.540463167821983,-4.8117599693755,26.100635071960046
994.8,45.14400000003166,35.68976588522955,-9.45423411480212,0.004391919184164705,0.0,-0.021432802290908774,-0.021432802290908774,27.503807189734548,-4.5177682866741105,27.130226310114253
994.9,45.70999999999228,34.67389113984894,-11.036108860143344,0.16980396039556137,0.0,-0.1797326757332282,-0.1797326757332282,27.945890910921907,-5.349614744584713,27.42908020495163
995.0,45.102,33.716028149225984,-11.385971850774013,0.1664190000006667,0.0,-0.16717862969370134,-0.16717862969370134,28.29887531226687,-5.5866883331226305,27.741940404517106
995.1,45.055999999994114,32.18041785354945,-12.875582146444657,0.2769149999937231,0.0,-0.2680145568707925,-0.2680145568707925,28.74126098077062,-6.404549689996019,28.018597859870496
995.2,44.658000000017196,29.42692936771821,-15.23107063229898,0.4953799999954893,0.0,-0.4805743999350846,-0.4805743999350846,29.223079327850837,-7.677266879964148,28.196594451381333
995.3,45.2419999999834,26.914556833778207,-18.3274431662052,0.44835400000706677,0.0,-0.43849172753926025,-0.43849172753926025,30.28881289054822,-9.524231486359078,28.752412088603737
995.4,44.99700000000334,26.474282582299438,-18.522717417703916,0.07720400001141042,0.0,-0.08212100833679799,-0.08212100833679799,30.81822468192414,-9.790353212518063,29.221771960640844
995.5,46.32899999999999,26.781952616884965,-19.54704738311503,-0.0645000000047089,0.0,0.05369855113242246,0.05369855113242246,31.55129847363816,-10.556458036238432,29.73290482111929
995.6,46.900999999987356,26.07802219248358,-20.822977807503776,0.11295599999592928,0.0,-0.12285903610765274,-0.12285903610765274,32.28040467746556,-11.475097483848337,30.171951608689785
995.7,46.04500000003698,25.68756809383323,-20.357431906203743,0.05739500000705097,0.0,-0.06814709599355365,-0.06814709599355365,32.89675196018867,-11.44397714030874,30.84204397802241
995.8,46.10499999999829,26.437580329221056,-19.667419670777235,-0.14218799999724657,0.0,0.1309018293776028,0.1309018293776028,34.09614541972875,-11.475393648590591,32.10704709395083
995.9,46.00300000000139,27.27372821370357,-18.72927178629783,-0.15328100000230738,0.0,0.13999569049966074,0.13999569049966074,34.71815925741413,-11.147892203101936,32.87970622817651
996.0,45.876000000000005,27.933338067125238,-17.942661932874756,-0.12772626262514858,0.0,0.11512363720805326,0.11512363720805326,35.314185138299074,-10.879067317295684,33.59668981146523
996.1,46.35999999999054,28.36939424308916,-17.990605756901374,-0.08638712871604258,0.0,0.07610615994226126,0.07610615994226126,35.91799405209742,-11.093669520104664,34.1618616779766
996.2,45.720000000027646,28.491614857662025,-17.228385142365624,-0.03325799999940023,0.0,0.021331521381074272,0.021331521381074272,36.496295444757614,-10.809519215229052,34.858770424767265
996.3,45.95399999999334,29.581084503164625,-16.37291549682871,-0.21063199999166052,0.0,0.1901483241455582,0.1901483241455582,37.607592612169164,-10.601126975326872,36.08250447150083
996.4,45.921000000000454,31.901150097589486,-14.019849902410954,-0.428802999997653,0.0,0.40123858444048005,0.40123858444048005,38.0949621946882,-9.2288107340752,36.96018394230935
996.5,45.795,33.196484177265056,-12.598515822734953,-0.2484170000115666,0.0,0.22607844603629235,0.22607844603629235,38.508115441305286,-8.399311637039794,37.58093291637107
996.6,45.8599999999997,33.196484177265056,-12.663515822734638,-0.01124141414137141,0.0,0.0,-0.003906111923931546,38.900581034995305,-8.527978696765814,37.954298626212875
996.7,45.84000000000087,33.196484177265056,-12.643515822735822,0.0018603960389087723,0.0,0.0,-0.014701537652992858,39.28745721651444,-8.59941078174488,38.334767884340486
996.8,46.27799999998755,32.89896373025098,-13.37903626973656,0.04118799999873224,0.0,-0.051927113924008055,-0.051927113924008055,40.65498785989702,-9.40723743856657,39.55163614394233
996.9,46.075000000002774,32.635587766637,-13.439412233365772,0.03928585858728195,0.0,-0.04956491232788823,-0.04956491232788823,41.058282151050584,-9.542642561776022,39.93395179710443
997.0,45.754,32.393920104359765,-13.36007989564024,0.03223465346427417,0.0,-0.04217896402335346,-0.04217896402335346,41.459665776001216,-9.580088208860166,40.33764738018549
997.1,46.11100000000224,32.01502102996598,-14.09597897003627,0.05591499999991334,0.0,-0.06613036380930444,-0.06613036380930444,41.873000640139246,-10.198041399060223,40.61216731759283
997.2,46.26299999999344,31.602943587647065,-14.660056412346364,0.061472999999809166,0.0,-0.071921081416622,-0.071921081416622,42.296629313175394,-10.704581313071559,40.919638196934336
997.3,45.78400000001361,31.602943587647072,-14.18105641236653,0.0026898989930837364,0.0,0.0,-0.015292351856967458,43.36972971733649,-10.625013326659936,42.04809802551262
997.4,46.097999999995714,31.859243730444508,-14.238756269551203,-0.05516138613891955,0.0,0.041690184075812424,0.041690184075812424,43.794794722783536,-10.771902874058801,42.449383426412595
997.5,45.892,31.685979595164774,-14.206020404835215,0.022422222218598437,0.0,-0.03024029636252294,-0.03024029636252294,44.20224193810169,-10.847639035900231,42.85051831309966
997.6,45.97300000000099,30.852124103875433,-15.12087589612554,0.14411089108667435,0.0,-0.14553523808833857,-0.14553523808833857,44.61431083590758,-11.637922459439372,43.0696586031403
997.7,46.03999999999711,29.275818997345986,-16.764181002651128,0.27553599999587597,0.0,-0.2751171412493881,-0.2751171412493881,45.073540883995776,-13.000708480409644,43.15791545972353
997.8,46.62199999998346,27.879324857013575,-18.742675142969887,0.2433390000059154,0.0,-0.24373420733608253,-0.24373420733608253,46.104045178805954,-14.814078233653953,43.65920370250196
997.9,46.70899999999882,27.358280825487867,-19.350719174510942,0.09391300000139532,0.0,-0.09563665960006726,-0.09563665960006726,46.64004446735295,-15.454166205171935,44.00525530910578
998.0,46.834,26.398067765293668,-20.435932234706343,0.16775699999481275,0.0,-0.16758879421039238,-0.16758879421039238,47.217531069858424,-16.486462846904974,44.2458109105333
998.1,47.22999999999771,24.818395407102617,-22.411604592895088,0.27180500000013613,0.0,-0.2757048375317712,-0.2757048375317712,47.8404531994673,-18.239537544946266,44.227007953024774
998.2,47.075000000006696,23.91672701046242,-23.158272989544287,0.1460590000062182,0.0,-0.15737082282549544,-0.15737082282549544,48.50674799856311,-19.076366320541133,44.59817091990018
998.3,47.485999999988316,23.91672701046242,-23.5692729895259,-0.00223499999897242,0.0,0.0,-0.011105556350509372,49.4247418505673,-19.7628557473617,45.30159643659582
998.4,47.57199999999883,23.939566605329258,-23.63243339466956,-0.0041430000009739995,0.0,0.0,-0.0060815558084267845,50.108150015804156,-20.08673851742669,45.90587798679883
998.5,46.793,23.68503112540538,-23.107968874594633,0.039517999998805425,0.0,-0.04442482187815649,-0.04442482187815649,50.76696039664118,-19.92425736780344,46.69377085067841
998.6,47.26200000000052,23.68503112540538,-23.57696887459514,-0.014103999996048153,0.0,0.0,0.0032777985851225717,51.46179098852828,-20.583720653055593,47.16594508566475
998.7,47.296999999998484,24.54522216699292,-22.751777833005576,-0.1738509999960371,0.0,0.150131658718621,0.150131658718621,52.129365926871216,-20.160488899740123,48.073126372861346
998.8,46.59600000001992,26.2598358540682,-20.336164145951727,-0.3311767676729193,0.0,0.2992565423922334,0.2992565423922334,52.93786376120632,-18.39736674996218,49.63823441932064
998.9,46.995999999994545,28.149128667884305,-18.846871332110254,-0.360628712873671,0.0,0.3272211317604556,0.3272211317604556,53.485026724042314,-17.2778031572431,50.617443650693
999.0,47.29600000000001,29.81458600052883,-17.481413999471187,-0.3216979999994994,0.0,0.29067714006129375,0.29067714006129375,53.98074809532253,-16.215622958519095,51.487617317155156
999.1,47.19799999999639,31.64016621927362,-15.557833780722774,-0.3485129999991656,0.0,0.31862385576374924,0.31862385576374924,54.41198882158034,-14.593889505361032,52.418345229748496
999.2,46.95400000001054,33.3272030019528,-13.626796998057728,-0.3232660000021463,0.0,0.29444346460003745,0.29444346460003745,54.790118010546685,-12.908369324292936,53.24782655655802
999.3,46.58500000001049,34.34051517245797,-12.244484827552526,-0.20079898990296646,0.0,0.17685633725845437,0.17685633725845437,55.663662793603805,-11.8053502695367,54.39739939200754
999.4,46.39300000000262,34.9122512266501,-11.48074877335253,-0.11431584158448628,0.0,0.10067025706012313,0.10067025706012313,55.960042462138134,-11.138212487731826,54.840373585000656
999.5,46.879,35.220169284492364,-11.658830715507634,-0.05913900000245111,0.0,0.053741839356938464,0.053741839356938464,56.25794338322456,-11.3688095690903,55.09724460163013
999.6,46.50500000000247,34.5149144730366,-11.990085526965856,0.11845499999357452,0.0,-0.1230901852543504,-0.1230901852543504,56.54327609812313,-11.746437511834564,55.30970328693826
999.7,46.671999999992785,33.17093427781006,-13.501065722182716,0.23002400000105083,0.0,-0.23456879488299262,-0.23456879488299262,56.8670670866602,-13.276381687483074,55.29557856037837
999.8,46.390000000008015,31.530140615838103,-14.859859384169908,0.289396999995907,0.0,-0.2863725174726543,-0.2863725174726543,57.92336279161271,-14.854776588269445,55.9861730215719
999.9,46.19700000000264,29.344205865136725,-16.852794134865917,0.3967299999988352,0.0,-0.38250050700023036,-0.38250050700023036,58.35574190875268,-16.918133630499746,55.84952433263427
1000.0,46.764,27.1010227296733,-19.662977270326707,0.4098606060611568,0.0,-0.3915093143904663,-0.3915093143904663,58.900793740894244,-19.819341927104656,55.466180586767265
1000.1,45.75499999999384,25.109788773062647,-20.645211226931195,0.3645000000017158,0.0,-0.3475358872036975,-0.3475358872036975,59.470103622016275,-20.96797919218668,55.65102940116543
1000.2,45.33800000001801,23.950847137653863,-21.38715286236416,0.20673465347149472,0.0,-0.20227347376330915,-0.20227347376330915,60.08002525086683,-21.909263207839395,55.94277093453998
1000.3,45.91999999998346,23.950847137653863,-21.969152862329594,-0.0037249999957287283,0.0,0.0,-0.008410160846853561,61.101387459667116,-22.858478638033937,56.66453479779846
1000.4,45.58200000000461,24.677640585750055,-20.904359414254543,-0.14212099999744976,0.0,0.12151095596721864,0.12151095596721864,61.73277795524839,-22.02681560262279,57.669361609784225
1000.5,46.197,25.506900421851537,-20.690099578148477,-0.17010000000123918,0.0,0.14473314494519388,0.14473314494519388,62.35450901293281,-22.030671019657508,58.33296091119961
1000.6,45.93900000000488,27.02149391863467,-18.91750608137022,-0.2957649999923613,0.0,0.26434643348159814,0.26434643348159814,62.9186608481327,-20.39863685649683,59.52019402958223
1000.7,46.26999999998571,29.59357940146293,-16.676420598522782,-0.4883799999982156,0.0,0.4489136031810111,0.4489136031810111,63.41962087648207,-18.19929490094788,60.75223433936445
1000.8,45.92000000000995,32.787091542111334,-13.132908457898623,-0.6014623762337838,0.0,0.5573730155672689,0.5573730155672689,64.60206208550103,-14.678278699733148,62.91243565553547
1000.9,46.39699999999349,36.267026254758306,-10.12997374523519,-0.647590909092703,0.0,0.6076020192104526,0.6076020192104526,64.91588974266665,-11.41751935597911,63.903935660003725
1001.0,47.014,38.74230092523286,-8.271699074767128,-0.4642424242498554,0.0,0.4320169289099871,0.4320169289099871,65.15639510304155,-9.373881988318184,64.47857131863842
1001.1,45.95799999999329,40.248203509357474,-5.709796490635824,-0.28079207920962346,0.0,0.2628295830726544,0.2628295830726544,65.31897808694316,-6.498577546603692,64.99490278624424
1001.2,45.50400000001961,40.97733020293769,-4.526669797081922,-0.1305050000058366,0.0,0.12725661467154561,0.12725661467154561,65.4363470536322,-5.164441199259353,65.23223177864446
1001.3,45.87899999998934,39.28729371049399,-6.591706289495335,0.29702599998446494,0.0,-0.2949670127199874,-0.2949670127199874,67.10921299585283,-7.7036917811859755,66.66558033845673
1001.4,45.808000000000966,35.386452940238826,-10.421547059762133,0.6780049999969144,0.0,-0.6750213513525043,-0.6750213513525043,67.33408564973045,-12.179996858951641,66.2233098448059
1001.5,45.836000000000006,32.172979182858654,-13.663020817141359,0.5653940000089073,0.0,-0.5608569749271767,-0.5608569749271767,67.64783455716385,-15.979166080053583,65.73352091330173
1001.6,46.113999999996565,30.16579391926832,-15.948206080728255,0.3618630000010226,0.0,-0.3503199154716153,-0.3503199154716153,68.04539504772242,-18.69671665771015,65.4263599279519
1001.7,45.882000000010024,27.490103098393384,-18.391896901616633,0.4831939999927978,0.0,-0.466996145896575,-0.466996145896575,68.50590497868073,-21.61462953144167,65.00666740547898
1001.8,46.18499999999139,24.389021916145555,-21.795978083845824,0.5542868686907849,0.0,-0.5412407700186287,-0.5412407700186287,69.7078937484454,-25.882726298055573,64.724608382164
1001.9,46.089000000001306,23.524200440182526,-22.564799559818766,0.15670000001595208,0.0,-0.15796570966966023,-0.15796570966966023,70.30679598770571,-26.978690670845555,64.92453936489426
1002.0,46.253,24.92761543224762,-21.325384567752394,-0.2627999999949678,0.0,0.24494212383386052,0.24494212383386052,70.88868794702636,-25.779662061457284,66.03495364462627
1002.1,46.22299999999864,27.181786087262246,-19.041213912736396,-0.4204999999971437,0.0,0.3934269983184242,0.3934269983184242,71.40092269985257,-23.29442244852476,67.4941600820396
1002.2,46.13100000000397,30.006161705977107,-16.12483829402686,-0.5229465346512072,0.0,0.49294653859626364,0.49294653859626364,71.84295873673553,-19.95302644393386,69.01657377598485
1002.3,46.53099999998864,32.70227889745353,-13.828721102535098,-0.5036870000033106,0.0,0.470561220108859,0.470561220108859,74.0329966369076,-17.6953843018945,71.88711960740002
1002.4,46.31200000000298,34.68303103486567,-11.628968965137318,-0.3861570000024957,0.0,0.3500730736179304,0.3500730736179304,74.28831583654642,-14.974531496482816,72.76343364830522
1002.5,46.155,36.39269421005441,-9.7623057899456,-0.3316818181819766,0.0,0.29839251507144043,0.29839251507144043,74.46889786268527,-12.627033768429454,73.39056320191304
1002.6,46.519999999993296,38.22133225706881,-8.298667742924493,-0.34664999999909213,0.0,0.31915754747640257,0.31915754747640257,74.60352719676025,-10.767765232575572,73.82236451167006
1002.7,46.06600000001961,38.76876708947582,-7.297232910543784,-0.11168118813141648,0.0,0.09554540265605681,0.09554540265605681,74.65652660086188,-9.482626022150782,74.0518518865614
1002.8,46.01000000000159,37.00974001305622,-9.000259986945366,0.30226060605269567,0.0,-0.307008141152519,-0.307008141152519,76.44843325397589,-11.959512382845887,75.50717191467419
1002.9,45.83100000000245,34.76993962740701,-11.06106037259542,0.38342772277615006,0.0,-0.38211862321013773,-0.38211862321013773,76.60067124706529,-14.696222653464755,75.17768202878275
1003.0,47.176,33.59974256047532,-13.576257439524682,0.2075700000048824,0.0,-0.20423791715138462,-0.20423791715138462,76.91546683136741,-18.055084845806956,74.76632229217839
1003.1,47.995000000012276,32.51400715759339,-15.480992842418885,0.1953970296985303,0.0,-0.18949657585756713,-0.18949657585756713,77.27791184716283,-20.626918921991194,74.47419603623439
1003.2,48.825999999964104,30.558050124336354,-18.26794987562775,0.34597272726980466,0.0,-0.3413789025787546,-0.3413789025787546,77.74958409523327,-24.371487031379864,73.83108049365818
1003.3,49.09799999999227,29.12777530714483,-19.970224692847438,0.24822800000799283,0.0,-0.24963004768352093,-0.24963004768352093,79.40026229144291,-27.11771135542825,74.62594309483539
1003.4,48.15900000001281,28.866156996017448,-19.29284300399536,0.04493900000195543,0.0,-0.04865772066292294,-0.04865772066292294,79.73284356175536,-26.34345220785679,75.25522485658865
1003.5,47.742,28.557297371072433,-19.184702628927568,0.048206060603850125,0.0,-0.05390617381765339,-0.05390617381765339,80.12931110956153,-26.331653221375177,75.67926094725122
1003.6,44.91200000000446,28.176130688372204,-16.735869311632257,0.05690693069484592,0.0,-0.06652613612023525,-0.06652613612023525,80.37231919927756,-23.144020783208106,76.96794134870045
1003.7,45.21399999998695,28.01283902595653,-17.201160974030415,0.01797575757588583,0.0,-0.028499771502085693,-0.028499771502085693,80.78816142633609,-23.89127346390374,77.17469843751064
1003.8,45.673999999986926,28.01283902595653,-17.661160974030395,0.0047564356440941355,0.0,0.0,-0.015272816951555752,82.19335958394375,-24.936414172076354,78.31936930245382
1003.9,45.843999999997685,28.036102496718968,-17.807897503278724,-0.028100999998887207,0.0,0.0,0.010992368495415315,82.59923453169962,-25.2610381969725,78.64167784599853
1004.0,46.144,28.036102496718968,-18.107897503281038,-0.034928000000812906,0.0,0.0,0.005892998711174739,83.040915175414,-25.809734537399045,78.9281394451896
1004.1,46.4070000000025,28.878822562143412,-17.528177437859085,-0.18734799999145252,0.0,0.14708239814278593,0.14708239814278593,83.46428214536452,-25.13733770517325,79.58894802129934
1004.2,46.575999999992696,30.961668714442062,-15.614331285550634,-0.4043323232302435,0.0,0.3635252317010671,0.3635252317010671,83.80637843815799,-22.55738568407819,80.71352685900608
1004.3,46.91899999999025,32.43235698983927,-14.48664301015097,-0.2843500000080911,0.0,0.25668352676158385,0.25668352676158385,85.25813013105856,-21.327687805446523,82.54743173665625
1004.4,46.7500000000023,32.41982416462001,-14.330175835382306,-0.0014000000060626766,0.0,0.0,-0.00872882454725454,85.47534924168207,-21.155946226760854,82.81582739572141
1004.5,46.654,31.61370234002543,-15.040297659974584,0.14098811881082607,0.0,-0.1406948001135971,-0.1406948001135971,85.72428316904508,-22.245309402761176,82.7876738072888
1004.6,46.697999999995034,30.517451182982114,-16.18054881701292,0.1961575757558715,0.0,-0.19133192119203327,-0.19133192119203327,86.01839093973308,-23.970322013485504,82.61106004906708
1004.7,46.36200000001452,29.24224650700389,-17.11975349301062,0.23079603960394066,0.0,-0.22256520232647467,-0.22256520232647467,86.36139370415081,-25.42218880811826,82.53485711339013
1004.8,46.16600000000557,27.460250453839528,-18.705749546166032,0.3175379999956371,0.0,-0.3110169838526201,-0.3110169838526201,87.58942822832225,-28.09063386166413,82.96278820419636
1004.9,45.954000000002885,25.595609793594846,-20.358390206408046,0.32851000000399017,0.0,-0.3303340177764193,-0.3303340177764193,88.03697537308578,-30.62729562128542,82.53773558662549
1005.0,46.22,25.287807530661205,-20.932192469338787,0.044618000010205966,0.0,-0.053721629332814345,-0.053721629332814345,88.53768642557552,-31.631225245511168,82.69454339351101
1005.1,46.10200000000375,25.76964546733011,-20.332354532673634,-0.09410500000360272,0.0,0.08409658455888291,0.08409658455888291,89.03590649145178,-30.936880450677144,83.48833495006986
1005.2,46.35599999998903,25.591179990464163,-20.76482000952487,0.01856499999805447,0.0,-0.031148101724525992,-0.031148101724525992,89.53269445148094,-31.742286373670495,83.71696740514516
1005.3,45.802000000015745,25.727648240222408,-20.07435175979333,-0.03944899999504532,0.0,0.023818202827154102,0.023818202827154102,90.51006376259292,-31.066608951833956,85.01139600396212
1005.4,45.57100000000316,26.900713711339726,-18.67028628866342,-0.21823399999611887,0.0,0.19983008238467376,0.19983008238467376,90.97553238350922,-29.12324410997937,86.18807426189244
1005.5,45.488,28.3686873727024,-17.119312627297603,-0.27850000000099584,0.0,0.25620973723334933,0.25620973723334933,91.40629314617095,-26.90658283232651,87.35643208723037
1005.6,45.587000000003314,29.847433362413938,-15.739566637589377,-0.2880544554440735,0.0,0.25808986321128485,0.25808986321128485,91.80054389066616,-24.902291577653095,88.35845026257348
1005.7,45.81099999999033,32.11546451121411,-13.695535488776216,-0.43401818181229723,0.0,0.39584611084352467,0.39584611084352467,92.14585586725708,-21.816677839728545,89.52592541575213
1005.8,45.44800000001032,34.931569292256164,-10.516430707754154,-0.5262099009913926,0.0,0.49150300510337863,0.49150300510337863,93.86819764217675,-17.13258744472782,92.2914566795839
1005.9,45.398000000000685,36.73449282012896,-8.663507179871715,-0.3488780000076285,0.0,0.31972196430916877,0.31972196430916877,94.03553521913727,-14.16468534498962,92.96259233168492
1006.0,45.463,37.32835334103017,-8.134646658969814,-0.12766100000324915,0.0,0.1036482138733472,0.1036482138733472,94.17270523642274,-13.325425712080808,93.22516527814783
1006.1,45.366999999987364,37.61632076091358,-7.750679239073776,-0.06723434343401667,0.0,0.05025979615438433,0.05025979615438433,94.31581123136388,-12.71968278024905,93.45417014879594
1006.2,44.512000000036934,38.04190492205522,-6.470095077981711,-0.08701782178152001,0.0,0.07427844856259695,0.07427844856259695,94.43302502988523,-10.641148985838768,93.8315627310774
1006.3,44.50000000000034,38.24167823358659,-6.258321766413758,-0.04645151515426003,0.0,0.034867020438348606,0.034867020438348606,96.15898586733243,-10.482411503530114,95.58592789791025
1006.4,44.72399999999694,38.19279031636412,-6.531209683632824,-0.0022405940588611315,0.0,0.0,-0.011162679955440045,96.2921192296034,-10.952690019712787,95.66718772421525
1006.5,45.00899999999999,38.34237407188884,-6.666625928111159,-0.03613599999885003,0.0,0.026107290414046982,0.026107290414046982,96.44404614837582,-11.196402257230567,95.79193397131267
1006.6,44.27200000001883,38.342374071888834,-5.929625928130008,0.002723999996840497,0.0,0.0,-0.0088147322174046,96.5750497976937,-9.976864569346274,96.05832820110882
1006.7,45.54599999994497,37.590979417521304,-7.955020582423657,0.12493399999711022,0.0,-0.13114310700598156,-0.13114310700598156,96.78818803588376,-13.395065082832799,95.85679722740723
1006.8,45.042000000014326,36.64210600603097,-8.399893993983369,0.1602464646476913,0.0,-0.16560965215137272,-0.16560965215137272,98.62707633932213,-14.40756149213226,97.56906455989471
1006.9,45.13699999999871,35.814543125834774,-9.322456874163947,0.130600000000249,0.0,-0.13737115298665423,-0.13737115298665423,98.87759568527296,-16.017241369982976,97.5716501213135
1007.0,45.256,35.478039473401,-9.777960526599003,0.048423000003898486,0.0,-0.05873096679956194,-0.05873096679956194,99.13287182830682,-16.835779065055323,97.69279820027755
1007.1,44.88600000000761,35.478039473401,-9.407960526606615,-0.01861900000066607,0.0,0.0,0.007427828796946829,99.38812513076562,-16.24628432193626,98.05130117820738
1007.2,45.400999999977756,35.0932119628912,-10.307788037086539,0.0571829999968599,0.0,-0.06716507110648999,-0.06716507110648999,99.66761945333839,-17.83412016084713,98.05905631599737
1007.3,45.21400000000531,34.62947890625078,-10.584521093754518,0.06879090909360117,0.0,-0.08093668688712763,-0.08093668688712763,101.94160826942097,-18.725225478263464,100.20707274112078
1007.4,45.3829999999977,34.59615863729783,-10.786841362699874,-0.006599999998934529,0.0,0.0,-0.005757809268857175,102.24386429291917,-19.135523632178774,100.43724170282256
1007.5,45.059,34.465470978549185,-10.59352902145082,0.011901980196037776,0.0,-0.022809299368866737,-0.022809299368866737,102.5481884982635,-18.852493515637637,100.80036930744959
1007.6,45.51100000000083,34.465470978549185,-11.045529021451642,0.003745000002463715,0.0,0.0,-0.014027442535300456,102.87735129589011,-19.710165438427047,100.97157415851164
1007.7,45.566999999997584,34.75908803285971,-10.80791196713787,-0.06655099999901114,0.0,0.05124584337725615,0.05124584337725615,103.20401330283168,-19.352502496273264,101.37331507326174
1007.8,45.482000000002415,35.23609388125489,-10.245906118747541,-0.10228599999922251,0.0,0.08325322605764948,0.08325322605764948,104.44613544620276,-18.578171852184568,102.78057569539699
1007.9,45.1740000000042,35.73517334333523,-9.438826656668965,-0.10683400000057994,0.0,0.09001120554923324,0.09001120554923324,104.74942304207616,-17.178326980994264,103.33124749939817
1008.0,45.912,36.01950141732264,-9.892498582677376,-0.06403000000156137,0.0,0.049624610469343744,0.049624610469343744,105.06792967025771,-18.050683338250067,103.50576156048726
1008.1,45.458000000001995,35.90396978736176,-9.554030212640242,0.00793699999798693,0.0,-0.02016407333013015,-0.02016407333013015,105.3745474422397,-17.48981498040697,103.91295213113695
1008.2,45.59299999999417,35.592389303654656,-10.000610696339521,0.041183838384255836,0.0,-0.0543810532564559,-0.0543810532564559,105.6941363623974,-18.354703611478985,104.08820930695185
1008.3,46.027999999987635,35.592389303654656,-10.435610696332986,0.005671287130063193,0.0,0.0,-0.019181024503403477,107.15008295837177,-19.40813990656709,105.37772242439608
1008.4,45.58500000000605,35.571958988723836,-10.013041011282212,-0.026997999999747203,0.0,0.0,0.011911310147567427,107.49501900710233,-18.690408758768022,105.8576767729552
1008.5,46.201,35.77671219962344,-10.424287800376561,-0.04927575757488997,0.0,0.03573617684228537,0.03573617684228537,107.86075943239078,-19.51590159704821,106.0805024978031
1008.6,45.903000000000844,36.09066995139194,-9.812330048608914,-0.06348217821798194,0.0,0.05479596480519185,0.05479596480519185,108.22164092283886,-18.443300325182914,106.63849322429016
1008.7,45.959999999997535,36.09066995139194,-9.869330048605605,-0.0006160000030136989,0.0,0.0,-0.003887263552622906,108.58158194537181,-18.611073694431983,106.9747067006959
1008.8,46.15899999999434,35.86956944547163,-10.28943055452271,0.0335190000014089,0.0,-0.03858931806134476,-0.03858931806134476,110.20509751381834,-19.684913116701644,108.43277970068884
1008.9,45.98500000000237,35.476865108828946,-10.508134891173427,0.055034343431775844,0.0,-0.06458927256895884,-0.06458927256895884,110.59556801768053,-20.1698807419908,108.7407723717616
1009.0,46.014,34.89872256384817,-11.115277436151842,0.08858019802069932,0.0,-0.10090490955773984,-0.10090490955773984,111.01922531818427,-21.402687379035587,108.9366483934816
1009.1,46.36999999999252,34.89872256384817,-11.471277436144362,0.000424000003525965,0.0,0.0,-0.013698838939460788,111.444701254984,-22.163751062454626,109.21854044370934
1009.2,45.86400000002185,34.89872256384817,-10.965277436173693,-0.01839800000272125,0.0,0.0,0.005016084449156178,111.87268579620736,-21.27975907299259,109.83018565518465
1009.3,46.14399999999204,34.310722828666044,-11.833277171325989,0.08958899999737285,0.0,-0.10262531379782831,-0.10262531379782831,113.16380457571329,-23.205883505532324,110.75889867987081
1009.4,46.130000000000194,33.7571668474041,-12.372833152596087,0.0855434343463892,0.0,-0.09473548063960519,-0.09473548063960519,113.6389004886003,-24.34965868746064,110.99952173798846
1009.5,46.253,33.3020561027314,-12.950943897268587,0.07456633663125486,0.0,-0.07943180955741794,-0.07943180955741794,114.14749330337227,-25.582362433538663,111.24384459268965
1009.6,45.88900000000368,32.36092046074921,-13.528079539254463,0.1573090909073942,0.0,-0.1642591566045968,-0.1642591566045968,114.66875994204078,-26.82353135870917,111.48732067860328
1009.7,46.13799999998925,31.721346639774925,-14.416653360214326,0.10194455445990015,0.0,-0.11162668985562116,-0.11162668985562116,115.2139705904052,-28.684983687838443,111.585979092515
1009.8,46.00700000000372,31.958659377198664,-14.048340622805057,-0.052656999996798404,0.0,0.04141888624964918,0.04141888624964918,116.43957633695914,-28.264595256000575,112.95701657066286
1009.9,46.11899999999847,31.49696679515768,-14.62203320484079,0.07298999999030954,0.0,-0.08008739776085114,-0.08008739776085114,117.00478217897174,-29.53685968568745,113.21525061870699
1010.0,46.29,29.3520371141758,-16.93796288582419,0.3791219999946021,0.0,-0.37436085156885335,-0.37436085156885335,117.6144614508256,-34.2653376501642,112.51243565974377
1010.1,45.764999999993364,26.57025055869403,-19.194749441299336,0.49797070707031243,0.0,-0.48551334480868774,-0.48551334480868774,118.25047402062484,-38.878403045399054,111.67651670222337
1010.2,45.3160000000194,23.93288485005364,-21.38311514996576,0.477682178219227,0.0,-0.46030715194968297,-0.46030715194968297,118.9402435411112,-43.36589704582099,110.75279006431441
1010.3,45.654999999990366,20.918790815929516,-24.73620918406084,0.5437149999952088,0.0,-0.5260586486018421,-0.5260586486018421,119.93654387807956,-50.18638411916859,108.93163638935094
1010.4,45.10600000000749,17.498330886358655,-27.607669113648825,0.6199090000011376,0.0,-0.6046046230288494,-0.6046046230288494,120.82943912025559,-55.994132294722725,107.07198749755531
1010.5,44.899,14.737908231369838,-30.161091768630172,0.49026800000537313,0.0,-0.48178464076198346,-0.48178464076198346,121.82455876149672,-61.2086690024522,105.3314860636724
1010.6,45.08599999999937,12.948578787069673,-32.137421212929695,0.30933600000355566,0.0,-0.31229690205918326,-0.31229690205918326,122.89005394464164,-65.37157818040758,104.06018510804115
1010.7,45.043000000001854,12.59560491277332,-32.44739508722853,0.05254600000928397,0.0,-0.06160556279991958,-0.06160556279991958,123.99565358887612,-66.52677299021309,104.63799780405405
1010.8,44.90000000000406,13.478929911824764,-31.421070088179306,-0.1657439999986233,0.0,0.15416929598623524,0.15416929598623524,124.80134373383343,-65.0618712525132,106.50036763735532
1010.9,45.14699999999663,14.025022457963168,-31.12197754203345,-0.09115100000520705,0.0,0.0825924163133901,0.0825924163133901,125.87374946959831,-65.05932494328941,107.75660092754727
1011.0,45.097,13.028701762088364,-32.06829823791162,0.17201599999210887,0.0,-0.17389076548776394,-0.17389076548776394,126.95530035859557,-67.40435039176243,107.58392927108459
1011.1,44.66200000000204,11.173143155005729,-33.48885684499629,0.3198960000007329,0.0,-0.3238560715731174,-0.3238560715731174,128.06884397790964,-70.66516036286446,106.80853855721841
1011.2,44.799999999994036,10.941771871400931,-33.85822812859311,0.031439393953283046,0.0,-0.040381906934692784,-0.040381906934692784,129.2271881771475,-71.99761427217696,107.31267261272878
1011.3,44.783000000000484,12.108291763499832,-32.674708236500635,-0.21467821782341587,0.0,0.20359612907134778,0.20359612907134778,129.98343415875038,-70.17400118326859,109.41344850443576
1011.4,44.732000000000696,11.933847009125317,-32.798152990875394,0.033664999989132305,0.0,-0.04483723279358909,-0.04483723279358909,131.10013906418018,-71.01446926476117,110.20068791841398
1011.5,45.218,10.45932940545252,-34.75867059454748,0.25088100000032465,0.0,-0.25735187062707143,-0.25735187062707143,132.25529305181632,-75.40153265926918,108.65574726103989
1011.6,44.36300000000359,9.021419959049387,-35.3415800409542,0.25497999999945525,0.0,-0.2509625418526361,-0.2509625418526361,133.43459763101725,-77.18520967419802,108.84500563875939
1011.7,44.60599999998951,6.891114751360322,-37.71488524862917,0.38286899999409896,0.0,-0.3718083994655581,-0.3718083994655581,134.6601892434793,-82.37602454870085,106.52491326746757
1011.8,44.620999999999576,4.4575361930130875,-40.1634638069865,0.4304080000037339,0.0,-0.4247395844909622,-0.4247395844909622,134.70111199829645,-86.87824375393382,102.93959556851614
1011.9,44.160000000006285,3.1409661951910097,-41.01903380481528,0.25682300000488983,0.0,-0.25519737418249405,-0.25519737418249405,136.0332253509448,-89.27992657733887,102.6359250444303
1012.0,44.413,2.329459988023595,-42.083540011976396,0.13919700000086,0.0,-0.14163455215442602,-0.14163455215442602,137.40661106224897,-92.09175689415925,101.97884621704266
1012.1,44.36600000000039,1.4574185220391367,-42.90858147796126,0.1426189999989328,0.0,-0.15219994795346925,-0.15219994795346925,138.80620759053366,-94.50351053955666,101.6673485508805
1012.2,44.39199999999888,1.1961631568989728,-43.1958368430999,0.0333780000066371,0.0,-0.04559766310195872,-0.04559766310195872,140.21598398215122,-95.977018904815,102.22002742235824
1012.3,44.507999999996706,1.693330149046156,-42.814669850950565,-0.09790800000026742,0.0,0.08677200945205142,0.08677200945205142,140.68824944472553,-95.61583455912952,103.20269237467832
1012.4,44.66799999999782,1.5273495508963209,-43.140650449101486,0.0351469999935488,0.0,-0.04610311951805531,-0.04610311951805531,142.08563623791972,-97.15697025935826,103.67666639681573
1012.5,44.263000000000005,0.41760032417046705,-43.845399675829526,0.18299199999923665,0.0,-0.19368777877827195,-0.19368777877827195,143.49035804834037,-99.39790334969315,103.4869057539454
1012.6,44.186000000004334,359.4280832569871,-44.75791674301723,0.16722121212281077,0.0,-0.17270330827027738,-0.17270330827027738,144.93290589865697,-102.0491209011572,102.91513074145104
1012.7,44.478999999987344,358.4980605344593,-45.98093946552808,0.16014950494924765,0.0,-0.16231958626471604,-0.16231958626471604,146.3982737687488,-105.27626781937752,101.7318140823814
1012.8,43.97200000001441,356.8475414380069,-47.12445856200753,0.2888449999947878,0.0,-0.28806992600136433,-0.28806992600136433,146.99096983715177,-107.71989510799224,100.0138460993757
1012.9,44.63699999999093,354.940144493195,-49.696855506795885,0.34979700000234704,0.0,-0.3465076192089993,-0.3465076192089993,148.54508563155747,-113.28535927335832,96.08366062756387
1013.0,44.142,353.5675930331683,-50.5744069668317,0.24113200000305335,0.0,-0.23955542130521373,-0.23955542130521373,150.1364603480528,-115.97290478435019,95.34800512712614
1013.1,44.477999999994296,352.796600281736,-51.68139971825826,0.1326320000023077,0.0,-0.1345636202150415,-0.1345636202150415,151.7708626881574,-119.07564379250725,94.10305954913186
1013.2,44.092000000016675,352.5572426585391,-51.53475734147759,0.035267000002520504,0.0,-0.041775786145330146,-0.041775786145330146,153.40780036642522,-120.11610611826266,95.42575262606651
1013.3,44.09799999999983,352.5572426585391,-51.54075734146073,-0.010916000000287227,0.0,0.0,-0.0004681291044818688,153.34843500788028,-120.07961233047412,95.37625082759928
1013.4,44.45199999999517,352.82537282913415,-51.62662717086101,-0.04212121211932604,0.0,0.024570696634948316,0.024570696634948316,154.9901381785913,-121.50948468020441,96.21532136499881
1013.5,43.87,353.7434818266887,-50.1265181733113,-0.18069306930191648,0.0,0.1602402489951135,0.1602402489951135,156.5908055070553,-120.17748516702605,100.3895035762089
1013.6,43.61400000000168,354.5560948340445,-49.05790516595721,-0.1603555555618044,0.0,0.14182772522891712,0.14182772522891712,158.1680600192262,-119.47576043720932,103.64689034503695
1013.7,43.72799999999508,354.2567886263475,-49.47121137364758,0.03374999999657098,0.0,-0.05223878795970612,-0.05223878795970612,159.7440529408487,-121.4181879307492,103.80648385135649
1013.8,44.4459999999796,353.5721950583784,-50.873804941601236,0.10592745098021249,0.0,-0.11948411799036016,-0.11948411799036016,160.22816200176857,-124.29827646133613,101.10886393984576
1013.9,43.18800000001716,353.43636702849165,-49.75163297152551,0.03037878788286409,0.0,-0.03881950608288595,-0.03881950608288595,161.80621187531358,-123.49873432777821,104.54335378624376
1014.0,43.588,352.95844501131836,-50.62955498868166,0.07933099999326132,0.0,-0.08341312767446175,-0.08341312767446175,163.4068769959706,-126.32346492932297,103.65418302136376
1014.1,44.367999999990246,351.4246567549217,-52.94334324506849,0.26851899999744716,0.0,-0.26769655102544,-0.26769655102544,165.04639152330785,-131.7136250564233,99.45769115237376
1014.2,43.70800000002851,349.8655449051131,-53.84245509491541,0.26773900000269896,0.0,-0.2721163518601913,-0.2721163518601913,166.7230471967788,-134.6118078884413,98.36785879333098
1014.3,43.950999999993094,349.41875696585475,-54.53224303413833,0.07178282828995941,0.0,-0.0779792059825823,-0.0779792059825823,166.53816453207273,-135.6357054979735,96.6328910867243
1014.4,44.09199999999807,349.2471817597827,-54.844818240215375,0.04632178217235065,0.0,-0.05235470578593346,-0.05235470578593346,168.25331170603508,-137.56315868054256,96.87907036032124
1014.5,43.785,347.9915484283322,-55.79345157166779,0.21353999999762077,0.0,-0.21914935831596663,-0.21914935831596663,169.97447988898253,-140.5716701170601,95.55589659477094
1014.6,43.764000000001005,346.5150825444576,-57.24891745554339,0.2549540000003813,0.0,-0.25769190966979677,-0.25769190966979677,171.7133618689003,-144.415881244737,92.89527376904557
1014.7,43.831999999997066,346.2583596408699,-57.573640359127126,0.03547821783243815,0.0,-0.04480659932885145,-0.04480659932885145,173.49647549141713,-146.44513445228765,93.0314441637627
1014.8,44.087999999992725,347.23957958715744,-56.84842041283531,-0.18400909090935216,0.0,0.17125518748959856,0.17125518748959856,172.98519194207543,-144.82783141226548,94.59796974384328
1014.9,44.34299999999652,347.38661522312503,-56.95638477687146,-0.02861100000758629,0.0,0.0,0.014989962228166146,174.75266096762496,-146.4874193592285,95.2886587414221
1015.0,44.169,347.01439478407,-57.15460521592996,0.04993300000392327,0.0,-0.06496472204729,-0.06496472204729,176.51952107109724,-148.30060745163726,95.7396007336825
1015.1,44.11600000000595,347.01439478407,-57.10160521593593,-0.0038252525266224448,0.0,0.0,-0.010822771212754378,178.29792135838497,-149.70518981037512,96.84268121319435
1015.2,44.517999999982635,346.1586724339283,-58.35932756605433,0.1336999999945223,0.0,-0.14935172492875914,-0.14935172492875914,180.10020302353848,-153.32916490645542,94.4788352924018
1015.3,44.491000000000774,345.7544786230719,-58.73652137692886,0.05710300000954041,0.0,-0.07054512815627051,-0.07054512815627051,180.50925118002738,-154.29746806854243,93.67967287096674
1015.4,44.243000000003384,347.03370101254455,-57.20929898745885,-0.22069099999588837,0.0,0.20811034419580976,0.20811034419580976,182.31238578918462,-153.26172944387767,98.73524345448348
1015.5,44.169,347.3484456457421,-56.820554354257865,-0.060349494961940586,0.0,0.054933301522794235,0.054933301522794235,184.1024401443036,-154.08650590007133,100.75245489115476
1015.6,44.37500000000108,345.38527411147214,-58.98972588852894,0.3433623762299703,0.0,-0.3426380705443899,-0.3426380705443899,185.9105574950374,-159.3392783862655,95.77958943041983
1015.7,44.447999999996846,344.1457601965885,-60.30223980340833,0.20624949496443018,0.0,-0.2163359893900427,-0.2163359893900427,187.75969177949122,-163.09762190905275,93.0207911423098
1015.8,44.58499999999611,344.853860234896,-59.731139765100124,-0.14444257425490006,0.0,0.12358677101963757,0.12358677101963757,187.80255451428502,-162.19936267960597,94.66343659735074
1015.9,44.68599999999863,346.4759616527919,-58.210038347206705,-0.28983899999526386,0.0,0.26425895922127746,0.26425895922127746,189.63835508374737,-161.18975795934946,99.9027909914222
1016.0,44.176,348.4172668196179,-55.75873318038208,-0.3650050000011276,0.0,0.33882166947091924,0.33882166947091924,191.4224909445357,-158.24428796881452,107.70940239669775
1016.1,44.44099999999932,349.0695321195393,-55.371467880460045,-0.13355000001052342,0.0,0.1138417708013605,0.1138417708013605,193.18741532062958,-158.96493930323697,109.77944029090153
1016.2,44.39500000000199,348.55654657385753,-55.83845342614444,0.07825100000025031,0.0,-0.08953286787286295,-0.08953286787286295,194.93812481638653,-161.30303758629907,109.46324758731619
1016.3,44.200000000005545,348.2232197733809,-55.97678022662467,0.05359800000098548,0.0,-0.05817650153455959,-0.05817650153455959,195.9808638315931,-162.43107322057338,109.65694433363612
1016.4,44.39199999999738,347.73721127287035,-56.65478872712703,0.08994399999713501,0.0,-0.09350116212737007,-0.09350116212737007,197.7642041239774,-165.20704957871789,108.70745697644318
1016.5,44.022,346.752733025524,-57.26926697447601,0.16531499999916976,0.0,-0.17182386830457255,-0.17182386830457255,199.55789931687315,-167.87227168487695,107.89928442358708
1016.6,44.27999999999901,345.88776637651193,-58.39223362348707,0.1469240000017927,0.0,-0.1509651594520207,-0.1509651594520207,201.38025115149512,-171.50667916480307,105.54366184523138
1016.7,44.21300000000289,345.88776637651193,-58.32523362349093,0.014722222227063153,0.0,0.0,-0.017231179389004644,203.20622201536585,-172.9371209936206,106.70295613616328
1016.8,44.274999999998236,346.4274921076649,-57.84750789233334,-0.09369999999943975,0.0,0.09419991066351738,0.09419991066351738,204.38468061453082,-173.03916679399936,108.76830616104236
1016.9,44.00800000000365,344.99221006309455,-59.01578993690907,0.259753465328376,0.0,-0.2575772293222928,-0.2575772293222928,206.21174491488068,-176.78722722515508,106.15818400331273
1017.0,44.336000000000006,342.05449094090807,-62.281509059091945,0.5136100000059729,0.0,-0.5127287118095194,-0.5127287118095194,208.09153131236855,-184.2116884421261,96.78914838569207
1017.1,44.072999999995936,341.5642624445336,-62.508737555462346,0.08244100001557714,0.0,-0.08556101348835334,-0.08556101348835334,210.0098313463674,-186.29578141748814,96.94333957615223
1017.2,43.79800000001188,342.56025789855653,-61.23774210145535,-0.18298100000280304,0.0,0.17383400007596717,0.17383400007596717,211.91745304226083,-185.77188987554862,101.96966135074621
1017.3,44.2939999999859,342.9111977228291,-61.38280227715677,-0.07252700000266676,0.0,0.061250554099261695,0.061250554099261695,213.36866492468135,-187.30338947833764,102.19406764419894
1017.4,43.859000000005935,343.50567579114943,-60.35332420885652,-0.11373799999513744,0.0,0.09961075147706826,0.09961075147706826,215.25956852005038,-187.08042341667442,106.47815275292898
1017.5,43.99100000000001,344.4600014459314,-59.53099855406856,-0.18057800000168034,0.0,0.1665612481219675,0.1665612481219675,217.1201675257806,-187.13665971095736,110.0955845556414
1017.6,43.84200000000182,344.77966814154024,-59.06233185846156,-0.06799200000394194,0.0,0.05579236347345549,0.05579236347345549,218.95938878562814,-187.80740184521161,112.56817378605318
1017.7,43.96499999999469,344.77966814154024,-59.18533185845445,-0.0036069999991499187,0.0,0.0,-0.010883508709415906,220.80903085343556,-189.63715103115985,113.11224096099649
1017.8,43.89300000000205,345.63672028570807,-58.25627971429401,-0.17010899999247017,0.0,0.14958381777005286,0.14958381777005286,222.36889093861802,-189.10470493278433,116.99288110631164
1017.9,43.80100000000126,347.4635224926529,-56.33747750734835,-0.33504899999950183,0.0,0.3160044342948805,0.3160044342948805,224.1688944317456,-186.57955282029363,124.25684568719083
1018.0,43.511,348.53716209169977,-54.973837908300254,-0.20315100000718975,0.0,0.1873854598315996,0.1873854598315996,225.92782151343877,-185.0100462992899,129.6713665469091
1018.1,43.7659999999976,348.3899018482798,-55.37609815171777,0.01146969696631113,0.0,-0.025701761049671402,-0.025701761049671402,227.67745406404862,-187.35564303896598,129.36338782879233
1018.2,43.60300000000704,348.3899018482798,-55.21309815172725,-0.008668316827292633,0.0,0.0,-0.00564249748275134,229.43171527546698,-188.4276002311958,130.89672052941435
1018.3,43.60100000000006,349.5816169235538,-54.019383076446275,-0.22619599999355222,0.0,0.20799351809183272,0.20799351809183272,231.2347562445035,-187.11881709396852,135.85308529734945
1018.4,43.668999999999066,350.9819844085826,-52.68701559141647,-0.26575300000471636,0.0,0.24513963126246607,0.24513963126246607,232.94228962076056,-185.26741935589376,141.20231449579603
1018.5,43.457,351.26516408389875,-52.19183591610124,-0.06888700000504844,0.0,0.04942417708995704,0.04942417708995704,234.6322126596304,-185.37532583040723,143.83415377032108
1018.6,43.24000000000077,351.58805455474,-51.651945445260765,-0.07456399999446342,0.0,0.05635501839494939,0.05635501839494939,236.32130872692184,-185.33647036726026,146.6224870550584
1018.7,43.291999999997756,352.84575060444735,-50.44624939555041,-0.240735999997363,0.0,0.21950937056720088,0.21950937056720088,237.98392514574374,-183.49215632736107,151.54859680680073
1018.8,43.76099999998667,354.2657029358555,-49.495297064131194,-0.26760900000138416,0.0,0.24782843404441862,0.24782843404441862,239.44494565775744,-182.0626002119496,155.52199717438762
1018.9,42.7570000000137,355.13630604112416,-47.62069395888955,-0.16614444444815124,0.0,0.14836438597906879,0.14836438597906879,241.04426218766127,-178.0591157705567,162.4724211200211
1019.0,43.078,356.1366292101671,-46.941370789832945,-0.19570990098491964,0.0,0.17458932883782913,0.17458932883782913,242.6277568039464,-177.2772924672244,165.6532219644554
1019.1,43.170999999994685,357.5782280391925,-45.592771960802224,-0.27318400000144605,0.0,0.2516064605938816,0.2516064605938816,244.18133244592758,-174.43933693186744,170.86673416975881
1019.2,42.81100000001556,357.95196650668044,-44.85903349333512,-0.08052400000823809,0.0,0.06522966799022928,0.06522966799022928,245.7058522837052,-173.31229056140612,174.1672064047096
1019.3,42.46300000000989,357.1943540697882,-45.26864593022174,0.12099699999838309,0.0,-0.13222831477827757,-0.13222831477827757,247.06374337113917,-175.51765275615966,173.87940320672905
1019.4,42.603999999998074,356.7686314553086,-45.83536854468946,0.06722700000440406,0.0,-0.07994428632432712,-0.07994428632432712,248.61771293681247,-178.34363638818917,173.2175353299101
1019.5,42.152,356.7686314553086,-45.38336854469139,-0.026584999999838904,0.0,0.0,0.017554826456836824,250.16935908242826,-178.0761034205273,175.70887744867818
1019.6,42.399999999995934,356.0967579058647,-46.303242094131235,0.11071515150801033,0.0,-0.11726405594856815,-0.11726405594856815,251.74159533744225,-182.01074391474506,173.91354151601195
1019.7,42.12500000001188,354.6342898423266,-47.49071015768527,0.24791287128744177,0.0,-0.25524882914004243,-0.25524882914004243,253.33498612991963,-186.75039136052743,171.18091752335135
1019.8,41.90300000000631,353.6481886966383,-48.25481130336806,0.1690780000036597,0.0,-0.17210711749950028,-0.17210711749950028,254.38687486183227,-189.8014277719588,169.37561842749216
1019.9,41.914999999999836,352.90145664773735,-49.0135433522625,0.14098499999760838,0.0,-0.14102779760854384,-0.14102779760854384,256.0375425102195,-193.273686279228,167.93006093821023
1020.0,41.761,351.6955959388785,-50.06540406112151,0.20587999999920692,0.0,-0.21046239690019103,-0.21046239690019103,257.7117985453102,-197.6076592070643,165.42848645914432
1020.1,41.59800000000071,350.69065387079377,-50.90734612920693,0.16844700000271629,0.0,-0.17539547879879944,-0.17539547879879944,259.4137185009615,-201.33805912898623,163.58014333246243
1020.2,41.645999999997926,350.25994049765796,-51.38605950233995,0.0744270000019257,0.0,-0.07517366493591013,-0.07517366493591013,261.1401111941389,-204.04669735911773,162.96963818860203
1020.3,41.68399999999892,349.4450152132682,-52.238984786730725,0.14537171716610175,0.0,-0.1422312937035151,-0.1422312937035151,261.88651729703696,-207.0401109039113,160.3712580821992
1020.4,41.47600000000284,347.8392139163122,-53.63678608369065,0.28785346534505796,0.0,-0.2925707678075305,-0.2925707678075305,263.6577052526213,-212.31686080052077,156.32317857211845
1020.5,41.486,346.65183516533494,-54.834164834665046,0.19579600000618602,0.0,-0.20723668672769593,-0.20723668672769593,265.46699253337687,-217.0162064130701,152.8943762170333
1020.6,41.69500000000431,347.1501676758827,-54.544832324121614,-0.09998080807225174,0.0,0.08697543078786858,0.08697543078786858,267.2911990152551,-217.72729915000102,155.04647134281598
1020.7,41.98699999998739,348.10152288831785,-53.88547711166956,-0.1818500000045045,0.0,0.1660428081300314,0.1660428081300314,269.10855842518043,-217.3967959005771,158.6128914995297
1020.8,41.49500000001398,348.10152288831785,-53.39347711169614,-0.038730693071948444,0.0,0.0,0.019797917612586566,270.08599979442715,-216.8114262059209,161.05667558816003
1020.9,41.599999999998566,348.5669142479104,-53.03308575208814,-0.08666699999483754,0.0,0.07198886868135612,0.07198886868135612,271.8726240836216,-217.2215771190771,163.49162106975103
1021.0,41.536,349.03530166720634,-52.50069833279366,-0.09151900000512779,0.0,0.08174902641634271,0.08174902641634271,273.6550426132523,-217.1071725697001,166.5879886620023
1021.1,41.83600000000005,348.46107135212293,-53.37492864787714,0.09107699999610504,0.0,-0.10022209662970913,-0.10022209662970913,275.4520567532754,-221.06583959520256,164.3281172948738
1021.2,41.83899999999987,347.51776799453063,-54.321232005469255,0.15892626262689133,0.0,-0.16463749435102892,-0.16463749435102892,277.26082175934687,-225.2188859587718,161.70966789328972
1021.3,41.86299999999932,346.81228447815386,-55.05071552184546,0.11669603960543393,0.0,-0.12313010179321644,-0.12313010179321644,277.732045218712,-227.64568880249521,159.09911788255206
1021.4,42.09899999999678,346.1982652782394,-55.90073472175743,0.11491999999856253,0.0,-0.12133454114592424,-0.12133454114592424,279.5864900880738,-231.5164925363225,156.74411990070797
1021.5,41.977,345.1809976014795,-56.7960023985205,0.1716949999986245,0.0,-0.1775467033357312,-0.1775467033357312,281.457533536054,-235.50286638335882,154.13222605743678
1021.6,42.211999999995896,343.82375799667426,-58.388242003321636,0.2275686868672868,0.0,-0.23688299842317662,-0.23688299842317662,283.3694402559209,-241.32290873484575,148.53111926699813
1021.7,41.934000000012006,342.69206330111786,-59.241936698894165,0.19000693069634061,0.0,-0.19751798564813725,-0.19751798564813725,285.3020505995324,-245.16988020112143,145.9074703997911
1021.8,42.02999999999727,341.8995209741796,-60.130479025817635,0.1334369999994726,0.0,-0.13832473066489548,-0.13832473066489548,286.62779510223373,-248.55267515544529,142.7482420145333
1021.9,41.934000000001305,340.8816438874116,-61.05235611258968,0.17840399999827505,0.0,-0.18249027512396535,-0.18249027512396535,288.5908474757936,-252.5349864593812,139.68091444702432
1022.0,41.935,339.60041193979225,-62.33458806020775,0.21706767676751582,0.0,-0.2236171596769737,-0.2236171596769737,290.58735206141324,-257.36568516701846,134.9218784207174
1022.1,42.12099999999681,339.60041193979225,-62.520588060204545,-0.011531683156777522,0.0,0.0,0.004589758570222674,292.5895191849454,-259.5786028502371,135.0095392155548
1022.2,41.90500000000933,340.52558779895327,-61.379412201056084,-0.16272020202453497,0.0,0.16147364902327677,0.16147364902327677,294.59639076559347,-258.5999267027504,141.1138241330252
1022.3,42.20799999999139,339.8225157390714,-62.38548426092001,0.12469603959398574,0.0,-0.122709223237179,-0.122709223237179,296.3504383031031,-262.5920266104095,137.3645144973013
1022.4,41.94600000000358,338.1774903223507,-63.7685096776529,0.2914680000019034,0.0,-0.28875496933335437,-0.28875496933335437,298.3799938935904,-267.6515027523234,131.8836374625832
1022.5,42.04,336.9476667793826,-65.09233322061743,0.21484018691780643,0.0,-0.21464470043335102,-0.21464470043335102,300.4269747082602,-272.4835609366594,126.5269779597831
1022.6,43.24500000000034,336.1508414283713,-67.09415857162907,0.13653870967944473,0.0,-0.13907225938506307,-0.13907225938506307,302.53152793786893,-278.6756247727224,117.75067538640435
1022.7,43.267999999999006,336.00550866774785,-67.26249133225116,0.013764000004124005,0.0,-0.025365351838918727,-0.025365351838918727,304.6503371260348,-280.97451492708825,117.75037100788306
1022.8,42.83300000001236,336.2939792910184,-66.53902070899397,-0.06634700000024019,0.0,0.05034762171351819,0.05034762171351819,306.46452433918154,-281.12953903741754,122.01101163030297
1022.9,42.949999999998404,336.8877423154916,-66.06225768450679,-0.12113099999697885,0.0,0.10196433791864536,0.10196433791864536,308.6481669871053,-282.10037482938185,125.23206261026881
1023.0,42.047,338.21863941352245,-63.828360586477515,-0.25640799999630226,0.0,0.23228536365875826,0.23228536365875826,310.7117471102942,-278.85658414333705,137.04304167757445
1023.1,41.20699999999926,339.1508470546469,-62.05615294535238,-0.18535300000743574,0.0,0.1627009264987115,0.1627009264987115,312.72118268462265,-276.2601681828105,146.5430229498299
1023.2,41.15700000000216,339.1508470546469,-62.00615294535527,-0.010125252526374116,0.0,0.0,-0.012689018734790704,314.72238013440716,-277.8992334482801,147.72336513336202
1023.3,41.126000000000886,339.5599444167524,-61.5660555832485,-0.08889999999493277,0.0,0.07140095929965547,0.07140095929965547,316.54653224124894,-278.36046009064955,150.7221328540767
1023.4,41.02500000000138,340.1755580057549,-60.84944199424649,-0.11990297030053029,0.0,0.10627297628003089,0.10627297628003089,318.4988829042861,-278.1586866985803,155.1427839939686
1023.5,40.851,340.49459069992275,-60.356409300077246,-0.07034799999887978,0.0,0.05568170934736922,0.05568170934736922,320.4578965534827,-278.5160101645462,158.49951276109667
1023.6,40.987000000007406,341.10491346113776,-59.88208653886966,-0.11437199999894022,0.0,0.10652141683064983,0.10652141683064983,322.40516647040334,-278.878722050767,161.77685172526859
1023.7,41.487999999978356,340.4939125209795,-60.994087478998836,0.10105799998799969,0.0,-0.10663978138541627,-0.10663978138541627,324.35787851785733,-283.673563926661,157.28109385985226
1023.8,41.32900000000451,338.7223341988577,-62.60666580114679,0.29557000000264944,0.0,-0.3091987467798195,-0.3091987467798195,325.54297863238327,-289.0394924783652,149.78118281243945
1023.9,41.29300000000049,338.751426927134,-62.54157307286653,-0.023698989885540866,0.0,0.0,0.013544392938462475,327.5342518590828,-290.6360898286566,151.02764458865843
1024.0,41.63399999999999,339.4216543172673,-62.21234568273269,-0.12206732674122506,0.0,0.11697674694875182,0.11697674694875182,329.53577102612667,-291.53418318474843,153.6282669972727
1024.1,41.60799999999366,338.5559238756673,-63.052076124326334,0.13928235293706367,0.0,-0.15109846640664665,-0.15109846640664665,331.53723793184713,-295.53852281088933,150.24620351355202
1024.2,41.210000000017196,338.5559238756673,-62.6540761243499,-0.0006295918245588228,0.0,0.0,-0.010468574921407726,333.5525343298195,-296.27781485869883,153.2212438939195
1024.3,41.398999999994416,339.3795329293379,-62.0194670706565,-0.15114100000541525,0.0,0.1437468973578678,0.1437468973578678,334.9961772465009,-295.83748640316634,157.1706728636912
1024.4,41.355000000000594,339.1122630247989,-62.242736975201694,0.042033999995623184,0.0,-0.05031846475896946,-0.05031846475896946,336.9933143082121,-298.2150243119939,156.9467844940773
1024.5,40.7,338.2071771167644,-62.49282288323559,0.1520429999989913,0.0,-0.15796729108604052,-0.15796729108604052,338.9943725487832,-300.67207083170194,156.56784612914367
1024.6,41.37599999999034,337.306276080609,-64.06972391938132,0.1520730000009993,0.0,-0.15723689315540024,-0.15723689315540024,341.02862864304063,-306.696198864756,149.12399926256992
1024.7,40.769000000026224,336.52101331008885,-64.24798668993736,0.12849100000010164,0.0,-0.13705420838909246,-0.13705420838909246,343.0805861611778,-309.00684226824904,149.06059181454634
1024.8,40.90299999999604,336.6906750324482,-64.21232496754783,-0.03896262625384461,0.0,0.029611556697745532,0.029611556697745532,344.6415215650396,-310.31949050216383,149.93195857169053
1024.9,40.53500000000502,337.46648696516723,-63.06851303483779,-0.14314554455767003,0.0,0.1326061719949932,0.1326061719949932,346.6780040243534,-309.08034422925294,157.01904115563852
1025.0,40.309,337.46648696516723,-62.84251303483279,-0.004146464650181481,0.0,0.0,-0.006154389624536943,348.70686610780194,-310.2637793463674,159.16301610749008
1025.1,42.35599999997754,337.2037370617772,-65.15226293820035,0.04203465346669866,0.0,-0.0458585092345305,-0.0458585092345305,350.7918903214713,-318.3182743773535,147.40565291987642
1025.2,40.94500000006096,336.54174296613957,-64.40325703392136,0.11006899999509034,0.0,-0.11553976597637791,-0.11553976597637791,352.8346480073612,-318.20642794326636,152.4367345821383
1025.3,40.05800000002622,335.5127255607125,-64.54527443931369,0.1702830000021573,0.0,-0.17959741785031902,-0.17959741785031902,355.36604899819184,-320.8689563323587,152.73552842337682
1025.4,40.57799999999291,334.86615653165603,-65.7118434683369,0.10483434343551029,0.0,-0.11031870962829202,-0.11031870962829202,357.4443839680373,-325.80638113477124,147.02615291897513
1025.5,40.055,334.0835373404026,-65.97146265959742,0.1341227722746023,0.0,-0.1365928167666734,-0.1365928167666734,359.52768841896955,-328.37201152245996,146.3966556605071
1025.6,40.318000000002726,333.22277662754203,-67.09522337246068,0.14522100000205768,0.0,-0.1502310851122982,-0.1502310851122982,361.63570892755877,-333.12180441706806,140.74888771658075
1025.7,40.48899999999261,333.22277662754203,-67.26622337245055,0.0058380000048030845,0.0,0.0,-0.012488546914099402,363.74819856954724,-335.488758306824,140.57042723253065
1025.8,39.91500000001697,332.97623241302324,-66.93876758699372,0.036653999993147446,0.0,-0.04303008295096266,-0.04303008295096266,365.9420897650896,-336.69846831085,143.34487956940924
1025.9,39.926999999999836,331.884052300747,-68.04294769925286,0.1811525252520399,0.0,-0.19018886479329966,-0.19018886479329966,368.0652721953373,-341.36743360144254,137.62383468205076
1026.0,39.942,331.7393897631337,-68.20261023686629,0.014850000008806402,0.0,-0.025248375856419147,-0.025248375856419147,370.18578333490774,-343.71851576669013,137.45943438856003
1026.1,39.735999999990476,332.8686529733917,-66.8673470265988,-0.20514999999790146,0.0,0.19709361140643875,0.19709361140643875,372.3041321605776,-342.37004384905265,146.2638707905633
1026.2,39.13800000002584,332.68400833161706,-66.45399166840878,0.023127722758721103,0.0,-0.03222656945133325,-0.03222656945133325,374.3918153255916,-343.2197972230758,149.56404038719546
1026.3,40.390999999962965,330.6295565793902,-69.76144342057273,0.34808499999750087,0.0,-0.35856947399724876,-0.35856947399724876,377.0610169439457,-353.78143776333326,130.43659299794382
1026.4,39.78400000000828,329.74027775153934,-70.04372224846895,0.14447979799264343,0.0,-0.15307946223374314,-0.15307946223374314,379.21808939544246,-356.447310387631,129.42825905556202
1026.5,39.665,329.9175080001791,-69.74749199982091,-0.03978712871654197,0.0,0.030932513728921678,0.030932513728921678,381.3860500548666,-357.8073092581579,132.01987963140317
1026.6,39.98699999999442,329.11890578708756,-70.86809421290684,0.12884299999549487,0.0,-0.1393823803216049,-0.1393823803216049,383.5578891455077,-362.37266394378696,125.70881732018961
1026.7,39.636000000015166,328.54634630698877,-71.08965369302638,0.08826300000697165,0.0,-0.09993048091230378,-0.09993048091230378,385.7439772981962,-364.9241602620216,125.0150922044604
1026.8,39.46800000000497,329.2268173504933,-70.24118264951164,-0.13061099999601433,0.0,0.11876460173635701,0.11876460173635701,388.264110043201,-365.40467288296884,131.25716812018084
1026.9,39.83699999999497,329.3859380922667,-70.45106190772827,-0.03977777778638081,0.0,0.02904663387534131,0.02904663387534131,390.4392470748468,-367.93277982399894,130.64560913922048
1027.0,39.8,328.9182155503995,-70.8817844496005,0.0721089108941213,0.0,-0.0816329834137997,-0.0816329834137997,392.60692264385176,-370.95262298832967,128.5859525996272
1027.1,39.39100000000369,328.9182155503995,-70.4727844496042,-0.013519999998866042,0.0,0.0,0.004978656740400916,394.7770595521024,-372.07059879637745,131.95603911875102
1027.2,39.62299999998998,328.9182155503995,-70.70478444959048,-0.01016800000140771,0.0,0.0,-0.00018909372156613967,396.9478366845251,-374.6507002098654,131.16568865668322
1027.3,40.09799999998596,328.6674151463235,-71.43058485366248,0.03217699999929299,0.0,-0.04377292816458679,-0.04377292816458679,399.4665431229936,-378.66973066357264,127.21145449137764
1027.4,39.70400000000537,328.20110095443164,-71.50289904557371,0.0681009999988872,0.0,-0.08017765548092294,-0.08017765548092294,401.6477902123779,-380.89854846580033,127.42544156930627
1027.5,39.599,328.50629871736874,-71.09270128263125,-0.06674040403238946,0.0,0.05326705832973529,0.05326705832973529,403.8321409435387,-382.0430096442918,130.85693272033254
1027.6,39.59899999999965,329.0980612189939,-70.50093878100574,-0.11903663366852796,0.0,0.10328204043197449,0.10328204043197449,406.00664738891504,-382.72093203525344,135.52153299772598
1027.7,39.57700000000095,329.29010659807597,-70.286893401925,-0.051172999997826464,0.0,0.03351824178223249,0.03351824178223249,408.17927426295915,-384.25727828994843,137.6832016588704
1027.8,39.39700000000532,330.10643516529063,-69.2905648347147,-0.15881599999667473,0.0,0.14247621275983946,0.14247621275983946,411.51445969362464,-384.9247861178559,145.52339869951737
1027.9,39.44899999999929,331.4173783832669,-68.03162161673237,-0.25257299999856997,0.0,0.23325341372816333,0.23325341372816333,413.64751111561355,-383.6127552905414,154.7433922031596
1028.0,39.556,332.5780423276092,-66.9779576723908,-0.22364545454841944,0.0,0.20257407337956704,0.20257407337956704,415.761670580624,-382.6481106013304,162.59824776799815
1028.1,39.455999999997424,332.8839345253126,-66.57206547468479,-0.06810990099465862,0.0,0.053388260060872265,0.053388260060872265,417.8465534218407,-383.39965434729925,166.13382332590385
1028.2,39.294000000006996,332.54408766697804,-66.74991233302893,0.05057599999894917,0.0,-0.05931446630497371,-0.05931446630497371,419.94667696809586,-385.8430618860638,165.77196111204498
1028.3,39.17100000000364,332.33138890862733,-66.8396110913763,0.026434000002418863,0.0,-0.037122936481239495,-0.037122936481239495,422.52909793944826,-388.4764084908083,166.18338861512754
1028.4,39.515999999995294,332.4662244496577,-67.04977555033759,-0.042563999998919425,0.0,0.025570749053584713,0.025570749053584713,424.6625669647986,-391.0479567007744,165.58922471369115
1028.5,39.063,333.73074058853615,-65.33225941146384,-0.23914199999118194,0.0,0.22069970068034456,0.22069970068034456,426.7513496905534,-387.8074325464123,178.10701761713062
1028.6,39.24000000000277,335.3804467350701,-63.859553264932686,-0.30696900000547844,0.0,0.28792803947405876,0.28792803947405876,428.825929291406,-384.96423514332133,188.92912769913366
1028.7,39.413999999992484,336.66274054740074,-62.75125945259174,-0.24544199999713004,0.0,0.223802490031204,0.223802490031204,430.87131459146553,-383.0563209868237,197.2763155825279
1028.8,39.13900000000813,338.08330853288277,-61.05569146712537,-0.26677000000199413,0.0,0.24793588595083868,0.24793588595083868,433.4944264850832,-379.346866815649,209.7936424937168
1028.9,39.52699999999471,338.6458100161756,-60.88118998381913,-0.11862200000550695,0.0,0.10306633219226226,0.10306633219226226,435.49787508712114,-380.45639334133347,211.92293875629016
1029.0,40.336,338.6458100161756,-61.69018998382444,-0.03690499999840145,0.0,0.0,0.019423125877647406,437.5127208704365,-385.1845231698876,207.48557548378832
1029.1,39.60300000000336,339.27499462669095,-60.32800537331241,-0.1261499999972832,0.0,0.10981343056371833,0.10981343056371833,439.5016312313873,-381.8713574634194,217.56826561816357
1029.2,39.813999999990884,339.98498848013844,-59.82901151985243,-0.1381030000023619,0.0,0.12391730411580451,0.12391730411580451,441.4906452515306,-381.68163980138314,221.88536608604915
1029.3,39.365000000013275,339.98498848013844,-59.38001151987481,-0.025702000003371903,0.0,0.0,0.009659030163990556,443.67006986719355,-381.80666214988656,225.97965314143394
1029.4,39.07300000000399,340.1659132880413,-58.907086711962734,-0.052251515146792424,0.0,0.033528676596796585,0.033528676596796585,445.63423392312916,-381.6103941195546,230.1377360281716
1029.5,39.017,341.04302189395946,-57.97397810604053,-0.1744762376223991,0.0,0.1530843307085098,0.1530843307085098,447.5729431396459,-379.4556248011133,237.34988569089606
1029.6,39.02000000000215,341.80087495593284,-57.2191250440693,-0.15434040404273325,0.0,0.13227031177755286,0.13227031177755286,449.498779444548,-377.9149194009086,243.37104679140276
1029.7,39.15499999999417,342.11687675253285,-57.03812324746133,-0.07846831683301932,0.0,0.05515271792887756,0.05515271792887756,451.4099810433011,-378.7477677547738,245.60354111105443
1029.8,39.377999999993406,342.9175085470578,-56.46049145293557,-0.1638489999940409,0.0,0.13973660910611957,0.13973660910611957,453.31753507154457,-377.842447194695,250.46331607895223
1029.9,39.4219999999994,344.00340813249335,-55.41859186750605,-0.21054200000357376,0.0,0.1896288117960503,0.1896288117960503,455.20372713403736,-374.7785986524979,258.3629911360932
1030.0,39.152,344.00340813249335,-55.14859186750664,-0.03806900000500377,0.0,0.0,0.01846735698593997,457.07039936685993,-375.0887949211272,261.19292850687475
1030.1,39.15499999999968,343.88834377057316,-55.26665622942653,0.006296000002825444,0.0,-0.020082519672128,-0.020082519672128,458.94001431358157,-377.1626885757323,261.48468996190894
1030.2,39.135000000000865,344.11305992223896,-55.02194007776188,-0.048067676768013747,0.0,0.0392203672897898,0.0392203672897898,460.8103364034823,-377.57491272635343,264.16538648350036
1030.3,39.16399999999914,344.11305992223896,-55.050940077760174,-0.019517821783311944,0.0,0.0,0.008115239569558402,462.6852586427568,-379.2453723697474,265.04829013115034
1030.4,38.92900000000321,344.1138033308966,-54.815196669106626,0.0086888888885846,0.0,0.0,-0.018814443046173288,464.5535254007626,-379.6785547048605,267.68297117953773
1030.5,38.79,344.1138033308966,-54.67619666910343,0.009849504950741569,0.0,0.0,-0.016560639928884506,466.4238974069166,-380.5540688539686,269.68472843479054
1030.6,38.709999999998665,344.1138033308966,-54.596196669102085,-0.021267999998743195,0.0,0.0,0.01433290292291644,468.2919004874894,-381.6997365049098,271.2980191860366
1030.7,38.62600000000363,344.2962676388093,-54.32973236119432,-0.043059000000270145,0.0,0.03184602940449604,0.03184602940449604,470.1514961247839,-381.94460295869135,274.1546088963312
1030.8,38.242000000011345,344.87909234391634,-53.36290765609499,-0.11918299999568283,0.0,0.10172210066082579,0.10172210066082579,471.99228401497146,-378.741391880025,281.65879046543324
1030.9,38.45599999999708,345.93859151555523,-52.51740848444183,-0.20459199999998015,0.0,0.18536751505056154,0.18536751505056154,473.82611764112295,-375.99915621608585,288.3328359442447
1031.0,38.108,346.658603963297,-51.44939603670298,-0.14629800000296908,0.0,0.12566587868438195,0.12566587868438195,475.633890658606,-371.9733097912718,296.41770315885196
1031.1,37.98299999999858,347.5173983906655,-50.46560160933308,-0.18025999999541692,0.0,0.14988790355359258,0.14988790355359258,477.413730961709,-368.2017904987217,303.8935866126736
1031.2,37.89400000000384,349.21888785444094,-48.675112145562935,-0.3260929999976282,0.0,0.29696593330875304,0.29696593330875304,479.1590512179079,-359.8376062087466,316.4021073286408
1031.3,37.871000000000684,350.4831109687679,-47.38788903123276,-0.24299200000697171,0.0,0.22064855824822394,0.22064855824822394,480.75392762636613,-353.81277372140914,325.4855758397601
1031.4,37.86000000000015,351.0667568039861,-46.79324319601403,-0.12485899999903097,0.0,0.10253741342532241,0.10253741342532241,482.4407530801438,-351.6452248567945,330.29489258532396
1031.5,37.833,352.07813446893437,-45.75486553106566,-0.19816099999730105,0.0,0.17651870234479167,0.17651870234479167,484.1106235959614,-346.79806574374305,337.77832594005946
1031.6,37.84200000000684,352.8415616702219,-45.00043832978497,-0.15222100000489255,0.0,0.13324318261752752,0.13324318261752752,485.7548632130216,-343.48318549082944,343.4779300336105
1031.7,38.271999999981425,352.8415616702219,-45.43043832975951,-0.030185000000830256,0.0,0.0,0.014951561821108248,487.4074497490055,-347.2285620794335,342.050212318423
1031.8,37.93000000001011,352.8415616702219,-45.08843832978823,-0.032405999998979626,0.0,0.0,0.018758267688439814,489.61720146693114,-346.7456222370989,345.67683959402973
1031.9,38.23599999999582,353.0262104932151,-45.20978950678074,-0.04337254902006543,0.0,0.030014476608179245,0.030014476608179245,491.26078297318634,-348.6434149676955,346.0995898395307
1032.0,38.339,352.80167806816144,-45.53732193183856,0.02750408162946695,0.0,-0.03918830094672943,-0.03918830094672943,492.9044574874237,-351.7892943605978,345.2522216934225
1032.1,38.02099999999742,352.1247010806472,-45.896298919350215,0.1088803921561383,0.0,-0.1181547739235598,-0.1181547739235598,494.5475406159414,-355.1253621685039,344.18490244919974
1032.2,37.859000000007,351.71523243615286,-46.14376756385411,0.06170612245230096,0.0,-0.071465760301042,-0.071465760301042,496.2057341544401,-357.80431997307306,343.79674113690146
1032.3,37.98099999999639,351.71523243615286,-46.26576756384355,0.007203999999233423,0.0,0.0,-0.017815792213450577,498.704765663747,-360.3412410756906,344.7617050598339
1032.4,37.98000000000001,351.5166622802088,-46.46333771979124,0.029257999999648072,0.0,-0.03809599421046424,-0.03809599421046424,500.3663259249196,-362.73244199856066,344.6616248458243
1032.5,37.654,351.28262092455503,-46.37137907544496,0.03262900000019579,0.0,-0.04084792241989288,-0.04084792241989288,502.0245716868846,-363.3790831719427,346.387517804147
1032.6,37.75300000000199,351.59297394052464,-46.16002605947733,-0.06734199999537438,0.0,0.05416681972164487,0.05416681972164487,503.68601510769315,-363.297218604291,348.87638608746977
1032.7,37.8779999999946,352.3756935402775,-45.50230645971709,-0.15308800000071376,0.0,0.1366103413557998,0.1366103413557998,505.33871225756843,-360.4473214961652,354.1820753967903
1032.8,37.67000000000615,352.8669645125073,-44.803035487498846,-0.10160100000194491,0.0,0.0857429598488377,0.0857429598488377,507.7157934052075,-357.773002789372,360.2413154375208
1032.9,37.7799999999985,353.13310122824674,-44.64689877175175,-0.061193000000106565,0.0,0.043976883984303404,0.043976883984303404,509.34147820832004,-357.932408684359,362.37153894428513
1033.0,37.784,353.9790872969619,-43.8049127030381,-0.1680868686813261,0.0,0.14765242325082856,0.14765242325082856,510.95474048282,-353.6854553114908,368.7564853978427
1033.1,37.92199999999481,355.40089720218725,-42.52110279780754,-0.2692019801985042,0.0,0.2481526418365108,0.2481526418365108,512.5556690335196,-346.4167513723364,377.76811435990163
1033.2,37.59600000001408,355.7035367096332,-41.892463290380874,-0.07093400000950206,0.0,0.05282055851547306,0.05282055851547306,514.118292569633,-343.29459437234516,382.7093417065251
1033.3,37.693999999997104,355.2446490482126,-42.44935095178454,0.0655550000031207,0.0,-0.08009100588567071,-0.08009100588567071,515.6770520499844,-348.05013922043287,380.50482598726603
1033.4,37.697999999999944,355.71600634453654,-41.981993655463384,-0.09973099999474831,0.0,0.08230213946207517,0.08230213946207517,517.2538537000396,-345.98956401113713,384.5032779612226
1033.5,38.008,356.9154738821187,-41.09252611788128,-0.23195699999877817,0.0,0.20934657801597606,0.20934657801597606,518.8135019451377,-341.00415228143737,391.003347718911
1033.6,37.74500000000199,357.7270243264271,-40.01797567357488,-0.16145200000461143,0.0,0.14164227299204377,0.14164227299204377,520.3380372989222,-334.591882055633,398.4971085498162
1033.7,37.8699999999946,357.7270243264271,-40.14297567356749,-0.020887000002074392,0.0,0.0,0.00450066914628401,521.8648327733512,-336.4447916753825,398.93333508252516
1033.8,37.88799999999947,358.1144553482303,-39.77354465176916,-0.08511799999434909,0.0,0.06761946954831863,0.06761946954831863,524.3825874257234,-335.4763242528963,403.02944540202276
1033.9,37.85000000000052,359.1795171147024,-38.670482885298156,-0.20144699999974472,0.0,0.184149074938438,0.184149074938438,525.8848489632927,-328.5941616434191,410.5858634963018
1034.0,37.667,359.39368550403145,-38.27331449596852,-0.04728019802818828,0.0,0.03737943547485013,0.03737943547485013,527.3718988148048,-326.6612499484872,414.0211920199553
1034.1,37.8139999999961,358.3399458090463,-39.4740541909498,0.18229183673157626,0.0,-0.1839122713645065,-0.1839122713645065,528.8654517684903,-336.214963449731,408.23787725636805
1034.2,37.56900000001059,357.127019599199,-40.44198040081159,0.2121306930709537,0.0,-0.2116955594557092,-0.2116955594557092,530.383314622016,-344.0478303867905,403.6552375921544
1034.3,37.63299999999811,355.9619233344115,-41.67107666558661,0.20579099999855233,0.0,-0.20334765923229836,-0.20334765923229836,534.2122494028883,-355.1728097263185,399.0426075536372
1034.4,37.50800000000171,354.2927413985781,-43.21525860142361,0.3008707070673247,0.0,-0.2958786887882829,-0.2958786887882829,535.7885033848718,-366.87647097971933,390.4753198357969
1034.5,37.478,352.47534775370946,-45.00265224629055,0.32068118812120805,0.0,-0.31719502907777725,-0.31719502907777725,537.4034737071728,-380.01923052387735,379.9840496449504
1034.6,37.65899999999906,351.479494747874,-46.17950525212507,0.17262000000477207,0.0,-0.17380913817710072,-0.17380913817710072,539.0638488534802,-388.9413600910349,373.2485117870715
1034.7,37.60000000000255,351.1575264651937,-46.44247353480887,0.051323000000924435,0.0,-0.05619406619762349,-0.05619406619762349,540.7445240726462,-391.8682987620686,372.617601221245
1034.8,37.48000000000354,350.593175312072,-46.88682468793155,0.0936737373704781,0.0,-0.09849785759400659,-0.09849785759400659,543.2471070052397,-396.57317864015636,371.27770368392044
1034.9,37.42500000000075,349.6533978207602,-47.771602179240574,0.1610029702967955,0.0,-0.16707648701406103,-0.16707648701406103,544.9478903725046,-403.5184236348618,366.2527610935917
1035.0,37.65,349.19247337127257,-48.45752662872741,0.07245252525726813,0.0,-0.08044649246501716,-0.08044649246501716,546.6803766184275,-409.17075344140585,362.5447954499665
1035.1,37.623000000001646,349.19247337127257,-48.43052662872907,-0.01869108910910607,0.0,0.0,0.00662768047576001,548.4123322059945,-410.29562835420506,363.88677286904255
1035.2,37.72599999999555,349.19247337127257,-48.533526628722996,-0.021163999999662942,0.0,0.0,0.00551051164924099,550.149779423616,-412.251064799174,364.29910701482726
1035.3,37.08500000001895,349.43260467463585,-47.65239532538311,-0.05754949494793102,0.0,0.04191081880794962,0.04191081880794962,552.3720717682498,-408.2425449635778,372.09263651839404
1035.4,37.54499999999373,349.8270436125165,-47.717956387477216,-0.08545000000010755,0.0,0.06675093813350723,0.06675093813350723,554.0930901943507,-409.9413286679127,372.78312683262794
1035.5,37.107,350.3596514934503,-46.747348506549656,-0.11320099009752091,0.0,0.0929576114436501,0.0929576114436501,555.797559812251,-404.8091838069496,380.8417679283669
1035.6,37.21799999999943,351.0721389627422,-46.14586103725725,-0.14262200000005196,0.0,0.12435252218345681,0.12435252218345681,557.4914406413118,-402.01036577439464,386.2439283642692
1035.7,37.18200000000156,351.43902304886956,-45.74297695113199,-0.08044600000308805,0.0,0.06403335276093464,0.06403335276093464,559.1730921122924,-400.48894244871,390.23474207038
1035.8,37.535999999989535,351.57370632571525,-45.96229367427429,-0.037969999998886395,0.0,0.023506666283324932,0.023506666283324932,562.0262545798172,-404.03083347900997,390.68221924637675
1035.9,37.708999999997644,351.4219722803767,-46.28702771962094,0.017127999996104003,0.0,-0.029684487743336554,-0.029684487743336554,563.7051066818489,-407.45208578827527,389.5462040451409
1036.0,37.441,350.81173137513923,-46.62926862486074,0.0973,0.0,-0.10650713026744105,-0.10650713026744105,565.3911530336851,-410.9972826461361,388.263299303774
1036.1,37.051000000002134,350.42958156185415,-46.621418438148,0.06113800000174346,0.0,-0.0666977247770549,-0.0666977247770549,567.0889961446251,-412.1781280129629,389.48571262120544
1036.2,37.18499999999421,350.0739616121138,-47.1110383878804,0.05838799999823541,0.0,-0.062067390087461594,-0.062067390087461594,568.7906057532648,-416.7381055119482,387.1073554034826
1036.3,37.44999999999217,348.8704992424819,-48.57950075751023,0.20646899999409268,0.0,-0.2100438077392864,-0.2100438077392864,571.3715095243855,-428.45687813553553,378.00807593823413
1036.4,37.73699999999609,347.55042498688795,-50.186575013108154,0.22979800000470396,0.0,-0.23359503497357692,-0.23359503497357692,573.1455069095493,-440.2522746964254,366.97916387068557
1036.5,37.292,347.0407938509536,-50.251206149046425,0.08507800000242385,0.0,-0.08894741292733246,-0.08894741292733246,574.9243706241975,-442.03364537595115,367.61976047715046
1036.6,36.74400000000401,346.6165060284327,-50.12749397157131,0.06626599999850222,0.0,-0.07405219479107021,-0.07405219479107021,576.7072520765257,-442.6071697327736,369.7163073206282
1036.7,36.99599999998912,345.87061081123676,-51.125389188752365,0.12438686868555848,0.0,-0.13018327414946718,-0.13018327414946718,578.5008877956022,-450.3752853166303,363.0776494859795
1036.8,36.66600000000975,344.75322436685593,-51.91277563315384,0.19424999999772252,0.0,-0.19502072471597587,-0.19502072471597587,580.4354107412823,-456.8448003888036,358.0476147108305
1036.9,36.818999999997914,343.69926960611804,-53.11973039387988,0.178493069309884,0.0,-0.1855643913007821,-0.1855643913007821,582.2855333744681,-465.76517417417745,349.4556408239634
1037.0,36.465,343.5383511662021,-52.92664883379791,0.015001010106243343,0.0,-0.028085566037048683,-0.028085566037048683,584.1235755072256,-466.051406417646,352.13127955278225
1037.1,36.59300000000005,343.80000054717397,-52.79299945282611,-0.05585000000163538,0.0,0.04566643183763638,0.04566643183763638,585.9676658651098,-466.6974870677935,354.3325570759928
1037.2,36.59599999999987,343.44081914050736,-53.15518085949253,0.05349900989725039,0.0,-0.06268898158276953,-0.06268898158276953,587.8164098205583,-470.4074560287596,352.48398114932985
1037.3,36.282000000009276,343.31870426001007,-52.96329573999924,0.009364000006381212,0.0,-0.02131306730356914,-0.02131306730356914,589.6688905944295,-470.7030842239169,355.1732070933244
1037.4,36.45199999999768,343.71193853548084,-52.74006146451683,-0.08004000000183399,0.0,0.06795561376183418,0.06795561376183418,591.5151686862378,-470.7851459426225,358.1222432992566
1037.5,35.986,343.3909028107242,-52.595097189275805,0.04392020201582129,0.0,-0.056031304135298395,-0.056031304135298395,593.3530805549798,-471.3375221095055,360.4286593152044
1037.6,36.254999999993984,343.0248646879071,-53.23013531208687,0.052593069310697835,0.0,-0.06388570430977084,-0.06388570430977084,595.2031474368987,-476.7852926215205,356.2900103267023
1037.7,35.877000000016324,343.4001242172373,-52.47687578277902,-0.07264499999775706,0.0,0.06549514336296736,0.06549514336296736,597.0493774639125,-473.5243889247969,363.65177329891185
1037.8,36.281999999988024,342.8341068103513,-53.44789318963677,0.09496868685733457,0.0,-0.09878867373761434,-0.09878867373761434,598.9071821752646,-481.11146764033833,356.68132634899075
1037.9,36.4869999999972,340.93793074865283,-55.54906925134435,0.3294861386130454,0.0,-0.32985909265225005,-0.32985909265225005,600.8034582864965,-495.4291212918804,339.874655225966
1038.0,36.631,339.46407223679006,-57.16692776320997,0.25981300000436935,0.0,-0.25723683740548564,-0.25723683740548564,602.7366047678138,-506.4517098866612,326.79975563012425
1038.1,36.48400000000226,338.2147233338312,-58.26927666617104,0.22018686868443155,0.0,-0.21805251862810748,-0.21805251862810748,604.7152368462197,-514.3279768776889,318.0365543060783
1038.2,36.625999999993866,336.8920682288697,-59.73393177112416,0.22833168317046648,0.0,-0.2308468644989061,-0.2308468644989061,606.7153551156217,-524.0165278644083,305.79437643293033
1038.3,36.885999999992315,336.1788467586125,-60.707153241379785,0.11966900000341592,0.0,-0.12448062951902422,-0.12448062951902422,608.7713825201771,-530.9280073491916,297.8557489586939
1038.4,36.14100000001016,336.03531509488784,-60.1056849051223,0.01775700000175221,0.0,-0.024998244146653897,-0.024998244146653897,610.8103772546034,-529.5397383995643,304.4289447763336
1038.5,36.881,335.7801966339381,-61.10080336606188,0.03164040403786664,0.0,-0.04452657126193957,-0.04452657126193957,612.8628196592222,-536.5438114106788,296.17828103619314
1038.6,36.555000000002,335.7801966339381,-60.77480336606391,-0.02439999999489091,0.0,0.0,0.012252215855977631,614.9171215296868,-536.64275287301,300.2292826145266
1038.7,36.680999999994555,336.2804458928654,-60.40055410712921,-0.09486534653647277,0.0,0.08730996648943423,0.08730996648943423,616.9636275572703,-536.4496930040488,304.73897782280505
1038.8,36.80499999999633,336.2804458928654,-60.52455410713094,-0.017077000002141754,0.0,0.0,0.0051296259337380475,618.7172751487807,-538.6346218943401,304.44015941441313
1038.9,37.198999999994626,336.6202860134354,-60.578713986559194,-0.07799405940074942,0.0,0.05854663083011498,0.05854663083011498,620.7543290031397,-540.6964966343977,304.93152592578366
1039.0,36.648,337.79268968613087,-58.855310313869154,-0.22390909090721475,0.0,0.2046230425100991,0.2046230425100991,622.7597860268786,-532.9976425187906,322.0920119494663
1039.1,36.635000000001064,338.87276444122614,-57.76223555877493,-0.20488989899270077,0.0,0.188508606440837,0.188508606440837,624.7201771396502,-528.4144117768586,333.2469191934299
1039.2,36.701999999997106,339.19286091626475,-57.50913908373235,-0.0698603960433905,0.0,0.05586737413452696,0.05586737413452696,626.6703024349689,-528.5820732845156,336.6253997490065
1039.3,36.91699999999365,338.85918659506336,-58.0578134049303,0.04376399999809392,0.0,-0.058237155343209106,-0.058237155343209106,628.4420936261147,-533.2848818720784,332.48563849865417
1039.4,36.75900000000215,338.69681804607063,-58.06218195393154,0.014121000003397846,0.0,-0.029195561651964155,-0.029195561651964155,630.4031674012708,-534.9744426131527,333.4823821737832
1039.5,36.898,339.08417434158576,-57.81382565841426,-0.08183434343302066,0.0,0.0676064273506724,0.0676064273506724,632.3599989132128,-535.1800059065163,336.84051048444246
1039.6,37.11899999999895,339.59404807656756,-57.52495192343139,-0.10414257425762798,0.0,0.08898975444873944,0.08898975444873944,634.3056432568641,-535.1163242099449,340.57916646727136
1039.7,37.05300000000285,340.1043562594022,-56.94864374060063,-0.10543499999971498,0.0,0.08906557990333962,0.08906557990333962,636.2479130808274,-533.2915811341696,347.003597086724
1039.8,36.36200000002043,340.821136185746,-55.54086381427442,-0.1453549999982001,0.0,0.1251016972690188,0.1251016972690188,638.1369227726359,-526.1630015194908,361.069561217405
1039.9,36.60799999999664,341.8239500267771,-54.78404997321957,-0.19314799999937543,0.0,0.17446806913034651,0.17446806913034651,640.0087279728458,-522.877146085137,369.0672865254822
1040.0,36.34,342.7835925339512,-53.55640746604877,-0.1863020000009963,0.0,0.16748921392282398,0.16748921392282398,641.8461744519644,-516.3280662362225,381.27659208950206
1040.1,36.34999999999658,343.87753052057764,-52.47246947941892,-0.21680899999754072,0.0,0.19092819679269257,0.19092819679269257,643.6871781129241,-510.4830297576125,392.09725782829423
1040.2,36.135000000009285,346.3015012497682,-49.83349875024112,-0.45629599999057224,0.0,0.42306270196343043,0.42306270196343043,645.4714634367567,-493.252041236845,416.33620299809877
1040.3,36.13999999999985,349.44982925349495,-46.69017074650492,-0.5817000000036431,0.0,0.5494868959777253,0.5494868959777253,647.8953835675595,-471.44437549646597,444.41942898674245
1040.4,36.06200000000106,350.76831245424,-45.29368754576103,-0.25046237625063267,0.0,0.2295154662987681,0.2295154662987681,649.5543468089655,-461.6525478292652,456.94395120317535
1040.5,36.136,350.6065390059167,-45.52946099408331,0.010904000000257751,0.0,-0.028234793155460368,-0.028234793155460368,651.2053722276557,-464.70715820048304,456.19699027436707
1040.6,35.82599999999841,350.6065390059167,-45.219460994081714,-0.024338999998556564,0.0,0.0,0.010584894929213638,652.8424788499603,-463.3941398537257,459.85777512203344
1040.7,35.72600000000432,349.9777545099574,-45.74824549004694,0.10355399999195522,0.0,-0.10974359739982507,-0.10974359739982507,654.4926123606377,-468.80034495479737,456.7130567488902
1040.8,35.83499999999678,348.7222075580966,-47.11279244190018,0.21598400000280735,0.0,-0.2191342822334951,-0.2191342822334951,656.0077027128796,-480.6534753310038,446.4508289508017
1040.9,35.85999999999966,348.1838079167936,-47.67619208320605,0.08656300000374978,0.0,-0.0938318340699576,-0.0938318340699576,657.7120271396673,-486.28029265562503,442.8505251424346
1041.0,35.855,347.74354122134315,-48.11145877865687,0.07045399999691196,0.0,-0.07684103422486145,-0.07684103422486145,659.4178497707541,-490.90038280110673,440.2825396969673
1041.1,35.78999999999878,345.89625016049257,-49.8937498395062,0.32318899999087874,0.0,-0.32241311254500554,-0.32241311254500554,661.1566993161675,-505.68644962023114,425.9218187897101
1041.2,35.713000000003326,343.19366888247714,-52.51933111752618,0.47462800000229993,0.0,-0.47168941604124925,-0.47168941604124925,662.9479866223061,-526.0881332529189,403.3996889153837
1041.3,35.66600000000139,341.63534208805214,-54.03065791194922,0.2712840000082459,0.0,-0.2719793338476462,-0.2719793338476462,664.796286587169,-538.0405037287155,390.46961342393774
1041.4,35.51400000000208,341.1543971924298,-54.35960280757223,0.07817700000155393,0.0,-0.0839559833983055,-0.0839559833983055,666.6730542890267,-541.7986078371125,388.46779771407853
1041.5,35.635,340.77983944035196,-54.85516055964803,0.0577639999994151,0.0,-0.06537266012627635,-0.06537266012627635,668.5539502001382,-546.6762108758667,384.84997699183225
1041.6,34.789000000014966,340.45707651841525,-54.33192348159969,0.04740700000107962,0.0,-0.05633275691152742,-0.05633275691152742,670.430779109938,-544.6636853329302,390.9205794755622
1041.7,35.72899999995939,340.45707651841525,-55.27192348154415,-0.02367499999758359,0.0,0.0,0.011407481947027157,672.3347395068903,-552.5683769710713,383.0172198731462
1041.8,35.159000000016846,340.76253806568405,-54.39646193433282,-0.07016600000017092,0.0,0.05331309738077376,0.05331309738077376,674.1992341477913,-548.1676741578116,392.50071125271063
1041.9,35.61799999999374,341.3203368234119,-54.297663176581864,-0.11653499999748446,0.0,0.09644316681005946,0.09644316681005946,676.0789959579562,-549.0165244383212,394.5423483850427
1042.0,35.605,342.3079059249217,-53.29709407507829,-0.19279999999872297,0.0,0.17236332412309954,0.17236332412309954,677.946330884239,-543.5403067333785,405.18534341161313
1042.1,35.533000000006794,343.26537500515514,-52.267624994851644,-0.1873628865996605,0.0,0.16710987936114197,0.16710987936114197,679.789306828868,-537.6303143117618,416.0133973947342
1042.2,35.959999999981555,344.129060709516,-51.83093929046555,-0.17055899999903096,0.0,0.15074159243503965,0.15074159243503965,681.6149791673649,-535.879367466224,421.22711611353674
1042.3,36.070999999996715,344.75755332284615,-51.31344667715058,-0.12680000000336672,0.0,0.10969265427074934,0.10969265427074934,683.7799235795804,-533.7429657089416,427.40312404885447
1042.4,36.613999999992586,345.05558369174287,-51.55841630824972,-0.06441010100990234,0.0,0.05151013955669171,0.05151013955669171,685.5786537438099,-536.9742969438225,426.23549229371116
1042.5,36.347,345.2192370036772,-51.12776299632276,-0.0414000000013506,0.0,0.028562891250476632,0.028562891250476632,687.3634079165705,-535.1449530028892,431.3795704692299
1042.6,36.372999999999,345.2192370036772,-51.1537629963218,-0.011528712871423517,0.0,0.0,-0.0035404616521596856,689.152693595018,-536.7342047689466,432.2589831574531
1042.7,36.310000000002724,345.2192370036772,-51.09076299632551,-0.027611999999038392,0.0,0.0,0.01499533301247928,690.9354324693953,-537.6458106418087,433.96860962629853
1042.8,36.00800000000893,345.36922645014005,-50.63877354986886,-0.036669000000567165,0.0,0.0261780968401928,0.0261780968401928,693.3726789132018,-536.0900556399313,439.7421109096163
1042.9,36.55599999999252,345.3726573340825,-51.18334266591006,-0.016092000000475847,0.0,0.0,0.007313816928873397,695.1677345510175,-541.6439462116259,435.7522400322128
1043.0,35.906,345.0834594179479,-50.82254058205211,0.044414999997434874,0.0,-0.050474558264541856,-0.050474558264541856,696.9515641542653,-540.2720252479207,440.28129816242136
1043.1,36.08200000000379,344.42709609005266,-51.654903909951145,0.11001919191857064,0.0,-0.11455701161118535,-0.11455701161118535,698.75148658679,-548.0226258559568,433.5029890983346
1043.2,36.31999999998972,343.86726652697024,-52.452733473019464,0.09260495049656807,0.0,-0.09770869125789769,-0.09770869125789769,700.5853813802885,-555.4597282101431,426.9477332654176
1043.3,36.0900000000068,343.86726652697024,-52.222733473036556,-0.000778999996708378,0.0,0.0,-0.0073744606052930746,702.8358505135483,-555.5201459687771,430.5526683112432
1043.4,36.33299999999668,344.079674016975,-52.25332598302168,-0.04827676767764785,0.0,0.036474159560066076,0.036474159560066076,704.6740669774946,-557.2034799913914,431.3812960202211
1043.5,36.556,344.5543315604095,-52.0016684395905,-0.09713465346203332,0.0,0.08284336952360098,0.08284336952360098,706.5082235087457,-556.7487436212197,434.9536830073717
1043.6,36.939999999985055,345.4726417252656,-51.46735827471946,-0.17328099999960075,0.0,0.16027535931270886,0.16027535931270886,708.3230835839313,-554.0881261283413,441.2572256875034
1043.7,36.00100000004056,345.89522054152127,-50.105779458519294,-0.0900868686915336,0.0,0.07375391692842925,0.07375391692842925,710.1117237433687,-544.8189122202285,455.4459496855201
1043.8,36.68699999997972,346.08648015689175,-50.600519843087966,-0.056152475244414746,0.0,0.03338110014312726,0.03338110014312726,712.0374112215859,-550.2193137617555,451.94687933725197
1043.9,36.063000000008515,347.1646393858985,-48.898360614110004,-0.2061909090863825,0.0,0.18812490643356797,0.18812490643356797,713.7930616570864,-537.8748947981371,469.2452795880743
1044.0,35.803000000000004,348.1608543576846,-47.64214564231537,-0.18675346535202958,0.0,0.1738723131532995,0.1738723131532995,715.5390537431737,-528.7484025557476,482.10088594237357
1044.1,36.302999999999905,348.1608543576846,-48.142145642315256,0.008413999996016969,0.0,0.0,-0.01935114294620632,717.264859866749,-534.2207248010953,478.61999163497075
1044.2,36.29700000000025,347.4462671770917,-48.850732822908526,0.1134119999990384,0.0,-0.1247189909388862,-0.1247189909388862,719.0088235739033,-541.4121008740358,473.1243234122415
1044.3,36.21100000000254,346.8648248095431,-49.34617519045946,0.08856100000235931,0.0,-0.10148083724314673,-0.10148083724314673,720.6340417868756,-546.7159497297212,469.4838575427461
1044.4,36.39199999999753,347.0809605279846,-49.311039472012965,-0.048079797975216054,0.0,0.03773927119309501,0.03773927119309501,722.3986571504306,-547.7659806834511,470.9694791158366
1044.5,36.531,347.43278601307406,-49.09821398692594,-0.07307029703304085,0.0,0.061405131072371104,0.061405131072371104,724.1626330699538,-547.3460584166471,474.1558936368596
1044.6,35.79400000000599,347.6655272891658,-48.128472710840185,-0.056867676765148464,0.0,0.04062101573094254,0.04062101573094254,725.9073570580005,-540.5420707069176,484.5160067807968
1044.7,36.16999999998376,348.4073610199668,-47.76263898001696,-0.14554554455269036,0.0,0.12947441104830637,0.12947441104830637,727.6504156965133,-538.7279391677985,489.1291598579309
1044.8,36.15500000000044,349.1429770165851,-47.01202298341531,-0.14063800000217025,0.0,0.12838921171329012,0.12838921171329012,730.317488513511,-534.2249032704686,497.96323835634763
1044.9,36.275999999998355,349.14182123205853,-47.13417876793983,-0.029202000003474685,0.0,0.0,0.016441953714447382,732.0296515210035,-536.540284096686,497.9878856432246
1045.0,36.292,349.3617459340679,-46.930254065932104,-0.053837999995137435,0.0,0.03838410156531894,0.03838410156531894,733.7451778559966,-536.017703583124,501.0658713905811
1045.1,36.19899999999982,350.1275095237017,-46.07149047629815,-0.14875500000024805,0.0,0.1336509593099966,0.1336509593099966,735.452182491772,-529.677071679477,510.22751049797864
1045.2,36.18800000000048,350.4431241536544,-45.744875846346076,-0.06882200000377209,0.0,0.05508514460138334,0.05508514460138334,737.1299106481159,-527.9615843044163,514.4094387458982
1045.3,36.613999999987406,350.3143179978619,-46.29968200212551,0.008008080808122863,0.0,-0.022480915154149825,-0.022480915154149825,739.6208465168605,-534.7187363968703,510.9940014799114
1045.4,36.09000000000715,350.31274145282237,-45.77725854718477,-0.007304950494327202,0.0,0.0,-0.009809484128065123,741.298566833681,-531.2396364127118,517.0183883516709
1045.5,35.965,350.61888964445944,-45.34611035554053,-0.07281499999743488,0.0,0.05343293943094159,0.05343293943094159,742.973208865751,-528.5253743857188,522.1782432490908
1045.6,35.83200000000535,351.24954285489815,-44.582457145107185,-0.1262929292928957,0.0,0.11006974960428102,0.11006974960428102,744.6362291407415,-522.6862400949996,530.3604511691038
1045.7,36.16799999998548,351.40714354242687,-44.76085645755859,-0.04105940594487366,0.0,0.027506509007830644,0.027506509007830644,746.3006335938126,-525.5070526161321,529.9122317452502
1045.8,36.09600000000213,351.40714354242687,-44.68885645757524,-0.01749199999661255,0.0,0.0,0.001151195686209018,748.8478721495164,-526.632092449517,532.3831090719368
1045.9,36.13399999999948,352.0803380526933,-44.05366194730618,-0.13349399999750675,0.0,0.1178788775630403,0.1178788775630403,750.4985984583654,-521.8455288156337,539.3749997386814
1046.0,35.826,352.6962788151003,-43.12972118489972,-0.1166410000034474,0.0,0.10750194301245838,0.10750194301245838,752.1370831140804,-514.2003525841186,548.9154663495328
1046.1,36.125999999999586,352.45630045137756,-43.66969954862202,0.04259799999574294,0.0,-0.0418841258050971,-0.0418841258050971,753.7683732716101,-520.4770456348814,545.2250961866255
1046.2,36.100000000001124,350.65915200654814,-45.44084799345296,0.3185439999906913,0.0,-0.3136615750936845,-0.3136615750936845,755.4270732407992,-538.261772514844,530.0418164959611
1046.3,36.06900000000092,347.71717517338135,-48.35182482661958,0.5212858585852645,0.0,-0.5134718225615681,-0.5134718225615681,758.1139267033885,-566.49273737444,503.8082019614651
1046.4,35.98500000000114,345.04175688194397,-50.94324311805718,0.479581188121457,0.0,-0.4667647837144918,-0.4667647837144918,759.8850523996575,-590.0675966532323,478.79591084334527
1046.5,36.223,342.7997042189102,-53.42329578108979,0.40462400000105075,0.0,-0.3913120097304587,-0.3913120097304587,761.7286569728334,-611.713683302361,453.91289529412495
1046.6,36.05100000000094,340.7954900356068,-55.25550996439415,0.3585000000011811,0.0,-0.34980136413812957,-0.34980136413812957,763.6206049946513,-627.4683867217501,435.2009329461525
1046.7,36.10999999999745,339.0004360720525,-57.109563927944976,0.3145270000009343,0.0,-0.31329601914997013,-0.31329601914997013,765.5532526872045,-642.8431203761487,415.7216680484854
1046.8,35.992000000003486,338.2405824661763,-57.75141753382718,0.12909200000878457,0.0,-0.13261947255689746,-0.13261947255689746,766.9152479459025,-648.6116866632767,409.22106184279477
1046.9,36.095999999998575,338.3767607354747,-57.71923926452388,-0.03243400000057994,0.0,0.021908539098216887,0.021908539098216887,768.8859905452769,-650.0479060009915,410.6377799965777
1047.0,36.262,338.9325826463591,-57.329417353640906,-0.11604999999516719,0.0,0.09700922399659281,0.09700922399659281,770.8398698000781,-648.8837881106764,416.10567696264394
1047.1,35.965999999999575,340.27255665503463,-55.69344334496492,-0.2534259999981715,0.0,0.23386958342535202,0.23386958342535202,772.7682506682766,-638.3326960565552,435.54808963658394
1047.2,35.939000000001165,341.107962367193,-54.83103763280815,-0.16584300000642643,0.0,0.14580580267131515,0.14580580267131515,774.6676530447046,-633.2575242648968,446.20049376450106
1047.3,36.13499999999421,341.9840528743208,-54.15094712567338,-0.17476899999253878,0.0,0.15290663894847903,0.15290663894847903,776.8621560157773,-629.6955019027395,454.9707510741089
1047.4,35.77300000000494,343.62453041096194,-52.148469589042975,-0.3031888888898294,0.0,0.2857952822246605,0.2857952822246605,778.6951291434806,-614.860367784898,477.8209207215627
1047.5,36.059,343.62453041096194,-52.43446958903803,-0.008656435657290573,0.0,0.0,-0.0029245571435309457,780.5208073455854,-618.6849444482818,475.85887636192183
1047.6,36.0549999999975,342.2496403367398,-53.80535966325772,0.23085000000200806,0.0,-0.239963586481655,-0.239963586481655,782.3542205609244,-631.3720263686246,462.0037778510782
1047.7,35.89800000000679,341.51307617274045,-54.384923827266334,0.11909600000345981,0.0,-0.12855469813986756,-0.12855469813986756,784.204172356447,-637.5168681070606,456.67102691130356
1047.8,35.92099999999932,341.0812649971251,-54.83973500287419,0.06642199999902106,0.0,-0.07536526761394868,-0.07536526761394868,786.383215427554,-642.903242335645,452.85094954134047
1047.9,36.07599999999788,340.3191148043364,-55.75688519566148,0.1269089999979157,0.0,-0.1339600349053869,-0.1339600349053869,788.2607939905772,-651.6215988167103,443.5587574360465
1048.0,35.981,339.41456585797664,-56.566434142023354,0.15247676767764784,0.0,-0.1578735735942297,-0.1578735735942297,790.1790444426252,-659.4243482364232,435.3647335616756
1048.1,35.98100000000073,338.582216473037,-57.39878352696371,0.1396514851482844,0.0,-0.14527237294145523,-0.14527237294145523,792.1102232801979,-667.3060952839688,426.7800147873232
1048.2,36.02699999999801,337.9271326768029,-58.0998673231951,0.11025050505225031,0.0,-0.11433369120749003,-0.11433369120749003,794.0703637334025,-674.142285107831,419.6187817403911
1048.3,35.80200000000665,337.620310476794,-58.1816895232127,0.04800000000142245,0.0,-0.053550576083686,-0.053550576083686,795.2710151794787,-675.7610637819841,419.2886502886046
1048.4,35.97499999999764,337.9435100235218,-58.031489976475825,-0.06276435643148232,0.0,0.05430568307413255,0.05430568307413255,797.2480895398542,-676.3368173922049,422.1054675252745
1048.5,35.959,338.72184274762094,-57.23715725237906,-0.14364444444466573,0.0,0.13584468711546724,0.13584468711546724,799.2186862698991,-672.0771661224109,432.5075620840089
1048.6,36.366999999994476,339.02070282621395,-57.3462971737805,-0.06221980198385463,0.0,0.0521609237421776,0.0521609237421776,801.1840233091265,-674.5545184803556,432.28698893620964
1048.7,36.020000000014996,339.14941139372024,-56.870588606294746,-0.04039299999713253,0.0,0.022463882785101946,0.022463882785101946,803.1321048641098,-672.5735669951658,438.93732450414217
1048.8,36.165999999995684,340.17566941129905,-55.99033058869662,-0.20314141413590492,0.0,0.17911581381739902,0.17911581381739902,805.2197836395281,-667.4814558128706,450.38584137428126
1048.9,36.477999999995745,341.4179445699327,-55.06005543006307,-0.23697029703328984,0.0,0.2160494580651403,0.2160494580651403,807.1545546215935,-661.6672037115007,462.2715506917837
1049.0,36.832,341.4179445699327,-55.41405543006732,-0.024389000007036116,0.0,0.0,0.005464426277560495,809.0869459200411,-666.1015760662592,459.2715715350397
1049.1,37.27699999998167,341.798959474315,-55.4780405256667,-0.0845179999901204,0.0,0.06649964580643701,0.06649964580643701,811.0244192568641,-668.2103542054847,459.6254248445297
1049.2,36.125000000049766,343.43769598724936,-52.68730401280038,-0.3007889999998488,0.0,0.2860134772335499,0.2860134772335499,812.9081965266103,-646.537740318136,492.7562138872168
1049.3,37.38899999996264,344.30077934209095,-53.088220657871716,-0.16258400000746895,0.0,0.15063646261144698,0.15063646261144698,815.7354073252886,-652.2303829681298,489.91813836334063
1049.4,36.97800000000561,344.17153800699907,-52.806461993006565,0.01375299999852041,0.0,-0.02187184258303496,-0.02187184258303496,817.5966124263404,-651.2959092458152,494.2447361891618
1049.5,37.179,343.95233467233265,-53.22666532766732,0.029500000000746887,0.0,-0.03825819921280019,-0.03825819921280019,819.4723402439557,-656.405595363753,490.57783358001666
1049.6,37.775999999993395,343.79223514126596,-53.983764858727454,0.016232673267244428,0.0,-0.02794263948012077,-0.02794263948012077,821.3503361641573,-664.3495553609873,482.96588182669024
1049.7,37.361000000017924,344.07536182787703,-53.28563817214092,-0.06245799999593049,0.0,0.04941492881624942,0.04941492881624942,823.229488866942,-659.9220121108709,492.14807657011755
1049.8,36.830000000015694,344.9565359400165,-51.87346405999915,-0.16771099999886308,0.0,0.15379389540172006,0.15379389540172006,826.0236052044351,-649.7907783730257,509.9871966003753
1049.9,37.26099999999412,345.62756828443315,-51.63343171556096,-0.13511111111390503,0.0,0.11792169504717069,0.11792169504717069,827.8639429375984,-649.0914926208794,513.8471973489648
1050.0,37.114,346.159820832293,-50.95417916770697,-0.11246534653298698,0.0,0.09289559412282523,0.09289559412282523,829.6811808227637,-644.3656085070718,522.650767133051
1050.1,37.22500000000533,346.9647811315894,-50.260218868415905,-0.16007499999935035,0.0,0.14049207570562083,0.14049207570562083,831.4807373409237,-639.3719901488787,531.5671874580562
1050.2,37.55999999998553,347.8600092971008,-49.69999070288469,-0.17821599999979182,0.0,0.15624679044762543,0.15624679044762543,833.2554242184765,-635.4974351471458,538.9411952253348
1050.3,37.77399999999368,348.87380199239243,-48.90019800760126,-0.19813099999917386,0.0,0.17694020465506183,0.17694020465506183,838.2060101768387,-631.6432687200011,551.0136990831419
1050.4,37.30800000000636,349.6829731631088,-47.625026836897575,-0.16030400000273612,0.0,0.1447858203729375,0.1447858203729375,839.9248083133709,-620.4942891357904,566.092325305796
1050.5,37.055,349.9325691018921,-47.12243089810789,-0.054902000002483325,0.0,0.043562709313756366,0.043562709313756366,841.6181254337757,-616.7456231290284,572.6656139579616
1050.6,37.05999999999647,349.3303772056164,-47.72962279438008,0.09611099999518305,0.0,-0.10510231318839623,-0.10510231318839623,843.3164268494195,-624.036407324144,567.2399475777842
1050.7,36.83800000000959,348.1703909901308,-48.66760900987879,0.19713030303045392,0.0,-0.2024557873797245,-0.2024557873797245,845.0263719945458,-634.5226088572994,558.0776184503292
1050.8,36.779000000001744,347.2525583475384,-49.52644165246335,0.16028811881364102,0.0,-0.16019201595516763,-0.16019201595516763,849.4014744781946,-646.1444590691533,551.3439968476689
1050.9,36.835999999999224,346.50050592409673,-50.33549407590249,0.1287399999998513,0.0,-0.12852429651746597,-0.12852429651746597,851.1654631329038,-655.22301702109,543.2913063873112
1051.0,36.625,345.2868696825059,-51.33813031749412,0.2126252525211459,0.0,-0.21181948337289208,-0.21181948337289208,852.948225970888,-666.0214946705055,532.8564955255316
1051.1,36.7880000000016,343.5590960318108,-53.22890396819082,0.3048524752470615,0.0,-0.3015533893383189,-0.3015533893383189,854.7688279011696,-684.6984301149824,511.6813548973793
1051.2,36.88899999999564,342.3272534167925,-54.56174658320316,0.21660400000496666,0.0,-0.21499709498445904,-0.21499709498445904,856.6222583714161,-697.9251538749284,496.6912251348949
1051.3,36.717000000005086,341.5228287011451,-55.19417129886,0.13969191919057605,0.0,-0.1403985987246537,-0.1403985987246537,859.8947039549803,-706.0519280633756,490.8254035477514
1051.4,36.7969999999989,340.5774519706199,-56.219548029378984,0.1604009900992638,0.0,-0.16500267117351375,-0.16500267117351375,861.7978374039569,-716.3041422338405,479.1699994498602
1051.5,36.969,339.9937644013424,-56.975235598657605,0.09463600000306327,0.0,-0.10187269886854913,-0.10187269886854913,863.7345462417784,-724.1853481669133,470.7366013726333
1051.6,36.67800000000554,339.87562339492104,-56.80237660508453,0.009697000001056,0.0,-0.0206194954367204,-0.0206194954367204,865.6546894926687,-724.3686126732945,473.970626109272
1051.7,37.02599999998497,339.87562339492104,-57.15037660506391,-0.03142599999907309,0.0,0.0,0.015920177356007058,867.595613010894,-728.8645752495155,470.6151067083294
1051.8,36.574000000013356,339.87562339492104,-56.698376605092335,-0.007429000002276427,0.0,0.0,-0.0042848079779121764,869.8082990641516,-726.9786484940356,477.56520157425416
1051.9,36.91799999999531,339.205180649197,-57.71281935079827,0.11208787878408398,0.0,-0.1185282322823584,-0.1185282322823584,871.7458684372652,-736.9577148029273,465.65457769669683
1052.0,36.932,338.41158288972264,-58.52041711027738,0.1324584158443649,0.0,-0.13850893839278025,-0.13850893839278025,873.6992732060916,-745.1137188157342,456.2411270736557
1052.1,36.9879999999996,338.125723461249,-58.86227653875062,0.04325800000155447,0.0,-0.04989188224734224,-0.04989188224734224,875.6670509094931,-749.5069091946547,452.80478919508397
1052.2,36.96300000000108,337.6021954950792,-59.36080450492193,0.08506199999618826,0.0,-0.09137286735932412,-0.09137286735932412,877.6488111158368,-755.1234159712524,447.276270670543
1052.3,37.426999999986286,336.6063594362617,-60.82064056372457,0.17143799999958045,0.0,-0.1738061803644874,-0.1738061803644874,879.4976425650528,-767.8874304568722,428.7948197259709
1052.4,37.332000000001294,335.7432501533376,-61.58874984666369,0.1511330000014449,0.0,-0.15104811656881773,-0.15104811656881773,881.5212180046572,-775.3465412718101,419.4250811888287
1052.5,37.474,334.97948343721936,-62.49451656278063,0.13301299999941263,0.0,-0.1333024391340841,-0.1333024391340841,883.5814248356874,-783.7072457073119,408.0675034115341
1052.6,37.51599999999987,333.91964681230024,-63.596353187699606,0.18572099999804156,0.0,-0.18497638638061797,-0.18497638638061797,885.6700628068766,-793.2800244072653,393.8505592591501
1052.7,37.50800000000035,332.7571659831911,-64.75083401680922,0.20291200000126894,0.0,-0.20289117959268013,-0.20289117959268013,887.7902287856214,-802.9719529617125,378.6918708978041
1052.8,37.061000000013216,332.36459429191035,-64.69640570810287,0.06335757576360015,0.0,-0.06851668562971473,-0.06851668562971473,887.8255555205969,-802.6437884959377,379.46958484751445
1052.9,37.46599999999447,332.63144654779774,-64.83455345219676,-0.051162376237685395,0.0,0.04267639752092134,0.04267639752092134,889.9894799338666,-805.5149387699291,378.453376007444
1053.0,37.617,332.63144654779774,-64.98555345220228,0.0025299999973481327,0.0,0.0,-0.007389524676327847,892.1261255117448,-808.4457648962552,377.23264577963874
1053.1,37.644000000009434,332.2575446676926,-65.38645533231681,0.062146999999756675,0.0,-0.06525818887231158,-0.06525818887231158,894.2837077297793,-813.0270110676623,372.4653395757846
1053.2,38.23699999997439,332.11666983160507,-66.12033016836932,0.016342000002582464,0.0,-0.02458729722934785,-0.02458729722934785,896.4599772467184,-819.7208995691316,362.9023802825776
1053.3,37.67500000001661,332.43805700097397,-65.23694299904264,-0.06889499999830369,0.0,0.056092642791524615,0.056092642791524615,897.2029805289751,-814.7031413547865,375.80843489299065
1053.4,38.16099999999337,332.9552532225693,-65.20574677742405,-0.0996050000001363,0.0,0.08770834372246039,0.08770834372246039,899.3671651072808,-816.4630906958068,377.15954078421197
1053.5,38.212,332.9552532225693,-65.25674677743069,-0.004838383843056293,0.0,0.0,-0.0056837520685744025,901.5094476569149,-818.7440885430182,377.3293013940718
1053.6,38.17300000000279,332.9552532225693,-65.21774677743349,-0.014514851480231489,0.0,0.0,0.0024343965111894685,903.6424128812308,-820.4235938002197,378.78059228759986
1053.7,38.34799999999244,333.4948478080214,-64.85315219197105,-0.10642900000069147,0.0,0.09417702142073268,0.09417702142073268,905.7732610076408,-819.9255661455999,384.89903395206574
1053.8,38.48099999999607,333.6535477127277,-64.82745228726839,-0.0427590000026131,0.0,0.02769835859725941,0.02769835859725941,906.9903576595879,-820.8543481377656,385.7844579953825
1053.9,38.166000000004296,334.4914400834056,-63.674559916598696,-0.16420693068436276,0.0,0.1445485454561693,0.1445485454561693,909.088995003954,-814.8070231099485,403.1529683978562
1054.0,38.777,335.89720262977585,-62.87979737022414,-0.26532424242847563,0.0,0.24535184935379034,0.24535184935379034,911.1682199652208,-810.9872086304562,415.3640240949737
1054.1,38.60100000000662,335.89720262977585,-62.703797370230745,-0.029673000007141598,0.0,0.0,0.013498817384767322,913.2253669759967,-811.535556596742,418.79662279877573
1054.2,39.01699999998203,335.27974586275457,-63.73725413722747,0.0942267326747917,0.0,-0.10776653573240594,-0.10776653573240594,915.3052262218505,-820.8222300811793,405.01175754981784
1054.3,39.249999999993115,335.7023654553644,-63.54763454462875,-0.08985151514335755,0.0,0.07376103374478576,0.07376103374478576,916.3407790071179,-820.4044921921645,408.1873252102379
1054.4,38.88900000000493,336.86267757481806,-62.02632242518689,-0.2171979797997125,0.0,0.20017698475789064,0.20017698475789064,918.3889559674831,-811.0873117535233,430.7849198329562
1054.5,39.517,336.9945781959927,-62.52242180400731,-0.03517227723505428,0.0,0.02302100124923265,0.02302100124923265,920.4350132016086,-816.6020862591201,424.69005903682023
1054.6,39.29299999999963,336.3171584927943,-62.9758415072053,0.10626732673309208,0.0,-0.11823204238694282,-0.11823204238694282,922.4775441897422,-821.7568538739484,419.14256840069083
1054.7,39.270000000001,336.67954341200567,-62.590456587995334,-0.07337575756700225,0.0,0.06324809999812755,0.06324809999812755,924.5239008926699,-820.7356645006671,425.6024111050683
1054.8,39.525999999992436,337.56893233086555,-61.9570676691269,-0.15753838384352772,0.0,0.15522764964858032,0.15522764964858032,926.4987595946824,-817.7236962277814,435.5776717854809
1054.9,39.39300000000181,336.84612582383323,-62.54687417616856,0.12407227721862121,0.0,-0.1267256536583715,-0.1267256536583715,928.5309897541857,-823.9675335784275,428.07394518070197
1055.0,39.472,335.6473156411731,-63.82468435882686,0.19992828283390085,0.0,-0.2092318479385237,-0.2092318479385237,930.594867451441,-835.1609655038395,410.50331183275443
1055.1,39.3950000000022,335.8510460114012,-63.543953988601004,-0.046909900983733446,0.0,0.03555765746786247,0.03555765746786247,932.6680306567033,-834.995672436072,415.51399786539696
1055.2,39.53299999999404,336.6338718940695,-62.89912810592455,-0.14743800000182905,0.0,0.13662889122392755,0.13662889122392755,934.7275995019685,-832.0999980670687,425.8230600701384
1055.3,39.48500000000142,336.8419709225775,-62.64302907742393,-0.05396969697266186,0.0,0.036320132176669725,0.036320132176669725,936.7292646216181,-831.9661609234938,430.4579216099764
1055.4,39.53199999999936,337.25023543036815,-62.28176456963121,-0.09640594058910927,0.0,0.07110627339828306,0.07110627339828306,938.7754090056358,-831.0468344064565,436.6467995722703
1055.5,40.003,338.89587933482994,-61.107120665170044,-0.31094099999427743,0.0,0.28721904448232916,0.28721904448232916,940.8052092842614,-823.6980877106661,454.5722188147829
1055.6,39.64500000000538,340.78277283441594,-58.862227165589445,-0.35167200000371374,0.0,0.32932504202254304,0.32932504202254304,942.7816589660379,-806.9516817564357,487.5102458340899
1055.7,39.982999999985395,341.6182949555021,-58.36470504448329,-0.16953100000515753,0.0,0.14582611986201285,0.14582611986201285,944.7402110837091,-804.3555855459015,495.52614304353443
1055.8,39.774000000006176,342.25188092933814,-57.522119070668055,-0.13136299999640796,0.0,0.11058161337893355,0.11058161337893355,947.8756593453805,-799.6267761684677,508.9845620584805
1055.9,40.17999999999446,343.43572637807256,-56.74427362192188,-0.22630599999877568,0.0,0.2078703747034461,0.2078703747034461,949.7942408004901,-794.2477230271327,520.8451346840004
1056.0,40.0,344.35274742926896,-55.64725257073104,-0.17795100000372005,0.0,0.1600503665347724,0.1600503665347724,951.6888104789275,-785.6944422864497,537.0249857790425
1056.1,40.18299999999936,344.478187559102,-55.70481244089734,-0.03512626262947459,0.0,0.021893432797165525,0.021893432797165525,953.5731181695254,-787.7902585401262,537.2971247315892
1056.2,40.14300000000173,344.20631327695327,-55.93668672304847,0.039430693068961804,0.0,-0.047451013749922555,-0.047451013749922555,955.4658852278167,-791.5262310500608,535.1647254760549
1056.3,40.4099999999921,343.5344108796215,-56.87558912037065,0.11063663365999242,0.0,-0.11726909085482524,-0.11726909085482524,958.3179678507403,-802.5778564526968,523.6813075118939
1056.4,40.702999999996,342.4905534341635,-58.21244656583252,0.17409200000023575,0.0,-0.18109215626703845,-0.18109215626703845,960.2614669096811,-816.2291083380038,505.83804476658315
1056.5,40.489,342.04514719934593,-58.44385280065404,0.07123877551525597,0.0,-0.07773805306476306,-0.07773805306476306,962.217836860212,-819.932501803972,503.56117608233563
1056.6,40.74500000000009,342.04514719934593,-58.699852800654185,-0.019115841584708675,0.0,0.0,0.013813825967523648,964.1930706929579,-823.8619962919471,500.91884436319924
1056.7,40.75099999999974,341.81777054146704,-58.93322945853271,0.032585999997982604,0.0,-0.039684713221669096,-0.039684713221669096,966.1617282713203,-827.5817806801398,498.57485041116297
1056.8,40.719000000000946,341.2213885435373,-59.49761145646369,0.09776699999874913,0.0,-0.10408829463495853,-0.10408829463495853,968.6685939294272,-834.6126112920371,491.67126612961687
1056.9,40.88099999999779,340.66063578591906,-60.22036421407876,0.09055000000161093,0.0,-0.0973483508749395,-0.0973483508749395,970.6662118794025,-842.4820065890673,482.09642547727725
1057.0,40.822,340.66063578591906,-60.16136421408095,0.010066000002394111,0.0,0.0,-0.01965794881932148,972.6646350421826,-843.7186164533667,483.95804416473845
1057.1,41.167999999999886,340.66063578591906,-60.50736421408084,-0.023716000000746522,0.0,0.0,0.01678835679035009,974.6763584157014,-848.3768015699894,479.84456463772483
1057.2,41.16100000000031,340.3279791327655,-60.83302086723478,0.05194242423939896,0.0,-0.058059538761940845,-0.058059538761940845,976.6896650421982,-852.8484402799822,475.99605010151384
1057.3,41.06700000000278,339.67185457381413,-61.39514542618866,0.10458118811923445,0.0,-0.114515338568967,-0.114515338568967,979.3322188208203,-859.7972918399756,468.8712102114556
1057.4,41.4479999999948,340.047853829446,-61.400146170548794,-0.08098199999103325,0.0,0.06611669659293068,0.06611669659293068,981.3648684844421,-861.6228456703426,469.7691740785334
1057.5,41.299,341.19673718865073,-60.10226281134925,-0.21808383838624754,0.0,0.20051797339494712,0.20051797339494712,983.3809540739821,-852.5091112371753,490.16968091983915
1057.6,41.3920000000012,341.6946614301796,-59.69733856982157,-0.10504313725795751,0.0,0.08690417440175767,0.08690417440175767,985.3788315267556,-850.7486048702658,497.1903588489326
1057.7,41.46699999999676,342.12151127953484,-59.3454887204619,-0.09375151514863987,0.0,0.07449935282889543,0.07449935282889543,987.3516563356665,-849.3765044410493,503.4112106144322
1057.8,41.46000000000021,342.57949008054516,-58.88050991945505,-0.09645800000299898,0.0,0.07993237981967101,0.07993237981967101,988.448228300895,-846.2019563729763,510.8543325271167
1057.9,41.887999999994165,342.5853119669862,-59.302688033007996,-0.02769800000049072,0.0,0.0,0.014320509332261585,990.4136006929588,-851.6331059588088,505.608695803923
1058.0,41.636,342.2613236775513,-59.37467632244875,0.045854999996790505,0.0,-0.05654662388543568,-0.05654662388543568,992.3768788392462,-853.9571310076724,505.53841402594594
1058.1,42.08099999999935,341.46186884625143,-60.6191311537479,0.13169599999904558,0.0,-0.13953119027157487,-0.13953119027157487,994.3807891493279,-866.4812212184411,487.85596963144684
1058.2,42.04000000000177,340.5735150346084,-61.46648496539336,0.15127100000005203,0.0,-0.15504698935811764,-0.15504698935811764,996.3900184735973,-875.3663440008846,475.94835087889567
1058.3,42.18899999999559,339.7308041652258,-62.45819583476981,0.14554257425767075,0.0,-0.1470807931307101,-0.1470807931307101,998.6707397374528,-885.4950758270747,461.7810272128494
1058.4,41.76300000000582,338.7436207913063,-63.01937920869955,0.1712612244882131,0.0,-0.17205497562553843,-0.17205497562553843,1000.7303032511653,-891.810843944631,454.020438381285
1058.5,42.06399999999999,337.6105960086386,-64.45340399136137,0.20047722772290785,0.0,-0.19775012964243616,-0.19775012964243616,1002.81298750941,-904.7728465627594,432.4580720026736
1058.6,42.13000000000365,336.4839111938926,-65.64608880611104,0.19873939393934356,0.0,-0.1966435964954088,-0.1966435964954088,1004.9362722786307,-915.5126893109713,414.4073202199294
1058.7,42.35899999999011,335.683211500414,-66.67578849957607,0.13980000000300133,0.0,-0.1397484597090984,-0.1397484597090984,1007.0882645839207,-924.7881591276832,398.7400574307577
1058.8,42.34700000000036,335.2290498878404,-67.11795011215997,0.0750475247527226,0.0,-0.07926615475576457,-0.07926615475576457,1008.9320119999111,-929.5363960153129,392.3084160721664
1058.9,42.0390000000042,334.88391997552645,-67.15508002447774,0.04790500000112766,0.0,-0.06084407421341311,-0.06084407421341311,1011.102658709716,-931.7908111879293,392.54868568828135
1059.0,42.229,335.6979160739196,-66.53108392608038,-0.16252899999053014,0.0,0.14206912015348291,0.14206912015348291,1013.2687147598534,-929.4473446580555,403.53577514165335
1059.1,41.99400000000221,337.6189669278155,-64.37503307218668,-0.36220101010077743,0.0,0.33528662498732476,0.33528662498732476,1015.3861495188597,-915.5169890395354,439.1328676092457
1059.2,42.132999999994,339.6000054212381,-62.532994578755904,-0.37592352941132723,0.0,0.3457564431897317,0.3457564431897317,1017.4633721614231,-902.7714318180816,469.29250535590836
1059.3,42.33799999999394,341.5752129161834,-60.762787083810565,-0.3750151515156929,0.0,0.3447387419686511,0.3447387419686511,1021.0898276996481,-891.0081240481778,498.72733944696085
1059.4,42.593999999996505,343.38931753868314,-59.20468246131338,-0.3486101010108982,0.0,0.3189855342429119,0.3189855342429119,1023.0499032066198,-878.8016474126802,523.7735855842997
1059.5,42.312,345.13454974666223,-57.17745025333778,-0.33474999999989247,0.0,0.304600482410858,0.304600482410858,1024.9716398463202,-861.3383406940866,555.5745902573411
1059.6,42.202999999996834,346.8003999269295,-55.40260007306733,-0.3174000000009311,0.0,0.29074570490605034,0.29074570490605034,1026.8220891675287,-845.2410645631189,583.0361443157478
1059.7,42.004000000008595,348.0576603476148,-53.94633965239382,-0.24141485148796132,0.0,0.21943333895967768,0.21943333895967768,1028.641891399543,-831.6221491783574,605.3996545572182
1059.8,42.20299999999412,348.727297221819,-53.475702778175105,-0.13524545454803305,0.0,0.11687368247627114,0.11687368247627114,1038.3705466302076,-834.4392895404358,618.0003755503463
1059.9,42.72699999999285,348.7862132278059,-53.94078677218698,-0.03594752475495277,0.0,0.02215883637544158,0.02215883637544158,1040.1594431111785,-840.8743660224185,612.2597223889161
1060.0,42.758,348.52864357296863,-54.22935642703135,0.0347429999989913,0.0,-0.044954385301350895,-0.044954385301350895,1041.9320171240877,-845.3855301567668,609.0530631314751
1060.1,42.77600000000279,348.24336736479876,-54.53263263520404,0.04109400000069455,0.0,-0.04979009110168482,-0.04979009110168482,1043.7209556768346,-850.0544867633204,605.6077962283122
1060.2,42.95099999999244,348.0621986796494,-54.88880132034308,0.023552000000128876,0.0,-0.03161990057365136,-0.03161990057365136,1045.5182040839875,-855.2729042625278,601.3456363068974
1060.3,43.099999999995596,347.8280941244757,-55.271905875519906,0.03246399999938881,0.0,-0.04085895281697279,-0.04085895281697279,1054.3676700727656,-866.5476790871329,600.6548955626481
1060.4,43.04800000000071,347.53384538061425,-55.51415461938643,0.030094000000728642,0.0,-0.040918854943916984,-0.040918854943916984,1056.1794955997536,-870.5729443780948,598.0116014277687
1060.5,43.413,347.25047439555743,-56.16252560444258,0.04200099999863938,0.0,-0.04945756693861256,-0.04945756693861256,1057.9962337571571,-878.7933030514048,589.1335681798574
1060.6,43.67800000000141,346.6476925094668,-57.0303074905346,0.10327099999839592,0.0,-0.10520528583662445,-0.10520528583662445,1059.8447524910187,-889.1658123855167,576.7625659381448
1060.7,43.76699999999616,345.69251912082933,-58.0744808791668,0.16602599999857742,0.0,-0.16670920559154545,-0.16670920559154545,1061.7041571160496,-901.1067952194903,561.4465788004776
1060.8,43.308000000013564,344.4561680058256,-58.85183199418799,0.2149979999989589,0.0,-0.21578397667518098,-0.21578397667518098,1067.9901311373492,-914.0207039635616,552.4211010929322
1060.9,43.5059999999973,343.124306432627,-60.38169356737029,0.22555151515202063,0.0,-0.22591255590293766,-0.22591255590293766,1069.9087325249718,-930.1113194738803,528.7699209672853
1061.0,43.716,341.94976952188483,-61.766230478115176,0.20525148514902022,0.0,-0.20499536278653618,-0.20499536278653618,1071.8729528653064,-944.3466352970253,507.07105960346274
1061.1,43.17400000003783,340.77609102189007,-62.39790897814777,0.20509595959546545,0.0,-0.2048455418477624,-0.2048455418477624,1073.861897735964,-951.6420997874504,497.5506902027354
1061.2,45.550999999897314,339.4563760864624,-66.09462391343493,0.23079702970220856,0.0,-0.23033370810956305,-0.23033370810956305,1075.936215077101,-983.6380345971039,435.9988025309064
1061.3,44.434000000033016,338.6717730734054,-65.76222692662759,0.13423900000592803,0.0,-0.13693905898913056,-0.13693905898913056,1078.5191018696116,-983.4472874208964,442.7582703486344
1061.4,44.770999999995404,338.6669658586428,-66.1040341413526,-0.01822099999819326,0.0,0.0,0.011558601101588071,1080.5933268226056,-987.9675452080845,437.72373432229836
1061.5,44.888000000000005,338.6669658586428,-66.22103414135722,-0.029675000001301147,0.0,0.0,0.019440965979414363,1082.6780708628621,-990.767097440824,436.5459469013695
1061.6,44.63399999999848,338.6669658586428,-65.96703414135567,-0.022499999999055033,0.0,0.0,0.008732517199689102,1084.7515479267583,-990.7158304910705,441.77829727577904
1061.7,44.53900000000411,339.01086519154245,-65.52813480846169,-0.07455399999839896,0.0,0.060021756545101904,0.060021756545101904,1086.818715464112,-989.184132516836,450.21069762942903
1061.8,44.75699999999355,339.3728840689585,-65.38411593103501,-0.07790400000156422,0.0,0.0631842136528434,0.0631842136528434,1089.8676013355912,-990.8211627112807,453.9656506438136
1061.9,44.558000000002714,339.7548316654193,-64.8031683345834,-0.08531999999806686,0.0,0.06818266551236309,0.06818266551236309,1091.930148164208,-988.0336451062936,464.86660947833184
1062.0,44.409,340.6515342708482,-63.75746572915182,-0.17439399999750677,0.0,0.1565041287594541,0.1565041287594541,1093.9784490448596,-981.2224894100206,483.7264446467638
1062.1,44.95199999999812,341.38804907306036,-63.563950926937764,-0.14377200000394996,0.0,0.12854608288277475,0.12854608288277475,1096.0086759815626,-981.4010540163976,487.9415835961945
1062.2,44.8340000000051,341.38804907306036,-63.44595092694476,-0.018173000002039696,0.0,0.0,0.004226184262119813,1098.032378587603,-982.2042917261707,490.86641129887926
1062.3,45.07299999999294,341.12511881981067,-63.947881180182264,0.034089999999456146,0.0,-0.045889986223102266,-0.045889986223102266,1103.4035383734072,-991.2921251695238,484.60219878973317
1062.4,44.772000000004105,340.91706821590645,-63.85493178409763,0.02348500000107809,0.0,-0.031245253628517027,-0.031245253628517027,1105.4292907228,-992.3231439204696,487.10234533176674
1062.5,45.127,340.29203641118295,-64.83496358881706,0.10375899999481772,0.0,-0.10908862922107508,-0.10908862922107508,1107.458941185179,-1002.3463664007611,470.9215095684085
1062.6,45.002000000005125,339.0042974022546,-65.9977025977505,0.2166719999996976,0.0,-0.2247528561216703,-0.2247528561216703,1109.5251646264157,-1013.5835782081891,451.3251831284832
1062.7,45.323999999986086,338.77310227186996,-66.55089772811613,0.028915000009826747,0.0,-0.04035116239790058,-0.04035116239790058,1111.6036899011924,-1019.8007146768912,442.3451884517886
1062.8,45.962999999981115,339.78621593433223,-66.17678406564886,-0.1909202020192663,0.0,0.17682169106905535,0.17682169106905535,1115.5183387965208,-1020.4718017279278,450.5757051478765
1062.9,45.52100000000603,340.1578930684801,-65.36310693152592,-0.08480000000620776,0.0,0.06774278353782873,0.06774278353782873,1117.5681743335729,-1015.8335686766513,465.87636238913666
1063.0,45.709,339.8768227105085,-65.83217728949148,0.03162673267364943,0.0,-0.0490560317636362,-0.0490560317636362,1119.6132833806676,-1021.4793861672758,458.3816837066729
1063.1,45.34200000000662,339.5676358410646,-65.77436415894203,0.03830399999930073,0.0,-0.0539632887573044,-0.0539632887573044,1121.6720615516645,-1022.8938208019119,460.25693371292846
1063.2,45.75799999998203,339.2673355527463,-66.4906644472357,0.038455000000755905,0.0,-0.05241228775842073,-0.05241228775842073,1123.7193307745167,-1030.4451106347515,448.24993957084064
1063.3,45.532000000006676,339.2673355527463,-66.26466444726037,-0.011644999998174203,0.0,0.0,-0.0011547892147918649,1126.2013142688807,-1030.9410459867559,453.310004258331
1063.4,45.79699999999638,339.58679693012016,-66.21020306987623,-0.06582799999907804,0.0,0.05645862987053548,0.05645862987053548,1128.2559590997237,-1032.3897601761878,455.1185475537016
1063.5,46.141000000000005,339.24574281465806,-66.89525718534196,0.0534289999930085,0.0,-0.05952517242290623,-0.05952517242290623,1130.3072908592164,-1039.644232412518,443.54756428244224
1063.6,46.12199999999475,338.0705419210344,-68.05145807896031,0.20046767676752325,0.0,-0.20511124966111932,-0.20511124966111932,1132.3835005251551,-1050.3082533644615,423.2552010030097
1063.7,45.792000000014255,337.0962165999246,-68.69578340008962,0.16904653465519098,0.0,-0.17005184838916668,-0.17005184838916668,1134.4702476730258,-1056.9456471171272,412.17549890241355
1063.8,46.29299999998519,335.58051595246576,-70.71248404751941,0.2687439999928626,0.0,-0.26453966772766485,-0.26453966772766485,1136.5344602042478,-1072.7441271502075,375.4072680389925
1063.9,46.16700000000172,333.2532760414256,-72.91372395857616,0.410524999999938,0.0,-0.4061773382809719,-0.4061773382809719,1138.720691949225,-1088.4614531495522,334.56909492791937
1064.0,46.34,331.94291325731103,-74.397086742689,0.23162700000911296,0.0,-0.22870144978398418,-0.22870144978398418,1140.9468176052605,-1098.9016632915273,306.87908859791406
1064.1,46.54600000000265,331.3858762157555,-75.16012378424716,0.09922499999734229,0.0,-0.09722130430712526,-0.09722130430712526,1143.1966574580053,-1105.0657577149516,292.79390148880464
1064.2,46.711999999992834,330.1469637215969,-76.56503627839595,0.21231299999718206,0.0,-0.2162310216716336,-0.2162310216716336,1145.4798986599324,-1114.1330131597006,266.1424942049947
1064.3,46.678000000001,329.0693933718328,-77.60860662816822,0.17675900000494388,0.0,-0.18807150525249988,-0.18807150525249988,1148.9428775789156,-1122.1777058517998,246.55006069459887
1064.4,47.03899999999508,329.06342614211763,-77.97557385787746,0.0047730000037745635,0.0,0.0,-0.018287362530317017,1151.2727181041087,-1126.01250022792,239.84311701879335
1064.5,47.05,329.38098363429987,-77.66901636570014,-0.06829400000023297,0.0,0.05542423802956368,0.05542423802956368,1153.6057216764111,-1126.9923051995643,246.36254809837794
1064.6,47.18200000000094,329.7200294380907,-77.46197056191022,-0.07060499999965746,0.0,0.05917465591220839,0.05917465591220839,1155.9264832440067,-1128.360101844955,250.9372734953899
1064.7,47.240999999997456,329.88903842132896,-77.35196157866847,-0.03875100000198518,0.0,0.02949763222955574,0.02949763222955574,1158.2298606066843,-1130.1237004884385,253.60763315660978
1064.8,47.53899999999119,329.65880291516237,-77.88019708482881,0.03228399999840469,0.0,-0.04018367637601829,-0.04018367637601829,1158.595582054103,-1132.7713308195532,243.25467072305963
1064.9,47.35000000000258,329.19194462907876,-78.15805537092382,0.07521499999941758,0.0,-0.08315646596354101,-0.08315646596354101,1160.9094217218656,-1136.2022748520806,238.2332387882796
1065.0,47.011,328.69539548675493,-78.31560451324509,0.07499900000061711,0.0,-0.08666417431503969,-0.08666417431503969,1163.2363886851974,-1139.131808253749,235.5793271616232
1065.1,47.10699999999381,328.531369266523,-78.57563073347086,0.012026000002423841,0.0,-0.02862797602648829,-0.02862797602648829,1165.5728657766656,-1142.4793910548142,230.86997736788953
1065.2,46.71800000001681,329.33456894352213,-77.38343105649466,-0.15897799999399737,0.0,0.14018478914591365,0.14018478914591365,1167.894449896155,-1139.6940476140817,255.09787127938537
1065.3,47.015999999991195,330.3195885662016,-76.69641143378959,-0.18881200000495166,0.0,0.17191835612509196,0.17191835612509196,1166.5207425477763,-1135.2165312126003,268.42889199161607
1065.4,47.21199999999733,329.91266362473914,-77.29933637525818,0.06520303029507855,0.0,-0.07390777810508527,-0.07390777810508527,1168.8138619080592,-1140.2153214428572,256.9724976245382
1065.5,46.938,328.64487168971186,-78.29312831028813,0.2185633663369492,0.0,-0.22127143496455431,-0.22127143496455431,1171.119476668017,-1146.7584144576222,237.62568779871063
1065.6,47.65700000000482,327.7463796347685,-79.9106203652363,0.1527555555584317,0.0,-0.15681644661770947,-0.15681644661770947,1173.4515251667426,-1155.3048824834252,205.57020802176922
1065.7,47.95999999998691,327.27782329004344,-80.68217670994346,0.07720000000074696,0.0,-0.08177850946561668,-0.08177850946561668,1175.811033834993,-1160.2966749055956,190.37650456695957
1065.8,47.86700000000275,326.8471304235158,-81.01986957648694,0.07053564356390216,0.0,-0.07517008585758933,-0.07517008585758933,1175.5684235584317,-1161.158930093478,183.49675073914992
1065.9,47.48200000000525,326.53945260627455,-80.9425473937307,0.05041515151665642,0.0,-0.05590545920416992,-0.05590545920416992,1177.9422835691826,-1163.2544993510419,185.4373025034007
1066.0,47.595,326.0437798022976,-81.55122019770238,0.08064799999689706,0.0,-0.08651122441990065,-0.08651122441990065,1180.3329094062408,-1167.5234692768697,173.42066115403682
1066.1,47.71000000000551,325.1285199424211,-82.58148005758437,0.15278099999960074,0.0,-0.1597429806618705,-0.1597429806618705,1182.7437389295187,-1172.8435581769418,152.71129630720773
1066.2,48.05599999998505,324.7447238667306,-83.31127613325441,0.06090100000508314,0.0,-0.06698505177031273,-0.06698505177031273,1185.1779719108129,-1177.1111668027042,138.04392812073914
1066.3,47.62800000001265,324.7447238667306,-82.88327613328204,-0.02218900000113692,0.0,0.0,0.01441157334691785,1185.3030767287491,-1176.1712861083558,146.8485254841017
1066.4,47.126000000006854,324.7561355858636,-82.36986441414325,0.0044070707068569505,0.0,0.0,-0.015187728893744373,1187.733962195004,-1177.217576715757,157.70460368335557
1066.5,48.049,324.9230209077264,-83.12597909227355,-0.04169603960145082,0.0,0.029126983397564896,0.029126983397564896,1190.192826676541,-1181.6373783462038,142.4502396186296
1066.6,46.842000000011,325.411458818313,-81.430541181698,-0.09968282828250924,0.0,0.08524849731298074,0.08524849731298074,1192.6228584763942,-1179.308356676928,177.7106705641751
1066.7,47.53299999997015,325.61546058547844,-81.91753941449173,-0.052093069309635025,0.0,0.03560502516923377,0.03560502516923377,1195.0673449014375,-1183.196435133031,168.02426830151336
1066.8,48.119999999982646,325.74544868707545,-82.37455131290722,-0.03947699999773912,0.0,0.022687203612844258,0.022687203612844258,1197.5745227457069,-1186.9840108119618,158.9141139306263
1066.9,48.11200000000011,326.3428416737686,-81.76915832623149,-0.12123999999811644,0.0,0.10431938223501895,0.10431938223501895,1200.0229579253605,-1187.6618958000704,171.7973248118684
1067.0,47.942,326.98787824451574,-80.95412175548427,-0.13084500000147464,0.0,0.11258011955311266,0.11258011955311266,1202.445886123172,-1187.4907813747086,189.05489468570758
1067.1,47.99100000000527,327.36990033540326,-80.62109966460201,-0.08109600000093552,0.0,0.0666754330134052,0.0666754330134052,1204.8642689249286,-1188.757933632284,196.34785906218892
1067.2,48.32199999998571,327.36990033540326,-80.95209966458242,-0.02417474747661344,0.0,0.0,0.015050001924658765,1207.3004339900317,-1192.2782522459938,189.86023052171151
1067.3,48.82399999998516,326.75009037946256,-82.07390962052261,0.10191386138152642,0.0,-0.10817724467805516,-0.10817724467805516,1208.2692837642255,-1196.7264134813877,166.61498541274526
1067.4,48.319000000006895,325.8050496349623,-82.5139503650446,0.15991100000163821,0.0,-0.1660878847208896,-0.1660878847208896,1210.7344364382384,-1200.4148776493932,157.7402836798858
1067.5,48.875,325.21064657934085,-83.66435342065915,0.09929900000136063,0.0,-0.1037429040450916,-0.1037429040450916,1213.2315833328144,-1205.821761576362,133.8833600755773
1067.6,48.78799999998992,324.7422659512871,-84.0457340487028,0.07958099999960075,0.0,-0.08174784112096958,-0.08174784112096958,1215.7276150937528,-1209.1687818391954,126.11300934899756
1067.7,48.15500000002735,323.477540957199,-84.67745904282839,0.21955959595292177,0.0,-0.22073615279103134,-0.22073615279103134,1218.241726321744,-1212.9890106335597,113.00691940585288
1067.8,47.58100000001697,321.35467153947775,-86.22632846053921,0.3707782178208881,0.0,-0.37051060929131124,-0.37051060929131124,1216.70263908706,-1214.0646051285855,80.07775306156277
1067.9,48.13299999999247,320.177830380458,-87.9551696195345,0.20945000000904604,0.0,-0.20905868566423813,-0.20905868566423813,1219.291552257435,-1218.5151249797368,43.50608695299242
1068.0,47.937,320.177830380458,-87.75916961954204,0.00860000000074689,0.0,0.0,-0.009776529008464655,1221.8804164379212,-1220.946052532147,47.775400371695966
1068.1,48.51100000000393,319.9735392365801,-88.53746076342384,0.029349999998292995,0.0,-0.03565553093334046,-0.03565553093334046,1224.4797683126542,-1224.0808648339203,31.252829543144767
1068.2,48.75799999998933,319.77800753031397,-88.97999246967538,0.025545544556425152,0.0,-0.03412672066386419,-0.03412672066386419,1227.0907109806553,-1226.8962660192005,21.844115984712104
1068.3,49.05799999999113,319.95261355223346,-89.10538644775767,-0.04157676767534568,0.0,0.030474499763047436,0.030474499763047436,1226.3890183619526,-1226.2395273385584,19.14800123517853
1068.4,48.627000000005886,320.31796115908077,-88.3090388409251,-0.07884999999950229,0.0,0.06078146828959364,0.06078146828959364,1228.9501445525884,-1228.4149708737202,36.26454369139676
1068.5,48.212,321.2752922533835,-86.93670774661649,-0.18914999999498028,0.0,0.16708579627302828,0.16708579627302828,1231.5030021609552,-1229.7433224516683,65.81037317154485
1068.6,48.83400000000188,322.8791113115576,-85.95488868844427,-0.2992524752470615,0.0,0.27991923171373034,0.27991923171373034,1234.0368471017916,-1230.9626378830628,87.05127305733258
1068.7,48.951999999994904,323.9259400255901,-85.0260599744048,-0.20360500000534087,0.0,0.1827060776428461,0.1827060776428461,1236.5462886164114,-1231.8897474888677,107.21181801851597
1068.8,48.762000000005614,324.57870243583096,-84.18329756417467,-0.13961299999757337,0.0,0.11392853291958208,0.11392853291958208,1237.2993979213352,-1230.9287999166688,125.39573211321036
1068.9,48.873999999998475,325.4556998430025,-83.418300156996,-0.17387600000068404,0.0,0.15160642534953933,0.15160642534953933,1239.761281382845,-1231.590542451248,142.1012686807357
1069.0,48.904,325.99830018056207,-82.90569981943793,-0.11395346534894642,0.0,0.09470162412846966,0.09470162412846966,1242.186219394994,-1232.676326068345,153.41342446303514
1069.1,47.825999999985186,326.47763360663595,-81.34836639334924,-0.10035454545274405,0.0,0.08365946499855022,0.08365946499855022,1244.6027821769276,-1230.4407232246945,187.22102454809763
1069.2,46.89500000004022,326.9440763331017,-79.95092366693854,-0.09492100000215867,0.0,0.08140961348806498,0.08140961348806498,1246.9864370291252,-1227.8559873088802,217.58871423933581
1069.3,47.651999999977626,326.64440817510615,-81.0075918248715,0.042896969692009804,0.0,-0.05230196020408962,-0.05230196020408962,1246.4556025852,-1231.1354913834562,194.82548876379073
1069.4,48.78199999998458,325.7523114880207,-83.02968851196385,0.15161584158349034,0.0,-0.1579765472873231,-0.1579765472873231,1248.900150145607,-1239.6697370657357,151.56031154985678
1069.5,50.447,325.3877414007535,-85.0592585992465,0.05745100000545489,0.0,-0.06362948377096064,-0.06362948377096064,1251.3401443552402,-1246.6905482420004,107.77213832458486
1069.6,50.27899999999416,325.3877414007535,-84.89125859924064,0.0034555555527321924,0.0,0.0,-0.006849264131636974,1253.8171562374794,-1248.8363569913508,111.64772604944271
1069.7,49.91200000001585,324.7291511450679,-85.18284885494796,0.11204999999754142,0.0,-0.11494568383265572,-0.11494568383265572,1256.2850264402073,-1251.8475339412023,105.49795933193558
1069.8,50.00799999999717,323.96349931513083,-86.0445006848663,0.12991287128875717,0.0,-0.1336314535632091,-0.1336314535632091,1253.6961423143334,-1250.7097479257516,86.48204262934874
1069.9,49.47600000000726,323.5266522536422,-85.94934774636505,0.07668500000107809,0.0,-0.08042230234202224,-0.08042230234202224,1256.167486357079,-1253.0295703487648,88.73358784728833
1070.0,49.164,322.5765938700337,-86.58740612996627,0.1641129999944559,0.0,-0.16581646880143647,-0.16581646880143647,1258.6679621613753,-1256.4360518556741,74.92320447494959
1070.1,50.41599999999883,321.0607096800313,-89.35529031996748,0.2604620000008552,0.0,-0.26457170194469903,-0.26457170194469903,1261.2312465044085,-1261.1514023251764,14.191461246304401
1070.2,50.34300000000316,319.7992402127163,-90.54375978728683,0.2090858585875309,0.0,-0.22016795618025164,-0.22016795618025164,1263.8117870896479,-1263.7548732277855,-11.993897604751718
1070.3,50.22500000000349,319.2389488330299,-90.9860511669736,0.09025247525196174,0.0,-0.09778929346068758,-0.09778929346068758,1255.4210431587017,-1255.235133340064,-21.604528100236813
1070.4,49.406000000011176,318.8011827594828,-90.6048172405284,0.08184699999602717,0.0,-0.08556612646826613,-0.08556612646826613,1258.0125330281664,-1257.9424433607342,-13.279399367806535
1070.5,50.25899999999999,317.74979994541013,-92.50920005458988,0.18021099999915982,0.0,-0.18350091804451013,-0.18350091804451013,1260.654581479206,-1259.4458717705145,-55.191212024385166
1070.6,50.29600000000472,316.5847285766772,-93.7112714233275,0.2035269999997094,0.0,-0.2033433140510602,-0.2033433140510602,1263.286652446054,-1260.6374189900164,-81.77080218847628
1070.7,50.59199999998721,315.6932361976826,-94.89876380230459,0.15609600000271628,0.0,-0.1555947726989347,-0.1555947726989347,1265.9691533359087,-1261.3447438500098,-108.10797546893134
1070.8,50.72499999999607,315.084907144617,-95.64009285537907,0.10297171717156998,0.0,-0.10617344911534908,-0.10617344911534908,1256.6887449315288,-1250.6049544485988,-123.50647572576467
1070.9,50.46200000000359,314.49471628238575,-95.96728371761782,0.10411683168325214,0.0,-0.11288091685108714,-0.11288091685108714,1259.4178626562752,-1252.5936058385832,-130.9297956539945
1071.0,50.31100000000001,314.49471628238575,-95.81628371761428,-0.006428999994495546,0.0,0.0,-0.004601343664488777,1262.1531440042772,-1255.6555139828727,-127.90539130267346
1071.1,50.78799999999326,315.12407654828365,-95.66392345170959,-0.12195399999989133,0.0,0.1098440882114467,0.1098440882114467,1264.89416374676,-1258.7188363929401,-124.83643855148016
1071.2,50.36500000001828,315.12407654828365,-95.2409234517346,-0.0016530000062033867,0.0,0.0,-0.008542623092898098,1267.617136737282,-1262.3177496781627,-115.78905042137828
1071.3,50.93199999998324,314.1131400632695,-96.81885993671375,0.17044299999765106,0.0,-0.17644170192035571,-0.17644170192035571,1258.363313216741,-1249.462254544414,-149.40650092483924
1071.4,50.276000000008956,313.3287573007228,-96.94724269928611,0.14295500000372996,0.0,-0.1466904283635911,-0.1466904283635911,1261.1051685102682,-1251.8460672241974,-152.53743808856223
1071.5,50.896,312.82400383930485,-98.07199616069516,0.08800499999889713,0.0,-0.088096098125819,-0.088096098125819,1263.893193011661,-1251.3710526941059,-177.47251004157562
1071.6,51.256000000003645,311.5065032559978,-99.74949674400585,0.2313191919133461,0.0,-0.22994723075653078,-0.22994723075653078,1266.6878284528498,-1248.393748387651,-214.50199005423457
1071.7,51.48499999999011,309.81632802265,-101.66867197734013,0.2969742574286022,0.0,-0.29499122757583124,-0.29499122757583124,1269.5063972379583,-1243.2701987537657,-256.76001542076705
1071.8,51.63099999999569,308.76527717736866,-102.86572282262705,0.18141300000301191,0.0,-0.18344297856028174,-0.18344297856028174,1270.726739759142,-1238.8246100347194,-282.9488164160153
1071.9,52.47499999998849,308.06928426504817,-104.40571573494032,0.11522020202055158,0.0,-0.1227898584997536,-0.1227898584997536,1273.598474093768,-1233.5544333263142,-316.8541198011627
1072.0,52.496,307.45313362278506,-105.04286637721498,0.09998217821823101,0.0,-0.10753857395768678,-0.10753857395768678,1276.4840546075577,-1232.7413944360442,-331.3007638253007
1072.1,51.943000000003856,307.00026181165236,-104.94273818835148,0.07135656565754675,0.0,-0.07904104193736301,-0.07904104193736301,1279.3559255261089,-1236.0932376506735,-329.88648352583675
1072.2,52.18499999998955,306.3137640664263,-105.87123593356324,0.11139306930390835,0.0,-0.11981645961710786,-0.11981645961710786,1282.255448622987,-1233.3742340656925,-350.66655709691474
1072.3,52.6449999999864,305.3698496110571,-107.27515038892932,0.15624800000090125,0.0,-0.1647441510336194,-0.1647441510336194,1287.5111333006573,-1229.4310984834551,-382.34028358898814
1072.4,52.636000000000124,304.84081335641326,-107.79518664358687,0.08440202020476886,0.0,-0.09051639042570882,-0.09051639042570882,1290.4340549980639,-1228.6933286302603,-394.37641217273267
1072.5,52.357,304.55160313405855,-107.80539686594147,0.04375445544481978,0.0,-0.05047670610514523,-0.05047670610514523,1293.3593402125061,-1231.4081962477615,-395.4898698181331
1072.6,52.518999999999124,304.20975097538206,-108.30924902461709,0.050865686274878905,0.0,-0.05966445723953996,-0.05966445723953996,1296.299040933366,-1230.6736151760683,-407.22678747134375
1072.7,52.46400000000237,304.03997889433555,-108.42402110566684,0.020630612246040153,0.0,-0.029630817922242578,-0.029630817922242578,1299.2462720702836,-1232.6515766471377,-410.6226565569107
1072.8,52.805999999989886,303.58933799579535,-109.21666200419452,0.06842020201640389,0.0,-0.07865167423671957,-0.07865167423671957,1315.6644739405322,-1242.3565620480372,-433.03946786107036
1072.9,52.2340000000078,302.6532303650235,-109.58076963498434,0.14476633663349572,0.0,-0.15313297686354058,-0.15313297686354058,1318.6278850022684,-1242.3716191205044,-441.9188376947193
1073.0,52.56399999999999,302.0572366401759,-110.50676335982405,0.0965050000026147,0.0,-0.1040205281981551,-0.1040205281981551,1321.626230798843,-1237.87589098623,-462.98938697404674
1073.1,52.39900000000013,301.9183622507771,-110.48063774922304,0.015064000001332397,0.0,-0.024238153417061228,-0.024238153417061228,1324.61545818827,-1240.8871550016868,-463.4707980263052
1073.2,52.40699999999965,301.5251078561964,-110.88189214380321,0.06220099999616098,0.0,-0.06863583983369312,-0.06863583983369312,1327.6096887845008,-1240.4085296151584,-473.2168270596894
1073.3,52.78999999998868,300.84642334064006,-111.94357665934865,0.11327000000147618,0.0,-0.11845279378761948,-0.11845279378761948,1343.6545290605297,-1246.309858792986,-502.11475714250946
1073.4,51.80200000001348,300.7907547440167,-111.01124525599681,0.012954000003603555,0.0,0.0,-0.019322469233031967,1346.669982044949,-1257.1299929852023,-482.8501022863806
1073.5,53.067,300.60605975374403,-112.46094024625597,0.0253171717127759,0.0,-0.03223535692196822,-0.03223535692196822,1349.70289065533,-1247.314701007891,-515.658733750287
1073.6,51.950000000014185,300.01467060482696,-111.93532939518724,0.09211485148616907,0.0,-0.10321687809169809,-0.10321687809169809,1352.701993292792,-1254.774604142796,-505.31512490383875
1073.7,52.84099999996151,299.873802778031,-112.96719722193052,0.012092929295881641,0.0,-0.02458607387718332,-0.02458607387718332,1355.7379810383204,-1248.2664656142726,-529.014464880416
1073.8,52.74500000000283,299.72897184177816,-113.01602815822469,0.014582178214606119,0.0,-0.02527776696357051,-0.02527776696357051,1374.2963221998964,-1264.8961680657612,-537.3342211554321
1073.9,52.4220000000044,299.06879118265175,-113.35320881735265,0.09470099999913505,0.0,-0.10382716660175784,-0.10382716660175784,1377.3313272448167,-1264.4984916930493,-545.9717479100651
1074.0,52.379,298.32884281842485,-114.05015718157517,0.12215299999951176,0.0,-0.12914535250505857,-0.12914535250505857,1380.3751723911698,-1260.5434883847329,-562.5528690219265
1074.1,52.20300000000594,297.9435641054637,-114.25943589454226,0.0635020000033121,0.0,-0.06724382079018468,-0.06724382079018468,1383.4413065641209,-1261.2756794468967,-568.4131500445874
1074.2,52.575999999983885,297.9435641054637,-114.6324358945202,-0.0006500000003718046,0.0,0.0,0.0008837299831821619,1386.5357979687071,-1260.3614581570578,-577.9018202436594
1074.3,52.902999999990335,297.1809283577784,-115.72207164221197,0.12989199999350476,0.0,-0.13310504790515879,-0.13310504790515879,1395.4956853001488,-1257.2158770227668,-605.6537346150911
1074.4,52.792000000001515,295.9269323210027,-116.8650676789988,0.20688900000257504,0.0,-0.2146562143829951,-0.2146562143829951,1398.633868656347,-1247.6837993051479,-632.0299324431487
1074.5,52.029,295.6940322612036,-116.33496773879642,0.03257600000613646,0.0,-0.0406487287158646,-0.0406487287158646,1401.7643773575587,-1256.2834615497684,-621.8482402203576
1074.6,53.07699999999578,296.1784734192761,-116.8985265807197,-0.09502299999993621,0.0,0.08455093240539643,0.08455093240539643,1404.917096859968,-1252.9179418216906,-635.6010384751895
1074.7,52.812000000011444,296.58229067036785,-116.22970932964358,-0.08380700000063694,0.0,0.07047940607905134,0.07047940607905134,1408.060506482862,-1263.0715543767933,-622.3219732911291
1074.8,52.7580000000016,296.87607618836597,-115.8819238116356,-0.06477100000031337,0.0,0.05127524583744239,0.05127524583744239,1417.430471600495,-1275.2558740490779,-618.7338664764713
1074.9,52.98799999999686,296.85071520242974,-116.13728479756713,-0.025427000001677864,0.0,0.0,0.013206110305907565,1420.5505583937436,-1275.286618814182,-625.7858490140759
1075.0,52.782,296.5370077093517,-116.24499229064827,0.04531099999816848,0.0,-0.054752286423891655,-0.054752286423891655,1423.6784488058915,-1276.9134229634121,-629.5652752893951
1075.1,53.26799999999618,296.0288099659996,-117.23919003399658,0.08148100000007323,0.0,-0.08869723872699208,-0.08869723872699208,1426.8293611316817,-1268.5989967267162,-653.0686114731071
1075.2,53.028000000010366,295.4069594907055,-117.62104050930486,0.1025686868675351,0.0,-0.10853338248973196,-0.10853338248973196,1429.9849104573227,-1267.0143707899356,-662.9716648148857
1075.3,53.39899999998904,294.75010803375176,-118.64889196623727,0.10961089108994633,0.0,-0.11464220620364104,-0.11464220620364104,1433.6616965853937,-1258.1444816310805,-687.3560384526854
1075.4,53.562999999997764,294.21035899238495,-119.35264100761282,0.08874545454568088,0.0,-0.09385691862870332,-0.09385691862870332,1436.8441507995549,-1252.3810641138741,-704.3172466551518
1075.5,53.618,293.2484205963962,-120.36957940360378,0.1626653465307461,0.0,-0.1678899221135675,-0.1678899221135675,1440.0308915999997,-1242.4330509237802,-728.0446983080897
1075.6,53.66200000000127,291.61117193019055,-122.05082806981073,0.28189999999811005,0.0,-0.28575379899174297,-0.28575379899174297,1443.2371416271474,-1223.2555622734374,-765.8846364428491
1075.7,53.741999999996544,290.0172898675387,-123.72471013245786,0.27664000000232963,0.0,-0.2781848988175334,-0.2781848988175334,1446.4775704118658,-1203.0567384533733,-803.0889401346193
1075.8,53.83899999999713,288.792691587575,-125.04630841242215,0.21463700000074326,0.0,-0.21373271999625545,-0.21373271999625545,1450.2426173906688,-1187.2965073438447,-832.7848779518306
1075.9,54.43199999999191,286.9713723780179,-127.46062762197403,0.3273019999935612,0.0,-0.31753136233938156,-0.31753136233938156,1453.5265619071467,-1153.7679305244792,-884.0582722099663
1076.0,54.408,283.8194059071121,-130.5885940928879,0.5645619999947012,0.0,-0.550121928297715,-0.550121928297715,1456.8094952977365,-1106.302357836093,-947.833845479231
1076.1,54.71699999999747,280.74997430298515,-133.96702569701233,0.5460020202082042,0.0,-0.5357168765678609,-0.5357168765678609,1460.1095250836693,-1050.8984471643946,-1013.6726685609722
1076.2,54.55800000000687,278.97553965291786,-135.582460347089,0.3202059405988197,0.0,-0.3096972700514845,-0.3096972700514845,1463.4499168292064,-1024.2422919439655,-1045.2814867110121
1076.3,54.67499999999654,277.3904766854004,-137.28452331459613,0.28491515151184754,0.0,-0.2766456763461117,-0.2766456763461117,1464.1492593563655,-993.2175969667448,-1075.7564123673158
1076.4,54.46300000000289,275.4197411237108,-139.04325887629204,0.348499999999995,0.0,-0.34575816070853516,-0.34575816070853516,1467.4545363383797,-961.9003489924497,-1108.228557125421
1076.5,54.871,274.1870490188166,-140.68395098118344,0.21330297030376713,0.0,-0.21514535893743986,-0.21514535893743986,1470.7740568768088,-931.8789225523602,-1137.8831223304608
1076.6,55.22899999999702,273.93529965547845,-141.29370034451858,0.03953000000172456,0.0,-0.04393855280050024,-0.04393855280050024,1474.0874415134633,-921.7888306927607,-1150.321318953005
1076.7,55.04200000000808,273.333472369314,-141.7085276306941,0.09657599999523162,0.0,-0.10503867671911632,-0.10503867671911632,1477.4201391917893,-915.5014471019907,-1159.5806863015816
1076.8,55.075999999999,272.2187506245878,-142.8572493754112,0.18215600000066298,0.0,-0.1945556468904688,-0.1945556468904688,1476.2045990156755,-891.33665977336,-1176.7323302684858
1076.9,54.69600000000519,272.2352655349412,-142.46073446506398,-0.012542999990812681,0.0,0.0,-0.004588173270115191,1479.5408537758703,-901.491612190652,-1173.1811501817317
1077.0,54.658,273.4059946202383,-141.25200537976173,-0.22707999999871126,0.0,0.2043307718729591,0.2043307718729591,1482.8862047306102,-928.1328041977256,-1156.5124270635486
1077.1,54.62400000000502,274.35406265476763,-140.2699373452374,-0.18877300000312547,0.0,0.16546908735449034,0.16546908735449034,1486.2311455820668,-949.9564830622525,-1143.0073046075336
1077.2,54.938999999986386,274.35406265476763,-140.58493734521875,-0.032904000004470996,0.0,0.0,0.015492975540625299,1489.5880768963982,-945.7895759682142,-1150.8061160863615
1077.3,54.653000000008454,273.70747307167085,-140.94552692833759,0.10013131312913415,0.0,-0.11285117134135955,-0.11285117134135955,1490.5367335118344,-939.1260330417797,-1157.4722666272999
1077.4,54.818999999997736,273.28392134707474,-141.535078652923,0.061207920796102405,0.0,-0.07543580546759834,-0.07543580546759834,1493.9219167917388,-929.2722835445695,-1169.7246327689968
1077.5,54.992,273.45365809201377,-141.53834190798625,-0.04168199999896405,0.0,0.029624650608037765,0.029624650608037765,1497.3637962678924,-931.3464782090286,-1172.4726333272915
1077.6,54.826000000008484,273.2853553599794,-141.5406446400291,0.02309299999584924,0.0,-0.029374368141009823,-0.029374368141009823,1500.7950726695722,-933.4334697892895,-1175.1969229139404
1077.7,55.35899999997697,272.4885517875446,-142.87044821243234,0.13548499999884756,0.0,-0.1390684583063891,-0.1390684583063891,1504.2204207678526,-907.9764505577454,-1199.273880098943
1077.8,54.774000000017296,271.82583904580883,-142.94816095420845,0.1150510000023334,0.0,-0.11566519338207924,-0.11566519338207924,1503.3613241712494,-905.8313510913305,-1199.8186672968493
1077.9,55.07199999999594,271.384149469199,-143.68785053079694,0.07782199999955886,0.0,-0.07976214589864453,-0.07976214589864453,1506.7641327752167,-892.281703359993,-1214.1546498147757
1078.0,55.081,271.384149469199,-143.69685053080104,-0.015362999994827639,0.0,0.0,0.004365659457146102,1510.1534223750464,-894.0976276411205,-1217.0262081638116
1078.1,55.24900000000266,271.62927738568254,-143.61972261432015,-0.05947961165344467,0.0,0.04278289231191827,0.04278289231191827,1513.5623059854336,-897.7570512729495,-1218.566014210819
1078.2,55.415999999992785,272.4130929961033,-143.0029070038895,-0.1601551020318644,0.0,0.1368016313037138,0.1368016313037138,1516.977795158026,-912.8785574931305,-1211.5586532528118
1078.3,55.39500000000062,274.56279202409235,-140.83220797590826,-0.40430204081348364,0.0,0.37519325965331013,0.37519325965331013,1521.8526318194106,-961.1923507973596,-1179.8918161188813
1078.4,55.25300000000194,275.62096381185427,-139.6320361881477,-0.20700000001261565,0.0,0.18557720722673707,0.18557720722673707,1525.2451516053504,-987.8921264466883,-1162.0851599604346
1078.5,55.256,275.1677764119371,-140.08822358806287,0.0688633663354553,0.0,-0.07909612257106301,-0.07909612257106301,1528.6597245335058,-980.7992368979416,-1172.5329037222236
1078.6,55.49499999999834,273.87138685664263,-141.62361314335573,0.2271129999935341,0.0,-0.2262626612835275,-0.2262626612835275,1532.1176370095654,-951.1765431853664,-1201.1026755984317
1078.7,55.391000000004496,271.70981594185633,-143.68118405814818,0.3848445544545319,0.0,-0.3772652947836635,-0.3772652947836635,1535.5909735336006,-909.4964647409325,-1237.277583495966
1078.8,55.5229999999961,269.7564447670634,-145.76655523293272,0.3486818181847933,0.0,-0.34092758513685845,-0.34092758513685845,1532.6563993652576,-862.2204820641914,-1267.1272543924977
1078.9,55.322000000002745,268.20334697867554,-147.1186530213272,0.28534100000022555,0.0,-0.2753535403961489,-0.2753535403961489,1536.117766011511,-833.9599901053333,-1290.0265601760718
1079.0,55.586000000000006,266.2632659324534,-149.3227340675466,0.3466049999966666,0.0,-0.33860802012113145,-0.33860802012113145,1539.5600208729606,-785.4861427077072,-1324.1059540250237
1079.1,55.73800000000399,264.27995746673656,-151.45804253326742,0.3484620000032176,0.0,-0.34615262809436365,-0.34615262809436365,1543.0091218475352,-737.2531321557376,-1355.4832972896627
1079.2,55.988999999989154,263.5975438634445,-152.39145613654466,0.11769595960415521,0.0,-0.11910364237843908,-0.11910364237843908,1546.4686789433702,-716.677164319149,-1370.3792238268632
1079.3,56.28699999999119,263.5975438634445,-152.6894561365467,0.004049999997335518,0.0,0.0,-0.008725973399273874,1541.2741934577873,-707.1567515356047,-1369.4726971270964
1079.4,56.23400000000073,263.19790267652854,-153.03609732347218,0.06806930693004226,0.0,-0.07567587562216926,-0.07567587562216926,1544.741821884147,-700.4308326878311,-1376.8165981343284
1079.5,56.57899999999999,262.86886800886185,-153.71013199113816,0.04675700000175221,0.0,-0.05742738303988358,-0.05742738303988358,1548.1995692751323,-685.7171774870512,-1388.0611869809259
1079.6,56.58300000000457,262.86886800886185,-153.71413199114272,-0.008553535352602228,0.0,0.0,-0.004520067924334885,1551.657143924508,-687.1514580023095,-1391.2091022047196
1079.7,56.8699999999876,262.99338669671,-153.87661330327762,-0.036863366336202255,0.0,0.021732610832128872,0.021732610832128872,1555.0936338289187,-684.7165684230515,-1396.2375982984383
1079.8,57.14699999999181,263.1809470277727,-153.96605297221913,-0.048835999999834255,0.0,0.03273545323174701,0.03273545323174701,1552.278779700736,-681.3007352505836,-1394.7755081217267
1079.9,57.38499999999675,263.58771890427477,-153.79728109572198,-0.08321499999842624,0.0,0.06676479799366453,0.06676479799366453,1555.7168737625134,-686.9243441335632,-1395.847390206423
1080.0,57.05,264.1448606037882,-152.90513939621184,-0.11666732673261712,0.0,0.09723957056665943,0.09723957056665943,1559.1289857836202,-710.1287674837924,-1388.0202908828853
1080.1,57.557000000004685,265.05807446843727,-152.4989255315674,-0.18073333333009928,0.0,0.15938588712988497,0.15938588712988497,1562.562546157982,-721.5370805147827,-1385.9963752109597
1080.2,57.8509999999873,266.16619892810706,-151.6848010718802,-0.21437800000168034,0.0,0.19340420343121564,0.19340420343121564,1565.9674413090945,-742.7724293721642,-1378.6018806764794
1080.3,57.71400000000405,266.67870548288266,-151.03529451712137,-0.1040460000040038,0.0,0.08944926818886702,0.08944926818886702,1559.3254537635255,-755.1357190247375,-1364.2821983034953
1080.4,57.90499999999739,266.3960023568619,-151.50899764313544,0.04746699999632456,0.0,-0.05619360849427766,-0.05619360849427766,1562.7191289957607,-745.4494451043993,-1373.4613940416425
1080.5,58.359,265.70323706295636,-152.65576293704362,0.11047878787942915,0.0,-0.12091035322197084,-0.12091035322197084,1566.1212707774598,-719.3751023587034,-1391.1273474732682
1080.6,58.22000000001375,265.53177288590484,-152.68822711410894,0.020669306934347348,0.0,-0.029926144387714685,-0.029926144387714685,1569.5002223388294,-720.1371362959698,-1394.5370030404624
1080.7,59.08399999996268,265.65639717191357,-153.4276028280491,-0.029037000001454802,0.0,0.021751041187993814,0.021751041187993814,1572.8912881544786,-703.5987355907449,-1406.7465385162177
1080.8,59.78999999997913,265.26535369633433,-154.52464630364477,0.060189999996866354,0.0,-0.06824996167299673,-0.06824996167299673,1577.5233622528908,-678.5287682783992,-1424.141379594127
1080.9,59.19200000000816,264.8076436061128,-154.38435639389536,0.07187100000253041,0.0,-0.07907453225055767,-0.07907453225055767,1580.9264189496566,-683.485020834451,-1425.5443060206564
1081.0,58.789,264.5176160394127,-154.2713839605873,0.046210999998664154,0.0,-0.05061935960464262,-0.05061935960464262,1584.3123903661417,-687.7643753450301,-1427.2441677141085
1081.1,58.90599999998436,263.96406414585573,-154.94193585412864,0.09251599999909284,0.0,-0.09661303123217947,-0.09661303123217947,1587.73882443006,-672.4653548019543,-1438.299315578517
1081.2,57.92300000004247,263.4917568224591,-154.43124317758338,0.0788888888905763,0.0,-0.08243317874552918,-0.08243317874552918,1591.170317714772,-686.7394326313231,-1435.3438374291147
1081.3,58.452999999984335,262.69447069434636,-155.75852930563798,0.13866336633175863,0.0,-0.1391526801604501,-0.1391526801604501,1598.1344116228097,-656.1670114540811,-1457.2159931500903
1081.4,58.55499999999861,261.3534164903477,-157.20158350965096,0.2321420000001041,0.0,-0.23177976566574193,-0.23177976566574193,1601.5836152167365,-620.5978085931379,-1476.4580713654236
1081.5,58.228,260.2621661889908,-157.9658338110092,0.18888900000207937,0.0,-0.19045910722057757,-0.19045910722057757,1605.034984317514,-602.1439907369602,-1487.8037220354338
1081.6,58.562999999999,259.8290471678713,-158.73395283212767,0.07269800000353889,0.0,-0.07559352971549894,-0.07559352971549894,1608.5065727606861,-583.4038171536396,-1498.977445042083
1081.7,58.50000000000272,260.0836849480282,-158.41631505197455,-0.05334343434091203,0.0,0.044442676637080035,0.044442676637080035,1611.9849679349009,-592.9844399097024,-1498.954632693418
1081.8,58.655999999995394,260.2230046402474,-158.43299535974802,-0.03746534653811648,0.0,0.024315873420893863,0.024315873420893863,1617.9444667394337,-594.7386762132086,-1504.6694668494176
1081.9,58.99099999999544,260.44352773048684,-158.5474722695086,-0.05147899999585864,0.0,0.04003004752982109,0.04003004752982109,1621.4424133807538,-593.0104677816461,-1509.1103621045734
1082.0,59.034,261.1345292654049,-157.89947073459507,-0.13626336633665662,0.0,0.12060251920655157,0.12060251920655157,1624.945486552996,-611.3578257762322,-1505.5528695901419
1082.1,58.83099999999973,262.31792730754574,-156.513072692454,-0.22636969696504272,0.0,0.20654192197011495,0.20654192197011495,1628.4555551790145,-649.0043850157821,-1493.5396892696488
1082.2,58.814000000000725,263.7378885511816,-155.07611144881912,-0.26497600000291455,0.0,0.24782998952159813,0.24782998952159813,1631.9826869806975,-687.7402771987986,-1479.993514081483
1082.3,58.97999999999509,263.94386680000156,-155.03613319999351,-0.050031313139542816,0.0,0.035949986294001354,0.035949986294001354,1637.355917411158,-691.0405319848337,-1484.3845133372463
1082.4,58.97800000000003,263.36231336373703,-155.61568663626304,0.08810000000099594,0.0,-0.1004340153168246,-0.1004340153168246,1640.8937094693274,-677.4513106342845,-1494.5206213016597
1082.5,59.262,263.1761698581703,-156.08583014182972,0.025183838385998573,0.0,-0.03248817053344113,-0.03248817053344113,1644.4411569052986,-666.6032952813582,-1503.2720197103622
1082.6,59.02000000000361,262.9042615603992,-156.1157384396044,0.044819801977204525,0.0,-0.04745695059599106,-0.04745695059599106,1648.0027094183838,-667.26053765928,-1506.8763403587511
1082.7,59.246999999990194,262.3924297940605,-156.8545702059297,0.08886300000102357,0.0,-0.08933149538908608,-0.08933149538908608,1651.5716848178934,-649.1772030290741,-1518.6368852229168
1082.8,59.31899999999787,261.3360854265508,-157.98291457344703,0.18941799999357217,0.0,-0.1843668724794023,-0.1843668724794023,1651.6043095712464,-619.1584777318093,-1531.156286878365
1082.9,59.14600000000236,259.30039483188233,-159.84560516812002,0.36372599999758604,0.0,-0.35750278451317485,-0.35750278451317485,1655.1248132914754,-570.2750526629679,-1553.7774975469913
1083.0,59.438,257.00822433161045,-162.42977566838954,0.40178700000058737,0.0,-0.4000592224682944,-0.4000592224682944,1658.641445824079,-500.701544742363,-1581.2619671951902
1083.1,59.48300000000065,256.0985550312738,-163.38444496872683,0.15606800001126395,0.0,-0.15876724395187067,-0.15876724395187067,1662.1490232626468,-475.2890673921849,-1592.745955245355
1083.2,59.52399999999823,256.3208467424613,-163.20315325753694,-0.04618500000206944,0.0,0.03879722260113968,0.03879722260113968,1665.6523836105684,-481.33874453507576,-1594.5879957020138
1083.3,59.7539999999932,256.68930212021667,-163.06469787977653,-0.0779329999960713,0.0,0.06430759488511203,0.06430759488511203,1666.8517634130455,-485.5400301579117,-1594.5675527576227
1083.4,59.88499999999821,257.29540694828796,-162.58959305171027,-0.12158800000170511,0.0,0.10424026646176601,0.10424026646176601,1670.3256773487815,-499.78501305195846,-1593.801370666784
1083.5,59.931,257.7111464848833,-162.2198535151167,-0.09247799999969764,0.0,0.07256023744303286,0.07256023744303286,1673.781220803182,-511.11481344878257,-1593.83349901632
1083.6,59.63000000000715,259.3156799858729,-160.31432001413424,-0.3058719999900117,0.0,0.28004392550821283,0.28004392550821283,1677.2311774946304,-564.992001951422,-1579.2050090127466
1083.7,60.078999999980596,261.8404500714217,-158.23854992855888,-0.46598300000280796,0.0,0.4406555084868498,0.4406555084868498,1680.6757762050295,-623.0988545137413,-1560.9032264128489
1083.8,59.91800000000476,262.5949028324574,-157.3230971675473,-0.1548700000133892,0.0,0.13167684730835577,0.13167684730835577,1686.6371867141365,-650.2561766704004,-1556.249306605137
1083.9,59.87600000000058,262.27312033743254,-157.60287966256806,0.02873400000404966,0.0,-0.054419248044822295,-0.054419248044822295,1690.0757200695289,-643.9592566257674,-1562.5851705985583
1084.0,59.8,263.68092986343987,-156.11907013656014,-0.26676999998926865,0.0,0.24570911469768247,0.24570911469768247,1693.5179193768765,-685.5991662671347,-1548.5337343643484
1084.1,59.699000000001256,265.4761089412442,-154.22289105875706,-0.3259980000077912,0.0,0.31331785570601134,0.31331785570601134,1696.922001803558,-737.9427878661694,-1528.0656798846378
1084.2,59.77799999999659,265.7270645389107,-154.05093546108583,-0.05262323232857623,0.0,0.043800014555917664,0.043800014555917664,1700.3357921923673,-744.0192540281078,-1528.9137175936069
1084.3,59.865999999997406,265.1434437355019,-154.72255626449555,0.09311584158215894,0.0,-0.10186104602618312,-0.10186104602618312,1702.0464603440296,-726.7770896163539,-1539.0767411595898
1084.4,60.055999999997404,263.8507963388691,-156.20520366112828,0.22416262625795885,0.0,-0.22678397321122504,-0.22678397321122504,1705.4444638769369,-688.0823704585845,-1560.4753989834599
1084.5,59.665,262.0066012001466,-157.65839879985344,0.3207712871285699,0.0,-0.3218727721998171,-0.3218727721998171,1708.8566290769688,-649.5839686703805,-1580.5795286497732
1084.6,59.949999999992045,261.176376424407,-158.77362357558502,0.13828400000893937,0.0,-0.14490155868286086,-0.14490155868286086,1712.2789930596691,-619.9369998197068,-1596.113237313686
1084.7,59.4500000000216,261.56879154580935,-157.88120845421224,-0.07454499999899626,0.0,0.06848935903084356,0.06848935903084356,1715.6874792994308,-646.0045819812692,-1589.4217837578672
1084.8,59.69399999999279,261.56879154580935,-158.12520845418345,-0.008274000004594287,0.0,0.0,0.001645975659324886,1715.9520347444638,-639.3285955465046,-1592.4039476402334
1084.9,60.03799999999531,260.79956474959965,-159.23843525039564,0.12531010100791062,0.0,-0.13626870798407792,-0.13626870798407792,1719.3572227595032,-609.4773721904218,-1607.708491065196
1085.0,60.012,260.9573419853631,-159.0546580146369,-0.038373267316391124,0.0,0.02753732248767931,0.02753732248767931,1722.7353675224113,-615.8385915206255,-1608.9002379596038
1085.1,59.397000000014515,261.9752285056343,-157.4217714943802,-0.18434400000317508,0.0,0.1776547119040033,0.1776547119040033,1726.1174897679603,-662.7332985523935,-1593.821245771529
1085.2,60.3089999999606,261.78154421431327,-158.52745578564736,0.02422121211409782,0.0,-0.033804285929437836,-0.033804285929437836,1729.4953656578052,-633.0910042079745,-1609.4564300479724
1085.3,59.81300000001466,260.3164772115134,-159.49652278850124,0.24224851484757381,0.0,-0.25570242961181394,-0.25570242961181394,1732.9357017269726,-606.9853824737905,-1623.1558433444097
1085.4,60.09599999999614,259.8189552333811,-160.27704476661506,0.07479090910331196,0.0,-0.08679633106801266,-0.08679633106801266,1736.3289837355771,-585.9631549318444,-1634.4679626173593
1085.5,60.32899999999999,260.80576237037434,-159.52323762962567,-0.1844485148509798,0.0,0.17223033622710798,0.17223033622710798,1739.725031249827,-608.6035946596762,-1629.7990210220805
1085.6,60.42400000000022,261.69559358583314,-158.72840641416707,-0.17559200000092606,0.0,0.15530484496780175,0.15530484496780175,1743.1316067158166,-632.3894376892358,-1624.3741556152502
1085.7,60.4379999999994,263.01222482234175,-157.42577517765767,-0.25766699999483755,0.0,0.22979550111679486,0.22979550111679486,1746.5540868008472,-670.4671249530837,-1612.7383583451742
1085.8,60.66899999999317,265.3586771402759,-155.31032285971725,-0.43945799999600654,0.0,0.4095331868900401,0.4095331868900401,1750.7652767725474,-731.3005789787372,-1590.7163535771606
1085.9,60.58000000000121,267.51170966068554,-153.0682903393157,-0.40941800000549705,0.0,0.3763336586120793,0.3763336586120793,1754.1388192312436,-794.4989285147258,-1563.8971992183292
1086.0,58.653,269.1271757085,-149.52582429150004,-0.31496899999905575,0.0,0.2819520148854224,0.2819520148854224,1757.5159797168828,-891.3241568128799,-1514.7289085648306
1086.1,60.18700000001383,271.02084327596555,-149.16615672404828,-0.3586059999988329,0.0,0.3305073399050603,0.3305073399050603,1760.883025950016,-902.5408467968665,-1511.9950565203842
1086.2,61.05599999996245,272.28618185184774,-148.76981814811472,-0.2460060606130617,0.0,0.2208432430164175,0.2208432430164175,1764.2725939017553,-914.7356791092255,-1508.614073564678
1086.3,61.35299999999122,272.62825124556576,-148.7247487544255,-0.08134059406065819,0.0,0.059702371906805315,0.059702371906805315,1765.909698926601,-916.7719889113403,-1509.2932733934067
1086.4,61.954999999991784,273.02048508176165,-148.93451491823015,-0.08370099999863936,0.0,0.06693981849503551,0.06693981849503551,1769.2175874407053,-912.9470962557031,-1515.473018944181
1086.5,61.732,273.32004594935773,-148.4119540506423,-0.06843300000218841,0.0,0.0522832344968271,0.0522832344968271,1772.5541784282636,-928.4784000491286,-1509.9258843087985
1086.6,62.276000000001055,273.66531752068255,-148.61068247931848,-0.07455599999753364,0.0,0.06026125733151959,0.06026125733151959,1775.8927966847311,-924.9746208892714,-1515.9871952056405
1086.7,62.34199999999715,274.3215313778399,-148.02046862215724,-0.12393939393959008,0.0,0.1145309240460751,0.1145309240460751,1779.260822139021,-942.3254792837365,-1509.2354900052878
1086.8,62.45999999999651,274.3215313778399,-148.1384686221566,-0.019306930698310215,0.0,0.0,0.010308615622874636,1780.8669078441346,-940.0630314770431,-1512.5370872492751
1086.9,62.53899999999892,273.9209073053128,-148.61809269468608,0.06467326732767564,0.0,-0.07163063718786829,-0.07163063718786829,1784.232572860499,-929.1214021663023,-1523.2266062844753
1087.0,62.521,273.4183969846977,-149.1026030153023,0.08481632652854648,0.0,-0.08770459619985321,-0.08770459619985321,1787.6031991444845,-917.9382981541131,-1533.9212751551254
1087.1,62.89800000000134,271.93436914687095,-150.96363085313038,0.25818316831057664,0.0,-0.25901171961328173,-0.25901171961328173,1790.9684377645813,-869.2728537281279,-1565.8648252132946
1087.2,62.98199999999637,270.06723159754574,-152.9147684024506,0.32429200000344993,0.0,-0.32587697823343814,-0.32587697823343814,1794.3297270446533,-816.9860171532275,-1597.5459358441767
1087.3,62.84100000000417,269.12217917632114,-153.71882082368302,0.16338500000475226,0.0,-0.1649427635431365,-0.1649427635431365,1795.7324279351449,-795.1084502848428,-1610.1110225768552
1087.4,63.04999999999715,268.29852872243447,-154.7514712775627,0.14486799999620315,0.0,-0.14520460746372357,-0.14520460746372357,1799.114738423997,-767.4043218982425,-1627.2382888644017
1087.5,63.854,267.02614980834807,-156.82785019165192,0.21741400000028255,0.0,-0.22207201383757294,-0.22207201383757294,1802.517503414415,-709.2817908805824,-1657.10249871291
1087.6,63.64600000000942,266.0306853033164,-157.61531469669308,0.1656870000022136,0.0,-0.1737413319953892,-0.1737413319953892,1805.9066461435696,-687.7312184818466,-1669.827711385516
1087.7,64.23799999997442,265.5372123485953,-158.70078765137913,0.07928800000195296,0.0,-0.08612727829426912,-0.08612727829426912,1809.296315372894,-657.2059392084498,-1685.7145399773563
1087.8,64.0150000000066,264.9409240090789,-159.07407599092767,0.09750799999691298,0.0,-0.10407194815810122,-0.10407194815810122,1816.7437570456038,-648.8693853371612,-1696.916733236004
1087.9,63.91000000000143,264.13884944376156,-159.7711505562399,0.13281010101139612,0.0,-0.13770974615043585,-0.13770974615043585,1820.1573150487227,-629.3570746336172,-1707.8882645343022
1088.0,63.972,263.5271892905065,-160.44481070949348,0.10338415841601169,0.0,-0.10675483577552669,-0.10675483577552669,1823.5559788528087,-610.3709729819766,-1718.3723936768947
1088.1,64.32300000000149,263.03566603091394,-161.2873339690875,0.07985900000096623,0.0,-0.08578699230024653,-0.08578699230024653,1826.9456975654186,-586.1250609562114,-1730.372212783097
1088.2,64.41599999999598,262.90458395972615,-161.5114160402698,0.01671300000213883,0.0,-0.022878137325609643,-0.022878137325609643,1830.3364937785002,-580.4284366291764,-1735.86707740241
1088.3,64.32200000000279,262.3548685329284,-161.9671314670744,0.09250499999366796,0.0,-0.09594344146626071,-0.09594344146626071,1840.5307268716629,-569.759349268044,-1750.1221787293555
1088.4,64.24900000000099,261.2186060717824,-163.0303939282186,0.19076969697103985,0.0,-0.19523956667464215,-0.19523956667464215,1843.9242711669046,-538.1757933080435,-1763.639286616075
1088.5,64.45,260.29627737133285,-164.15372262866714,0.15875049504975638,0.0,-0.16097672608484864,-0.16097672608484864,1847.2990836917716,-504.4185636295497,-1777.0975823725496
1088.6,64.12299999999495,259.5349067894462,-164.58809321054872,0.1324810000010182,0.0,-0.13288423481746633,-0.13288423481746633,1850.6967164667435,-491.8346134543252,-1784.1460280338658
1088.7,63.805000000013735,258.54980094496636,-165.25519905504734,0.16807499999708791,0.0,-0.17193340466812215,-0.17193340466812215,1854.0971361363993,-471.8940433950087,-1793.0399331965552
1088.8,64.35599999998372,257.33344364875353,-167.0225563512302,0.2083020000010411,0.0,-0.2122943969956965,-0.2122943969956965,1862.5571711766158,-418.26970395185646,-1814.9847576928748
1088.9,64.56199999999718,257.3274124140745,-167.23458758592267,-0.014716999989756868,0.0,0.0,0.0035722235835377826,1865.9841053872824,-412.3074589692895,-1819.8624236013732
1089.0,63.45,258.5623756044607,-164.88762439553926,-0.2368189999994275,0.0,0.2155417381317326,0.2155417381317326,1869.4248049493924,-487.3834237037132,-1804.773254361589
1089.1,63.69499999999881,260.13759617833097,-163.55740382166783,-0.2983839999975998,0.0,0.2749278545919128,0.2749278545919128,1872.863817248692,-530.122670977616,-1796.2708124542078
1089.2,63.62000000000324,261.6327192105382,-161.98728078946505,-0.28081600000350937,0.0,0.26094819634417726,0.26094819634417726,1876.2782820078157,-580.1979940983299,-1784.317931081363
1089.3,63.539000000002396,262.267958701615,-161.27104129838744,-0.13020000000414367,0.0,0.11087020657982748,0.11087020657982748,1881.717853944192,-604.2039716134569,-1782.0773391014377
1089.4,63.75099999999711,262.7858450404096,-160.9651549595875,-0.1118589999968004,0.0,0.09117665603338625,0.09117665603338625,1885.1121405368751,-614.8163577742204,-1782.0349684034713
1089.5,64.226,263.3587795864796,-160.86722041352039,-0.11331400000325659,0.0,0.09999594227341377,0.09999594227341377,1888.5594108704056,-618.9913274075141,-1784.2383206795714
1089.6,65.28400000000443,262.88733702605117,-162.39666297395326,0.07654299999407743,0.0,-0.08228224913508149,-0.08228224913508149,1891.9758304712816,-572.1815587782115,-1803.3803833028771
1089.7,65.56299999998795,261.76403054823766,-163.79896945175028,0.1938160000005353,0.0,-0.19605396546826337,-0.19605396546826337,1895.3994295793184,-528.8323210362016,-1820.1305925336976
1089.8,65.46400000000293,260.93256190402235,-164.53143809598055,0.1415420000021806,0.0,-0.14511865468650434,-0.14511865468650434,1897.417708040072,-506.05950560847623,-1828.6874351751162
1089.9,64.76600000000953,260.9355600255455,-163.830439974464,0.0077050000045973815,0.0,0.0,-0.017296072219098325,1900.9139693094012,-529.3682025690911,-1825.7171809522945
1090.0,64.199,261.08574164851916,-163.11325835148085,-0.04329000000220575,0.0,0.02621163796878478,0.02621163796878478,1904.4090511681577,-553.1942215729224,-1822.292508734405
1090.1,64.46600000000215,261.5877875553945,-162.87821244460764,-0.10361386138106805,0.0,0.0876235407113619,0.0876235407113619,1907.873427849472,-561.6851073121356,-1823.3186383399498
1090.2,64.60099999999417,262.0458915737482,-162.55510842624597,-0.09335200000626433,0.0,0.07995423436888702,0.07995423436888702,1911.3428315356869,-572.9983198545997,-1823.432023714255
1090.3,64.4520000000044,262.2611430869641,-162.1908569130403,-0.054130303025287194,0.0,0.03756847625518526,0.03756847625518526,1915.1059345902236,-585.729862477262,-1823.3352047566739
1090.4,64.58799999999815,263.1332932187779,-161.45470678122024,-0.1703539999991425,0.0,0.15233677794030662,0.15233677794030662,1918.6039230808387,-610.2200781054701,-1818.9756650208762
1090.5,64.72399999999999,264.0597662521532,-160.66423374784677,-0.18255555555583217,0.0,0.16170004863338291,0.16170004863338291,1922.1053248191006,-636.4157725643452,-1813.6879125498047
1090.6,64.79099999999715,265.4625587719923,-159.32844122800486,-0.26809999999565015,0.0,0.24483348193540438,0.24483348193540438,1925.5905340472964,-679.7535853936844,-1801.6198178186714
1090.7,64.61200000000773,267.2728968538688,-157.33910314613888,-0.3400415841593699,0.0,0.31596360102984805,0.31596360102984805,1929.0487113556596,-743.2168271003609,-1780.128556789594
1090.8,64.87699999999217,268.2051279664349,-156.6718720335573,-0.18349600000724106,0.0,0.16270502303807816,0.16270502303807816,1932.822261782066,-765.3905487747235,-1774.8180761663066
1090.9,64.95399999999894,268.4707324272525,-156.4832675727464,-0.06510303030180058,0.0,0.04655853635564304,0.04655853635564304,1936.2673745235954,-772.6033403442439,-1775.4479502743563
1091.0,64.967,269.47565883388853,-155.49134116611145,-0.19627058822977836,0.0,0.1753927453603384,0.1753927453603384,1939.70784934276,-804.650473491176,-1764.9374369400016
1091.1,65.28400000000038,270.7276582762756,-154.5563417237248,-0.24076969697310047,0.0,0.21851512502787185,0.21851512502787185,1943.16484452228,-834.8289567656689,-1754.6937698449954
1091.2,65.30799999999897,271.6971533191428,-153.61084668085618,-0.18710899999915487,0.0,0.16920880579796266,0.16920880579796266,1946.6092616197059,-865.2008607543038,-1743.7646308988
1091.3,65.26300000000134,272.41414890774007,-152.84885109226127,-0.1427600000032631,0.0,0.12513933743297637,0.12513933743297637,1950.5910238573563,-890.1316029654049,-1735.6471622294457
1091.4,65.24700000000021,272.7509595761065,-152.49604042389376,-0.07631683168327824,0.0,0.059243617668207085,0.059243617668207085,1954.0249269390013,-902.3880783004927,-1733.1789207234528
1091.5,65.278,272.9080121316623,-152.36998786833772,-0.03923636363815009,0.0,0.02741084193120747,0.02741084193120747,1957.4766344136287,-907.7997051465085,-1734.2475225904807
1091.6,65.50799999999904,273.22118157327543,-152.28681842672358,-0.06791099999683672,0.0,0.054658378727814295,0.054658378727814295,1960.9306652680757,-911.9224301998369,-1735.9857589528553
1091.7,65.4480000000026,273.65117083852783,-151.79682916147476,-0.08932828283066432,0.0,0.07504728426885705,0.07504728426885705,1964.387587420096,-928.3686640363528,-1731.1701872564415
1091.8,65.35400000000278,273.22103610551204,-152.13296389449073,0.06661881187556074,0.0,-0.07507267318311574,-0.07507267318311574,1966.0696039841228,-918.982773413969,-1738.0737469620371
1091.9,65.57699999999696,272.22081859795514,-153.35618140204178,0.16964800000036678,0.0,-0.17613971977296242,-0.17613971977296242,1969.5053464653151,-883.2104666578332,-1760.3666042451252
1092.0,65.832,271.92267860433583,-153.90932139566416,0.042687000006039796,0.0,-0.05203524520532835,-0.05203524520532835,1972.941710943097,-867.6860816989758,-1771.8972482638358
1092.1,65.78800000000226,271.92267860433583,-153.86532139566646,-0.019681818184819067,0.0,0.0,0.0089021500325008,1976.3703921240951,-870.5568196035607,-1774.3085274851392
1092.2,65.92999999999387,271.92267860433583,-154.00732139565804,-0.013579207917949705,0.0,0.0,0.0018281533097158217,1979.7854291209612,-867.6534232922517,-1779.530242060782
1092.3,65.76000000000504,272.6794646359284,-153.08053536407664,-0.14525050504660442,0.0,0.13208407984392886,0.13208407984392886,1979.110945704469,-896.0180315713376,-1764.6619570065716
1092.4,65.83699999999895,273.05181629089526,-152.7851837091037,-0.07287326733406913,0.0,0.06147943247028692,0.06147943247028692,1982.5127457108874,-906.6584079149881,-1763.0448996730572
1092.5,66.086,272.4822682284234,-153.60373177157663,0.09209999999925311,0.0,-0.09940488938488784,-0.09940488938488784,1985.9087057170664,-882.8890149528467,-1778.85929030894
1092.6,66.02499999999638,271.87030001661503,-154.15469998338136,0.10313960396058416,0.0,-0.10680860213597579,-0.10680860213597579,1989.301365848265,-867.2215802079699,-1790.3202660382765
1092.7,65.79700000000985,270.87184088443945,-154.9251591155704,0.17215899999630474,0.0,-0.17426399303068585,-0.17426399303068585,1992.70230403488,-844.5106999389124,-1804.9000388372226
1092.8,65.80499999999977,269.710334747203,-156.0946652527968,0.2006210000025147,0.0,-0.20272106376896867,-0.20272106376896867,1993.586592671921,-807.8545364609311,-1822.5692169025388
1092.9,65.87099999999911,269.022288983438,-156.84871101656114,0.11841700000165309,0.0,-0.12173775344227035,-0.12173775344227035,1997.0005882743108,-785.1414466669066,-1836.181978534192
1093.0,66.274,268.6200038157919,-157.6539961842081,0.06396700000103347,0.0,-0.07021200707361677,-0.07021200707361677,2000.421039396354,-760.557888162263,-1850.1989173096356
1093.1,65.92100000000109,268.3863692008953,-157.5346307991058,0.03358600000043941,0.0,-0.04077693276574657,-0.04077693276574657,2003.8490655478336,-765.7207237290414,-1851.7782941672037
1093.2,65.98899999999705,268.52921689461596,-157.45978310538112,-0.03391599999706561,0.0,0.02493162584306453,0.02493162584306453,2007.2858854010706,-769.4565617450426,-1853.9507073592483
1093.3,65.86400000000368,268.69349093886024,-157.17050906114343,-0.038146000002967896,0.0,0.028671229476303448,0.028671229476303448,2010.0924776120175,-779.895842606935,-1852.6290085272979
1093.4,66.13699999999628,268.4563358379331,-157.68066416206318,0.033382999999338275,0.0,-0.04174229081378267,-0.04174229081378267,2013.5197157948687,-764.6711048049685,-1862.6700586445786
1093.5,66.079,267.9663301261258,-158.1126698738742,0.07758787878632466,0.0,-0.08552213024616018,-0.08552213024616018,2016.9636634940473,-751.888958755545,-1871.578321512843
1093.6,66.21700000000023,267.2488608367507,-158.96813916324953,0.11766138613819294,0.0,-0.12522201381538936,-0.12522201381538936,2020.4076887251333,-725.0981274245041,-1885.8101532935686
1093.7,66.2309999999994,266.7675610786251,-159.4634389213743,0.07690808081061068,0.0,-0.08400265468343537,-0.08400265468343537,2023.8694139724882,-709.9835318974729,-1895.2495321850715
1093.8,66.60199999998903,266.59090441256666,-160.01109558742235,0.023921782178331196,0.0,-0.030832404683153247,-0.030832404683153247,2030.0815470138548,-693.9593430725373,-1907.787073467188
1093.9,66.23800000000496,266.0698298510139,-160.16817014899107,0.0824109999969293,0.0,-0.08969193427195958,-0.08969193427195958,2033.5713937381593,-689.9105714763383,-1912.965241920342
1094.0,66.667,265.5486046372191,-161.11839536278092,0.08092000000327146,0.0,-0.09097096125129249,-0.09097096125129249,2037.051537906258,-659.217686835785,-1927.4363827242464
1094.1,66.65700000000726,265.9476543269918,-160.70934567301543,-0.08386099999530115,0.0,0.0696473096559563,0.0696473096559563,2040.5305441935723,-674.1105731765405,-1925.964651004403
1094.2,67.1129999999803,266.85361782438946,-160.25938217559087,-0.17461800000054029,0.0,0.15812045932472082,0.15812045932472082,2044.0131908193364,-690.3912016659896,-1923.8892673191033
1094.3,66.90300000000622,267.3514390623901,-159.5515609376161,-0.10445500000312069,0.0,0.08688619689466084,0.08688619689466084,2053.738834731407,-717.5030727945125,-1924.3265164244738
1094.4,67.14099999999677,267.695415527501,-159.4455844724958,-0.0824449999980049,0.0,0.0631269525319555,0.0631269525319555,2057.2284750613685,-722.2863529252119,-1926.2635912515505
1094.5,67.62100000000001,268.2736463388371,-159.34735366116286,-0.1187470000002404,0.0,0.10092031494293788,0.10092031494293788,2060.7254462439782,-726.821161818359,-1928.2946775662826
1094.6,66.96199999998635,268.7306346096987,-158.23136539028764,-0.09494242424333818,0.0,0.07975949969530814,0.07975949969530814,2064.2272837981664,-765.5382974358868,-1917.0251418110613
1094.7,66.10400000003706,268.7306346096987,-157.37336539033834,-0.02139306930963502,0.0,0.0,0.008676406520892934,2067.743416034855,-795.5114404762849,-1908.5922515369377
1094.8,66.02900000000221,268.38528891849097,-157.64371108151124,0.050855999999109114,0.0,-0.06027419369151023,-0.06027419369151023,2072.8855458783332,-788.4529598252096,-1917.080179975314
1094.9,66.87799999998842,268.12567198787485,-158.7523280121136,0.03424700000172743,0.0,-0.04443530939071897,-0.04443530939071897,2076.48299539801,-752.5177887252769,-1935.3290696491674
1095.0,66.928,267.9717600650081,-158.9562399349919,0.01456435643480902,0.0,-0.02686269812100419,-0.02686269812100419,2079.987434633687,-746.8837053970192,-1941.2656847650826
1095.1,67.2740000000432,267.9717600650081,-159.30223993503512,-0.0073393939374031755,0.0,0.0,-0.003831813351962316,2083.5230279433877,-736.3967808237077,-1949.0479699491398
1095.2,69.98799999988275,267.9717600650081,-162.01623993487465,-0.022481000001316014,0.0,0.0,0.011662538933197254,2087.015183260065,-644.3605412048902,-1985.0521071488738
1095.3,69.32100000001971,267.6514860732321,-161.6695139267876,0.04389799999792299,0.0,-0.05589835664996138,-0.05589835664996138,2090.337163041759,-657.4059876031212,-1984.2698462298506
1095.4,68.70600000000839,267.1752924684803,-161.5307075315281,0.07343200000057498,0.0,-0.08320230030757272,-0.08320230030757272,2093.8630304266794,-663.3281845711823,-1986.0156368319704
1095.5,68.77199999999999,266.743357296743,-162.028642703257,0.06757799999969764,0.0,-0.07538690901982176,-0.07538690901982176,2097.409569367291,-647.1379232021644,-1995.078797949363
1095.6,68.31899999999126,266.0945616456307,-162.2244383543606,0.10447399999852114,0.0,-0.11323620284530041,-0.11323620284530041,2100.9262285810764,-641.3900154343489,-2000.6273681125706
1095.7,67.77000000002371,265.72037852176527,-162.04962147825847,0.05653000000403975,0.0,-0.06530727516849472,-0.06530727516849472,2104.4903322000628,-648.589627352114,-2002.0517110241624
1095.8,68.25399999998568,265.72037852176527,-162.53362147822043,-0.024917171717261082,0.0,0.0,0.016585820000245825,2104.5411637919974,-631.6698255838344,-2007.5075943920767
1095.9,68.28999999999951,265.168207377189,-163.12179262281052,0.09254257425166211,0.0,-0.09774370033998045,-0.09774370033998045,2108.0608156544404,-612.0506789245586,-2017.2541656731437
1096.0,68.298,264.06521961211996,-164.23278038788004,0.1923363636372916,0.0,-0.19250768109668837,-0.19250768109668837,2111.5940493928706,-573.7828025000798,-2032.1423978123519
1096.1,68.32900000000586,262.66770569379236,-165.6612943062135,0.2471158415806711,0.0,-0.24391219217263438,-0.24391219217263438,2115.15525113333,-523.825742576143,-2049.265314158089
1096.2,68.69799999998406,260.799965390511,-167.8980346094731,0.3326329999994622,0.0,-0.3259821786445714,-0.3259821786445714,2118.7172324526396,-444.1935239226544,-2071.6309575783393
1096.3,68.73399999999893,258.30217580260944,-170.43182419738946,0.4480848484793051,0.0,-0.43594652330913797,-0.43594652330913797,2116.809453428273,-351.8583160622018,-2087.361489426586
1096.4,68.8519999999984,255.3850513775468,-173.46694862245158,0.524946534654942,0.0,-0.5100916542185885,-0.5100916542185885,2120.4287588933043,-241.25462798137613,-2106.6595182941564
1096.5,68.91,252.83776908841926,-176.07223091158073,0.45941010101189406,0.0,-0.444584629230136,-0.444584629230136,2124.0278772283054,-145.49340820556512,-2119.038954670657
1096.6,69.11100000000309,250.7512594291151,-178.359740570888,0.37666732673489306,0.0,-0.3641646342952335,-0.3641646342952335,2127.6017048540284,-60.90050824013688,-2126.729917642074
1096.7,69.30499999999162,249.48563929224585,-179.81936070774577,0.226051000005207,0.0,-0.22089238467909333,-0.22089238467909333,2131.140621325745,-6.7189433331699275,-2131.130029741303
1096.8,69.38699999999757,248.61674377507865,179.2297437750811,0.1529059999982027,0.0,-0.15165087630385213,-0.15165087630385213,2129.3771751359777,28.62543515031981,-2129.1847591161577
1096.9,69.53099999999804,247.95301536851304,178.42201536851496,0.1115170000038836,0.0,-0.11623186452777468,-0.11623186452777468,2132.921004312591,58.73540987574201,-2132.1121364188516
1097.0,69.486,248.29655284868312,178.81055284868313,-0.07374999999467151,0.0,0.05995860132972627,0.05995860132972627,2136.497691376412,44.350012956317954,-2136.0373268291714
1097.1,69.91700000000277,248.77109375541932,178.85409375541656,-0.09907100000406571,0.0,0.0828230125794633,0.0828230125794633,2140.0924591696594,42.79864677706987,-2139.664461925956
1097.2,70.09099999999249,249.38485127020087,179.2938512702084,-0.12649899999417336,0.0,0.10712089441796584,0.10712089441796584,2143.6999824843556,26.4196195626701,-2143.537174533157
1097.3,70.04400000000139,251.18334492845193,-178.86065507154944,-0.33523699999530476,0.0,0.31389635912719466,0.31389635912719466,2140.5767212451483,-42.56324853416947,-2140.1535153840828
1097.4,70.19499999999793,252.59074392644004,-177.6042560735579,-0.26722500000811666,0.0,0.24553133010954245,0.24553133010954245,2144.1716564975036,-89.62945486241286,-2142.2975174677103
1097.5,70.407,252.759761983844,-177.647238016156,-0.04517300000278321,0.0,0.02949921597023817,0.02949921597023817,2147.7611235146064,-88.1696831716095,-2145.950593711361
1097.6,70.39799999999836,253.33978436685945,-177.0582156331389,-0.11569199999383886,0.0,0.10123300318884315,0.10123300318884315,2151.3618778477817,-110.41061819755163,-2148.526803380858
1097.7,70.29500000000445,254.62531653126422,-175.66968346874023,-0.2438980000002429,0.0,0.2243676890915275,0.2243676890915275,2154.971857362413,-162.71405969569213,-2148.8201043366466
1097.8,70.2640000000009,255.32811887602296,-174.93588112397794,-0.1382801980250951,0.0,0.12266214906776626,0.12266214906776626,2148.45485589654,-189.6452165438449,-2140.068447425797
1097.9,70.10600000000217,255.49594110470073,-174.61005889530145,-0.04323333333273037,0.0,0.030056337164684855,0.030056337164684855,2152.0500611903526,-202.1496593549854,-2142.534709425279
1098.0,70.22,255.70869393050518,-174.51130606949482,-0.05016300000028005,0.0,0.037132373032093886,0.037132373032093886,2155.645543366258,-206.18605404636094,-2145.762106980082
1098.1,70.44399999999926,255.70869393050518,-174.73530606949407,0.004308910888752744,0.0,0.0,-0.01676295160899819,2159.2256093447127,-198.12405832315062,-2150.116761844252
1098.2,70.39800000000199,255.35240786206245,-175.04559213793954,0.052460606060787895,0.0,-0.06218364973311455,-0.06218364973311455,2162.8045335629704,-186.78631025686008,-2154.723723520295
1098.3,70.58099999999459,254.80717920082392,-175.77382079917066,0.0875079999979489,0.0,-0.09516035314852395,-0.09516035314852395,2158.213982749068,-159.04715290509665,-2152.34560386718
1098.4,70.50700000000101,254.13828351525396,-176.36871648474704,0.10972100000091949,0.0,-0.11610411017069949,-0.11610411017069949,2161.7737362081425,-136.91687580069663,-2157.4335344756946
1098.5,70.357,253.57014256054825,-176.78685743945175,0.09574899999974969,0.0,-0.0991593027503845,-0.0991593027503845,2165.332213660435,-121.36801131019094,-2161.928167480643
1098.6,70.68999999999724,252.79409898466338,-177.89590101533383,0.13108399999854475,0.0,-0.13544515538140756,-0.13544515538140756,2168.8956545336805,-79.6314406501226,-2167.4333193699563
1098.7,70.51700000000747,251.78469732150185,-178.73230267850562,0.16992277227685396,0.0,-0.17617382497274856,-0.17617382497274856,2172.436880235079,-48.06231359521187,-2171.90515737161
1098.8,70.46900000000142,250.89048136982427,-179.57851863017714,0.15311428571561736,0.0,-0.15607012580627994,-0.15607012580627994,2168.38099757482,-15.950982047106537,-2168.322327702988
1098.9,70.65099999999752,249.94468617587356,179.29368617587602,0.1639346534635272,0.0,-0.16514369177172653,-0.16514369177172653,2171.9005469735353,26.773429739672324,-2171.735520132209
1099.0,70.613,249.0979331296338,178.48493312963376,0.14387000000289968,0.0,-0.14778628608175978,-0.14778628608175978,2175.4221100440145,57.51777724444374,-2174.661597161547
1099.1,70.74899999999838,248.5631323573011,177.8141323573027,0.08650299999988897,0.0,-0.09334034319413664,-0.09334034319413664,2178.945295316925,83.10787932309648,-2177.3597958027467
1099.2,70.6470000000044,248.16022975713352,177.51322975712912,0.06342000000128875,0.0,-0.07031976937769949,-0.07031976937769949,2182.4478047851244,94.69357994602596,-2180.3925212053937
1099.3,70.7759999999962,247.92859098606647,177.15259098607027,0.03195100000026157,0.0,-0.040428592303931955,-0.040428592303931955,2184.6360467736995,108.52443578440896,-2181.9388405041727
1099.4,70.90599999999823,247.5632939477378,176.65729394773956,0.053527272725914746,0.0,-0.06381874034462325,-0.06381874034462325,2188.118301268068,127.58509988240844,-2184.3955096621703
1099.5,71.236,247.29742408337958,176.06142408337956,0.03555247524977794,0.0,-0.046403045148822,-0.046403045148822,2191.5995864114752,150.53438508803993,-2186.4235971250205
1099.6,71.18700000000193,247.29742408337958,176.11042408337767,-0.011775999999943302,0.0,0.0,-0.00021078800400800175,2195.0645637538273,148.89951852443565,-2190.008532501865
1099.7,71.30799999999478,247.29742408337958,175.9894240833848,-0.016723999999811643,0.0,0.0,0.00575472838145761,2198.5196708556014,153.76580134154278,-2193.1358420026822
1099.8,71.41399999999688,247.47696119620178,176.06296119620492,-0.041277999998907106,0.0,0.031335137482730376,0.031335137482730376,2207.9630214706885,151.59924555180226,-2202.7524538472535
1099.9,71.29200000000166,247.47560781957844,176.18360781957676,-0.02582727272915126,0.0,0.0,0.01651050745132754,2211.4327729129477,147.1915637795257,-2206.528847005084
1100.0,71.325,247.66490246464292,176.33990246464293,-0.04522871286844229,0.0,0.03303814812769262,0.03303814812769262,2214.8966507615687,141.3930549581251,-2210.378966956667
1100.1,69.75400000004342,248.5419074160212,178.78790741597777,-0.16572999999699972,0.0,0.15306623957844334,0.15306623957844334,2218.333092464988,46.92535053535688,-2217.8367209067515
1100.2,72.48299999988211,249.04437373856067,176.56137373867853,-0.09511300000684775,0.0,0.08769691708702346,0.08769691708702346,2221.822207949964,133.26340487077317,-2217.822082282955
1100.3,71.16300000003902,247.8761666263531,176.7131666263141,0.20349090908253487,0.0,-0.2038906045323613,-0.2038906045323613,2228.342402093912,127.76113257252324,-2224.6768201187
1100.4,71.52299999999508,246.21297078042548,174.68997078043037,0.2929643564392008,0.0,-0.2902003066245232,-0.2902003066245232,2231.833148395179,206.54473217532768,-2222.2552679397922
1100.5,71.185,245.67787700118907,174.49287700118907,0.09059300000655035,0.0,-0.09339148254614325,-0.09339148254614325,2235.3321356758247,214.52370564556935,-2225.0144575937334
1100.6,72.53999999998457,245.67787700118907,173.13787700120452,-0.020386000001148135,0.0,0.0,0.010684017050810951,2238.8384125154903,267.4975826799988,-2222.800593983913
1100.7,71.5700000000419,245.97069269713992,174.400692697098,-0.06444499999651787,0.0,0.05110597995861106,0.05110597995861106,2242.36067897105,218.78907693487903,-2231.6614336429916
1100.8,72.11699999998383,246.83435776081663,174.71735776083278,-0.1708949494931017,0.0,0.15073798995604892,0.15073798995604892,2249.435241949826,207.103092092179,-2239.8810720597935
1100.9,71.67400000000603,247.67164366765132,175.99764366764532,-0.17154563106968157,0.0,0.14621516306029567,0.14621516306029567,2252.9146456683334,157.24780831997128,-2247.4201937878547
1101.0,72.085,248.92272285941988,176.8377228594199,-0.2431795918310638,0.0,0.2183545109955103,0.2183545109955103,2256.3828766993856,124.47140155357984,-2252.947082480519
1101.1,71.94900000000358,250.02833117086942,178.07933117086583,-0.2207808080876038,0.0,0.19296505272209655,0.19296505272209655,2259.863205784724,75.74093569933135,-2258.593593260859
1101.2,72.17399999999027,250.1742773650723,178.000277365082,-0.05839306930789212,0.0,0.0254724161959525,0.0254724161959525,2263.3443072941122,78.97862716242523,-2261.965921452444
1101.3,72.09100000000247,251.33164049529242,179.24064049528994,-0.22764399999001378,0.0,0.20199797263528843,0.20199797263528843,2268.4247570224225,30.063287160579613,-2268.2255348702292
1101.4,72.04800000000058,252.75872506445276,-179.28927493554784,-0.2640210000081068,0.0,0.2491875488766031,0.2491875488766031,2271.92065287286,-28.181299859009048,-2271.7458632709117
1101.5,72.071,252.97283357481072,-179.09816642518928,-0.050993000002337106,0.0,0.03736898462287021,0.03736898462287021,2275.4241597657297,-35.81361823104527,-2275.1423013945255
1101.6,72.16400000000412,253.4682764585728,-178.69572354143133,-0.1005569999952917,0.0,0.08647109577224116,0.08647109577224116,2278.917824396788,-51.87261945415964,-2278.3273868573747
1101.7,72.42299999998882,253.34070480120351,-179.0822951987853,0.012517999989139744,0.0,-0.022265454533197677,-0.022265454533197677,2282.399448292021,-36.555561212090204,-2282.1066873632776
1101.8,72.3790000000013,251.96001808796214,179.58101808796084,0.23791099999989898,0.0,-0.24097529084600236,-0.24097529084600236,2285.372068692726,16.711894546997733,-2285.310964604493
1101.9,72.62599999999664,251.23881011776595,178.6128101177693,0.12053600000603731,0.0,-0.1259020728958053,-0.1259020728958053,2288.889631907163,55.41096358372734,-2288.2188208663156
1102.0,72.67,251.49474117796677,178.82474117796676,-0.0553459999973878,0.0,0.04466839658624454,0.04466839658624454,2292.4094692700437,47.018917473149415,-2291.927223146193
1102.1,72.48000000000542,251.49474117796672,179.0147411779613,0.00041499999472000004,0.0,0.0,-0.010572128117468632,2295.941009765974,39.479079802034505,-2295.6015600672486
1102.2,72.8199999999853,250.89474911561834,178.07474911563304,0.0969560000008823,0.0,-0.10471836973809581,-0.10471836973809581,2299.468900231612,77.25213839980107,-2298.170866198821
1102.3,72.58500000000694,250.40209913422336,177.8170991342164,0.07899599999998964,0.0,-0.08598364235231142,-0.08598364235231142,2301.690908040295,87.670465672139,-2300.0206359083363
1102.4,72.96099999999487,250.22819718141744,177.2671971814226,0.01863600000306327,0.0,-0.03034781231053627,-0.03034781231053627,2305.208126007954,109.9084612577955,-2302.586509635859
1102.5,73.043,250.62504517934497,177.58204517934496,-0.08482499999795534,0.0,0.06926304193783339,0.06926304193783339,2308.7299703566905,97.40242582419303,-2306.6744121064785
1102.6,73.10300000000265,250.74197468873191,177.63897468872926,-0.034143000004472054,0.0,0.02040804931544218,0.02040804931544218,2312.2487421932105,95.25540874006963,-2310.2858379169984
1102.7,73.26899999999281,250.48788245327327,177.21888245328046,0.03388200000144241,0.0,-0.044347461125060154,-0.044347461125060154,2315.773180326827,112.36270329041878,-2313.045621173585
1102.8,73.27999999999967,250.73088893979394,177.45088893979425,-0.05352199999694923,0.0,0.042412632934889664,0.042412632934889664,2317.6111717357035,103.07739105675915,-2315.317817235265
1102.9,73.44799999999772,251.34708884179315,177.89908884179545,-0.12276299999953655,0.0,0.10755491564027336,0.10755491564027336,2321.150029261351,85.09243331234501,-2319.589777553987
1103.0,73.75399999999999,251.6433269747241,177.8893269747241,-0.06801200000325162,0.0,0.05170330789605935,0.05170330789605935,2324.6810556943697,85.61768339464581,-2323.103876927251
1103.1,73.7620000000031,251.14336628387431,177.38136628387122,0.07729999999622013,0.0,-0.0872596018587336,-0.0872596018587336,2328.20811452135,106.37087114039386,-2325.7769158489587
1103.2,73.95699999999157,250.67120685408932,176.71420685409777,0.07736400000412402,0.0,-0.0824073664408653,-0.0824073664408653,2331.7364690299955,133.6469266208708,-2327.9032325269163
1103.3,73.85000000000316,250.40287159253847,176.55287159253533,0.03782499999760445,0.0,-0.04683333813261835,-0.04683333813261835,2335.7150431454434,140.4405929272646,-2331.489052651579
1103.4,73.81300000000051,250.102105934577,176.28910593457647,0.04075300000223797,0.0,-0.052515245269750196,-0.052515245269750196,2339.2457044872067,151.40077295009863,-2334.3410787440553
1103.5,74.066,250.42593387298362,176.35993387298362,-0.06552099999695409,0.0,0.05651863735141092,0.05651863735141092,2342.769007861241,148.7386794802932,-2338.042649187906
1103.6,74.28899999999554,250.11047226598282,175.82147226598727,0.04909090908231667,0.0,-0.05505843705796021,-0.05505843705796021,2346.2832150459603,170.9606047682781,-2340.046451851688
1103.7,74.0090000000121,248.9467908672675,174.93779086725544,0.1962376237640575,0.0,-0.2031007185179466,-0.2031007185179466,2349.7820935630543,207.33845979050736,-2340.616724353065
1103.8,74.177999999995,248.44065988763694,174.26265988764192,0.07795555556000816,0.0,-0.08833652040897665,-0.08833652040897665,2355.695115310159,235.4946338433264,-2343.894569669707
1103.9,74.1630000000002,248.26560060137382,174.10260060137364,0.019380198018458444,0.0,-0.031038891978700515,-0.031038891978700515,2359.194693064027,242.40109263500372,-2346.7086120928657
1104.0,74.439,248.56989502511863,174.13089502511866,-0.06555499999431215,0.0,0.05310939589805965,0.05310939589805965,2362.698143575956,241.60043539650815,-2350.3131168577274
1104.1,74.0970000000054,249.71467352788946,175.61767352788405,-0.21229399999856838,0.0,0.199801540794026,0.199801540794026,2366.2021940368136,180.8049935042058,-2359.2842934645614
1104.2,74.43599999998536,250.01674442560298,175.58074442561764,-0.06631000000894693,0.0,0.05272131739556467,0.05272131739556467,2369.721489069175,182.59677192159717,-2362.6761002388876
1104.3,74.21600000000652,249.58981332240901,175.3738133224025,0.057824000003169895,0.0,-0.07451353429906196,-0.07451353429906196,2377.3675732387783,191.74536318884776,-2369.622394809522
1104.4,74.52899999999573,249.59284899919416,175.0638489991984,0.002014999999665419,0.0,0.0,-0.016943224917375915,2380.8935538384594,204.8653051769902,-2372.063304687349
1104.5,74.521,249.59284899919416,175.07184899919417,0.003755000000260229,0.0,0.0,-0.015974479797425476,2384.415878545702,204.83669105644265,-2375.601189564006
1104.6,74.7599999999976,250.16786449900044,175.4078644990028,-0.11635799999446725,0.0,0.10035913721620576,0.10035913721620576,2387.955110469842,191.1847111368431,-2380.2894815224804
1104.7,74.60900000000652,251.2526304312554,176.64363043124888,-0.21105500000125157,0.0,0.18932737131315072,0.18932737131315072,2391.4906806324466,140.0126967961616,-2387.3885566215877
1104.8,74.73899999999615,251.95969116966074,177.22069116966458,-0.14482600000213916,0.0,0.12340537896755907,0.12340537896755907,2400.227367756996,116.3847897784054,-2397.4040121844114
1104.9,74.93399999999734,252.5112004146592,177.5772004146619,-0.11049099999960593,0.0,0.09648645447512873,0.09648645447512873,2403.7879063443584,101.6158770774991,-2401.6391303052096
1105.0,75.023,252.5112004146592,177.48820041465922,-0.024961000004736167,0.0,0.0,0.01626797938355046,2407.3488029624577,105.50237916259935,-2405.0358639978344
1105.1,74.82900000000893,252.5112004146592,177.6822004146503,0.00464242424571297,0.0,0.0,-0.018389765394348015,2410.890888167795,97.50173555312404,-2408.9184889104545
1105.2,75.39099999997573,252.75339074292305,177.3623907429473,-0.061530693069459776,0.0,0.04227018644689516,0.04227018644689516,2414.441647397721,111.10948503565582,-2411.883734972259
1105.3,75.59799999999387,252.96041071899631,177.36241071900247,-0.0535980000002538,0.0,0.03613180199878827,0.03613180199878827,2421.565404981716,111.43646777608403,-2418.9999843434994
1105.4,75.5020000000013,252.58037995054985,177.07837995054854,0.05503499999475824,0.0,-0.06590602068214296,-0.06590602068214296,2425.139274686366,123.60884991697597,-2421.9870672339516
1105.5,75.354,251.84788278050485,176.49388278050486,0.11733000000230488,0.0,-0.12784487378825737,-0.12784487378825737,2428.703659108169,148.5276289103873,-2424.1577933822023
1105.6,75.58400000000013,251.67519956185882,176.09119956185867,0.0180787878812994,0.0,-0.03013890728314066,-0.03013890728314066,2432.264078056544,165.80386871040758,-2426.6061943638306
1105.7,75.59199999999966,251.45664579151025,175.8646457915106,0.029011881184941177,0.0,-0.038144828852293915,-0.038144828852293915,2435.831846150222,175.65489557815886,-2429.490098843588
1105.8,75.22700000001079,251.28684633939753,176.05984633938675,0.01976700000392871,0.0,-0.02963559507449483,-0.02963559507449483,2442.154316271919,167.81132631586908,-2436.3819616894375
1105.9,75.53699999999576,251.40604615162235,175.8690461516266,-0.02983333333474412,0.0,0.020617231694559795,0.020617231694559795,2445.740243409236,176.18207260043903,-2439.3862374633673
1106.0,75.945,251.12236971495128,175.17736971495128,0.04434158415613307,0.0,-0.049510878302357286,-0.049510878302357286,2449.3189262117708,205.91773131362856,-2440.647678430836
1106.1,75.75499999999586,250.44255624741146,174.6875562474156,0.1135909999989156,0.0,-0.11864983307968631,-0.11864983307968631,2452.8946139553827,227.10576408092555,-2442.358482920258
1106.2,75.49500000001123,249.4960560965585,174.00105609654725,0.1586579999989045,0.0,-0.16519544003006462,-0.16519544003006462,2456.490705808406,256.7281675826409,-2443.038525216649
1106.3,75.24700000000733,249.03068013967604,173.78368013966872,0.07457600000563537,0.0,-0.08122342707218123,-0.08122342707218123,2462.067345478537,266.598858068847,-2447.590787396479
1106.4,75.25399999999989,249.03414977313318,173.7801497731333,-0.014644000001100398,0.0,0.0,0.006077926958738339,2465.662347990837,267.13916573095906,-2451.1481963423294
1106.5,75.35300000000001,248.62178757842526,173.26878757842525,0.06248799999724405,0.0,-0.07197078008402966,-0.07197078008402966,2469.261548427265,289.4264893520707,-2452.2407919702237
1106.6,75.38699999999658,248.4940365172362,173.10703651723964,0.009195000005303613,0.0,-0.022296766406661728,-0.022296766406661728,2472.8715486974397,296.78147369074696,-2454.9978519809792
1106.7,75.17200000000929,248.67520781933231,173.50320781932305,-0.04302100000315002,0.0,0.031620357317028815,0.031620357317028815,2476.4634627539913,280.2058638018897,-2460.5600899483284
1106.8,75.45999999999148,248.28671458784345,172.82671458785194,0.061440999997904866,0.0,-0.06780486011192544,-0.06780486011192544,2481.899099416257,309.91632652985106,-2462.473352187485
1106.9,75.4160000000006,247.46435220324557,172.04835220324497,0.1346479999983841,0.0,-0.14426191033482147,-0.14426191033482147,2485.4900512226836,343.8361299569453,-2461.5924744894655
1107.0,75.392,246.79949572344344,171.40749572344345,0.10073535353876609,0.0,-0.11603934625766286,-0.11603934625766286,2489.070948693954,371.88210443499855,-2461.1334559574816
1107.1,75.08200000000578,247.28022647349337,172.19822647348758,-0.10136435642929914,0.0,0.08390334403953409,0.08390334403953409,2492.6525995558864,338.3682176572125,-2469.5797074304364
1107.2,75.4449999999843,247.82261961274054,172.37761961275623,-0.10802222222880589,0.0,0.09466546120091321,0.09466546120091321,2496.2346899998574,331.1094566069065,-2474.177470454406
1107.3,75.25400000000563,247.26492262795594,172.01092262795032,0.08824999999665044,0.0,-0.09733648612935755,-0.09733648612935755,2502.5405846873273,347.8138960954812,-2478.2523825651965
1107.4,75.2470000000001,246.73807123432658,171.49107123432645,0.0847000000033815,0.0,-0.09338244467743981,-0.09338244467743981,2506.120033213651,370.8143766560122,-2478.5347120708243
1107.5,75.27199999999999,246.58872505962066,171.3167250596207,0.01378316831699685,0.0,-0.026065824738772742,-0.026065824738772742,2509.6981815232066,378.8948193525332,-2480.9320180546465
1107.6,75.17899999999983,246.4106491687521,171.23164916875226,0.017774747474390055,0.0,-0.031080106140784398,-0.031080106140784398,2513.2697125205655,383.1226671005842,-2483.896469224702
1107.7,75.16800000000048,245.75665305994954,170.58865305994908,0.10648811880783826,0.0,-0.11414385393835332,-0.11414385393835332,2516.836710134319,411.5565145046859,-2482.9595769662656
1107.8,75.23099999999815,244.7592699429407,169.52826994294253,0.1706898989908873,0.0,-0.17407619295607316,-0.17407619295607316,2524.0015221205863,458.73818991598534,-2481.9635284950587
1107.9,75.58799999999513,243.70704695783283,168.11904695783767,0.18526435643397215,0.0,-0.1868217594321096,-0.1868217594321096,2527.531168877462,520.3653018481988,-2473.3850816804693
1108.0,75.259,242.55094707741702,167.29194707741703,0.2038101010108982,0.0,-0.20177749395168257,-0.20177749395168257,2531.0675359560014,556.7926234397737,-2469.0655815618666
1108.1,75.14700000000502,241.26917252660854,166.12217252660355,0.22844356435450502,0.0,-0.2237118617987837,-0.2237118617987837,2534.6148242039853,607.9333805995427,-2460.6278287923615
1108.2,75.46299999998635,239.69084991969507,164.22784991970872,0.281106930692505,0.0,-0.2754692614930074,-0.2754692614930074,2538.1560311180137,689.9025537311145,-2442.5950349282284
1108.3,75.53399999999789,237.8730031038758,162.33900310387787,0.3220424242408651,0.0,-0.31727412232940705,-0.31727412232940705,2544.5991825368087,771.9919069844528,-2424.6677082267383
1108.4,75.52000000000018,236.21037435343632,160.69037435343614,0.2967232323260866,0.0,-0.2955513809650792,-0.2955513809650792,2548.112379643894,842.5918270022044,-2404.7693678112996
1108.5,75.449,235.17080938846556,159.72180938846554,0.18029108911185435,0.0,-0.18143831427118928,-0.18143831427118928,2551.6046141574375,884.3316139146531,-2393.4585234803276
1108.6,75.65900000000288,234.41341172817664,158.75441172817375,0.12871111111068892,0.0,-0.13219082918942177,-0.13219082918942177,2555.0854562190034,925.876794900426,-2381.4310507018226
1108.7,75.83999999999219,234.41341172817664,158.57341172818445,-0.001449999993044404,0.0,0.0,-0.009620507985584602,2558.5644049014177,934.6661031538982,-2381.7327914028588
1108.8,75.9039999999981,235.48002483086688,159.5760248308688,-0.20005445544244485,0.0,0.18615910486856851,0.18615910486856851,2563.961252265638,894.7307342905771,-2402.7805176993224
1108.9,75.66200000000329,236.05773799866628,160.39573799866298,-0.11242800000750452,0.0,0.0966674310890899,0.0966674310890899,2567.442348171385,861.4324792446347,-2418.6141269095074
1109.0,75.91,236.7298039565914,160.8198039565914,-0.13905499999084242,0.0,0.11729763756363162,0.11729763756363162,2570.940448172984,844.657311759113,-2428.2275045274837
1109.1,76.11899999999864,238.3443517685893,162.22535176859066,-0.30502596153952344,0.0,0.2817917525023418,0.2817917525023418,2574.4496225120806,785.9124944532294,-2451.55713984294
1109.2,76.03300000000371,239.32245041644651,163.28945041644283,-0.19158125000476395,0.0,0.17071041814413346,0.17071041814413346,2577.956651367561,741.257596876992,-2469.088429239098
1109.3,76.27499999999286,239.082411629291,162.80741162929814,0.02293131312523089,0.0,-0.041894671683568904,-0.041894671683568904,2583.0133209514147,763.4986371869187,-2467.5955193722843
1109.4,76.3779999999986,239.515520338135,163.13752033813637,-0.09406138612696827,0.0,0.07305418429233163,0.07305418429233163,2586.4694285827222,750.2715644212137,-2475.2609326319475
1109.5,76.173,240.71555794654734,164.54255794654733,-0.2283770000052715,0.0,0.2094460741455288,0.2094460741455288,2589.9279400689807,690.2741744831343,-2496.2468425201023
1109.6,76.6779999999934,240.28325732953655,163.60525732954318,0.061987999991230724,0.0,-0.07545069125240902,-0.07545069125240902,2593.3735673100314,731.9885877581102,-2487.9266803935852
1109.7,76.26400000001789,239.74235796789029,163.4783579678724,0.08415555556404797,0.0,-0.09440474782662428,-0.09440474782662428,2596.8129236931372,738.4751525294938,-2489.5967162888533
1109.8,75.87600000001147,240.4026248495062,164.52662484949474,-0.12328118811689227,0.0,0.1152383102607405,0.1152383102607405,2599.448567912522,693.508330197741,-2505.23033934383
1109.9,75.79200000000115,240.2433653461582,164.45136534615705,0.019762999990862257,0.0,-0.026698076451382592,-0.026698076451382592,2602.8942046455813,697.7220409197216,-2507.6367747726886
1110.0,76.058,239.3237262288841,163.2657262288841,0.1565727272753301,0.0,-0.16050730526567372,-0.16050730526567372,2606.3177449670275,750.4460037742562,-2495.941302024
1110.1,75.82499999999933,238.77570588002243,162.95070588002307,0.09494356435688009,0.0,-0.09564759455563643,-0.09564759455563643,2609.754206454276,765.1651833658007,-2495.0629772153184
1110.2,75.78300000000182,237.91978119593279,162.13678119593095,0.14909999999677814,0.0,-0.14938703886456653,-0.14938703886456653,2613.1547995365304,801.5739345745355,-2487.178568931371
1110.3,75.83699999999841,236.9804734656133,161.14347346561487,0.1606180000028954,0.0,-0.1639401258350964,-0.1639401258350964,2617.50618253385,845.9766316558868,-2477.0268779920593
1110.4,75.75600000000111,236.9928098541165,161.2368098541154,-0.015567999993972598,0.0,0.0,0.0048773427526923,2620.882289345444,843.026316469867,-2481.598397070699
1110.5,75.49600000000001,237.67985011138887,162.1838501113889,-0.13455300000025527,0.0,0.11991114583151967,0.11991114583151967,2624.287462368692,802.9366187089045,-2498.4350044541525
1110.6,75.57800000000582,237.96102678931052,162.38302678930472,-0.0638181818213554,0.0,0.04907458809552847,0.04907458809552847,2627.7050533522333,795.2808445466723,-2504.4684517298265
1110.7,75.94299999998422,237.83631491101283,161.8933149110286,0.007207920791869667,0.0,-0.02176632892640496,-0.02176632892640496,2631.137786246408,817.724289192451,-2500.8424654660575
1110.8,76.3459999999881,237.83631491101283,161.4903149110247,0.005767000000303005,0.0,0.0,-0.018748137490768344,2636.561857806417,837.0159872291136,-2500.172527479353
1110.9,75.70000000000881,237.6684065889695,161.9684065889607,0.02111499999892191,0.0,-0.033341484344840744,-0.033341484344840744,2639.9878226792175,817.1854435472001,-2510.3273999120356
1111.0,75.925,237.2969663871557,161.37196638715568,0.058097999999251526,0.0,-0.06482854495922968,-0.06482854495922968,2643.3959244572284,844.361440872932,-2504.9143240047297
1111.1,75.79300000000285,236.5019125889122,160.70891258890936,0.14003431372231506,0.0,-0.1387630650983614,-0.1387630650983614,2646.794240251334,874.4149991269403,-2498.1829715874433
1111.2,75.97199999999226,234.5538918816427,158.58189188165045,0.34708865978672676,0.0,-0.3399937523888034,-0.3399937523888034,2650.1690204784322,967.7649319148906,-2467.1495442431897
1111.3,75.80800000000485,232.12962298397233,156.32162298396747,0.43035445544869066,0.0,-0.4231147421804125,-0.4231147421804125,2657.674963112329,1067.328069710156,-2433.9365236511226
1111.4,76.06999999999641,230.64852891809463,154.5785289180982,0.2774313131359504,0.0,-0.2730425922362908,-0.2730425922362908,2660.9736791734863,1142.2858042879886,-2403.3235451299984
1111.5,75.999,229.46480931922932,153.46580931922932,0.21344999999854186,0.0,-0.20659804420585717,-0.20659804420585717,2664.2461849020956,1190.203431805448,-2383.6156411392976
1111.6,76.20400000000012,227.51894590852046,151.31494590852037,0.3436891089060893,0.0,-0.33961723310955794,-0.33961723310955794,2667.518039443777,1280.394448717228,-2340.137292222847
1111.7,76.21199999999966,225.56212060849273,149.35012060849306,0.34022500000539047,0.0,-0.3415304437180912,-0.3415304437180912,2670.7984371590524,1361.547804231886,-2297.6840228200585
1111.8,76.17900000000098,224.83251429257712,148.65351429257612,0.12380300000557577,0.0,-0.12734032456073432,-0.12734032456073432,2677.263499873443,1392.7451024376526,-2286.482216723001
1111.9,76.36299999999748,224.28824495161354,147.92524495161604,0.10567899999536291,0.0,-0.11252250517595877,-0.11252250517595877,2680.525969357281,1423.427052501252,-2271.3597026024718
1112.0,76.001,223.91021567498234,147.9092156749823,0.05517800000738057,0.0,-0.06597855546146178,-0.06597855546146178,2683.778105574336,1425.7901781046853,-2273.7166243796482
1112.1,76.06500000000011,224.39420237265844,148.3292023726583,-0.09679799999999528,0.0,0.08447161410302793,0.08447161410302793,2687.0162306231314,1410.785475920848,-2286.8626029044526
1112.2,76.0719999999997,224.59890218726989,148.5269021872702,-0.04878200000243377,0.0,0.03572685743191558,0.03572685743191558,2690.2590633083796,1404.579321706357,-2294.4826773693
1112.3,76.2579999999945,224.59890218726989,148.3409021872754,-0.012566999999267088,0.0,0.0,-0.0013388464221053395,2696.6040302997953,1415.3507607623533,-2295.3116390238883
1112.4,76.0970000000022,224.9162569427773,148.8192569427751,-0.05130202020078545,0.0,0.03808275332299732,0.03808275332299732,2699.8289209743007,1397.8080613514205,-2309.807097172887
1112.5,75.905,225.1521083767426,149.24710837674263,-0.05325000000114301,0.0,0.04116384068244529,0.04116384068244529,2703.0508372254017,1382.1684415670923,-2322.949467328323
1112.6,76.05999999999607,225.40380863642736,149.34380863643128,-0.05530099009782708,0.0,0.04392998259624085,0.04392998259624085,2706.289250637421,1379.897164466914,-2328.0647163710514
1112.7,75.81300000001067,225.8532750110863,150.04027501107566,-0.09172499999944236,0.0,0.07844668114801161,0.07844668114801161,2709.5111623215053,1353.1058138495716,-2347.4572190502904
1112.8,75.50200000000919,226.33634631771477,150.83434631770558,-0.09932900000020459,0.0,0.08431184822577989,0.08431184822577989,2716.213212573663,1323.709277604963,-2371.83641184258
1112.9,75.76699999999639,226.89615687533296,151.12915687533655,-0.09564646464644704,0.0,0.07982817203538178,0.07982817203538178,2719.4272589093052,1313.0395861675872,-2381.4305914000156
1113.0,75.833,227.23188814824692,151.3988881482469,-0.07134653465469301,0.0,0.05859616114260598,0.05859616114260598,2722.624941712504,1303.3447787792134,-2390.3930557261874
1113.1,75.97999999999811,227.02083877219937,151.04083877220125,0.02812475247168255,0.0,-0.0368350649630917,-0.0368350649630917,2725.813047756259,1319.8007713439827,-2384.991131069064
1113.2,75.86100000000515,226.66228727241142,150.80128727240628,0.05032121212412476,0.0,-0.06257904209263525,-0.06257904209263525,2728.989529317118,1331.3103801121126,-2382.2251201194667
1113.3,76.01599999999543,226.8983460431574,150.882346043162,-0.056253999997550055,0.0,0.0412000277772867,0.0412000277772867,2734.200360774246,1330.4744284297878,-2388.6584955058865
1113.4,75.59600000000573,227.2961264178579,151.70012641785218,-0.07562330097231522,0.0,0.059201052657763556,0.059201052657763556,2737.3743116621954,1297.7515670290138,-2410.1989528712807
1113.5,75.658,228.44071037145818,152.78271037145817,-0.22439791665703318,0.0,0.19976758555819124,0.19976758555819124,2740.5529949516977,1253.4365760415349,-2437.1145783446445
1113.6,75.57300000000643,230.9214718889049,155.34847188889847,-0.4578782178200162,0.0,0.4329745643621686,0.4329745643621686,2743.7223859744763,1144.40203022156,-2493.6632740853856
1113.7,75.97699999998255,232.4656512263397,156.48865122635715,-0.28965700001042655,0.0,0.2695101367950192,0.2695101367950192,2746.8851996321614,1095.8168530053538,-2518.841742672148
1113.8,75.93700000000118,233.02076777798175,157.0837677779806,-0.1172889999977702,0.0,0.09688611558470928,0.09688611558470928,2754.0870765843533,1072.3999528945835,-2536.721105372178
1113.9,76.05099999999845,234.19842942960324,158.1474294296048,-0.20975454545207844,0.0,0.19415605884699133,0.19415605884699133,2757.2205071915864,1026.291493032839,-2559.0995870825845
1114.0,75.766,234.84441588777824,159.07841588777825,-0.1248940594126336,0.0,0.11274590618450693,0.11274590618450693,2760.3364736509043,985.6882801416148,-2578.347544874231
1114.1,75.06900000000711,235.59813702629523,160.52913702628814,-0.15687474746655325,0.0,0.13154915509002263,0.13154915509002263,2763.4410292546645,921.1307459111166,-2605.4029383389643
1114.2,75.51499999998073,238.08095221289375,162.56595221291303,-0.46935049504253584,0.0,0.43333299724662194,0.43333299724662194,2766.5665038777993,828.8848841637384,-2639.477234071833
1114.3,75.57299999999829,240.98881123814408,165.4158112381458,-0.5419656565693811,0.0,0.5075171417445059,0.5075171417445059,2773.299260235098,698.3231362041536,-2683.939936783708
1114.4,75.25400000000434,243.22621001264855,167.9722100126442,-0.43104356435839547,0.0,0.3954672128596826,0.3954672128596826,2776.446646343835,578.5728721726958,-2715.4943217726977
1114.5,75.34899999999999,244.91448957815115,169.5654895781512,-0.32625959596288023,0.0,0.2946603711215986,0.2946603711215986,2779.6015182529786,503.41790521207633,-2733.6340305509348
1114.6,75.06100000000721,246.0129426571785,170.9519426571713,-0.21549801980410832,0.0,0.19171622907697544,0.19171622907697544,2782.733649608806,437.62060300304006,-2748.1074892537226
1114.7,75.51399999998043,246.9255520102003,171.4115520102199,-0.17901782178171408,0.0,0.15928037994725414,0.15928037994725414,2785.86253684831,416.0295308552207,-2754.6232961461874
1114.8,75.34400000000502,247.78005627124512,172.4360562712401,-0.16756363636477645,0.0,0.14913912827552855,0.14913912827552855,2790.971438714734,367.3828033568168,-2766.6860045041394
1114.9,75.13400000000287,248.13028781787105,172.99628781786816,-0.09075700000274356,0.0,0.07361895620457715,0.07361895620457715,2794.08890601403,340.6934587811827,-2773.240123367321
1115.0,75.413,248.39773976464352,172.9847397646435,-0.0626219999985675,0.0,0.04667917062048006,0.04667917062048006,2797.1883711254263,341.6309518325477,-2776.247661198349
1115.1,75.32900000000322,248.6882438223616,173.3592438223584,-0.06554200000128044,0.0,0.050702522975843725,0.050702522975843725,2800.300291474599,323.83718958228366,-2781.5123938383185
1115.2,75.53199999999123,248.6882438223616,173.15624382237036,-0.0002190000019058752,0.0,0.0,-0.012344233068968017,2803.419832908676,334.06181752387283,-2783.444891069043
1115.3,75.21900000000925,248.6882438223616,173.46924382235238,0.00038800000204074203,0.0,0.0,-0.011018766553143409,2808.151478530339,319.38944248915806,-2789.929230356676
1115.4,74.54300000000923,248.6214870547594,174.07848705475016,-0.014124000001298667,0.0,0.0,0.004447959425303563,2811.220741294315,290.0224336212897,-2796.220492786601
1115.5,75.182,248.24866523777843,173.0666652377784,0.056356999997786816,0.0,-0.06506968229585335,-0.06506968229585335,2814.3085107948887,339.72758028599395,-2793.728255418835
1115.6,74.98399999999,247.89410036808246,172.91010036809246,0.054419000002289185,0.0,-0.06188324388099282,-0.06188324388099282,2817.4016136428754,347.74213832627254,-2795.8589481212657
1115.7,74.35600000002714,247.51824849481875,173.16224849479158,0.05865499999728618,0.0,-0.06559852688240218,-0.06559852688240218,2820.490825335538,335.80254859173033,-2800.4294570942584
1115.8,74.50599999999557,246.85504075543705,172.34904075544148,0.10705200000039365,0.0,-0.11575158676918793,-0.11575158676918793,2825.6910732640213,376.2066644844516,-2800.5354107958465
1115.9,74.78699999999615,246.1650284402257,171.37802844022957,0.10062299999993309,0.0,-0.10869445852441496,-0.10869445852441496,2828.7882017343645,424.0763599317427,-2796.8199676093886
1116.0,74.936,245.74364806008708,170.8076480600871,0.06765100000173734,0.0,-0.07354475036723598,-0.07354475036723598,2831.873549898566,452.3901558028538,-2795.50549088135
1116.1,74.92300000000313,245.2603915803146,170.33739158031148,0.07688199999783131,0.0,-0.08434416703626883,-0.08434416703626883,2834.9589890047664,475.83671796113174,-2794.740039284317
1116.2,75.11899999999153,244.6244408379727,169.50544083798115,0.10341400000102605,0.0,-0.11099434334367941,-0.11099434334367941,2838.0333209363207,516.9255029278129,-2790.559290745794
1116.3,75.14499999999923,244.121300993808,168.97630099380876,0.0832799999999482,0.0,-0.08781446878645238,-0.08781446878645238,2843.304742639159,543.6825313228957,-2790.8405838830463
1116.4,74.94600000000271,243.3943194269556,168.44831942695288,0.11516999999843862,0.0,-0.12007624282380237,-0.12007624282380237,2846.361337744355,569.9888148626536,-2788.7067999230935
1116.5,74.703,242.9069760797375,168.20397607973746,0.07487800000366303,0.0,-0.08505745996645876,-0.08505745996645876,2849.3998430499464,582.4974592509469,-2789.2250134292235
1116.6,74.79500000000017,242.9069760797375,168.1119760797373,-0.019903999999064483,0.0,0.0,0.006347634402112585,2852.4222673511235,587.5979914822012,-2791.243699802403
1116.7,74.80599999999953,243.04735966005182,168.2413596600523,-0.03863000000007435,0.0,0.024501556922231903,0.024501556922231903,2855.442212259982,581.9088300775621,-2795.520048404938
1116.8,74.77100000000104,243.42365110087033,168.65265110086932,-0.08262099999759409,0.0,0.06567524589356193,0.06567524589356193,2863.1337186071114,563.3400306297567,-2807.1663115168385
1116.9,74.35700000000564,243.89496711198944,169.5379671119838,-0.11285000000086744,0.0,0.09414997141188648,0.09414997141188648,2866.1724602825343,520.4508610351995,-2818.5236336298044
1117.0,74.47800000000001,243.8949671119894,169.41696711198938,-0.018217000003883613,0.0,0.0,0.003562211294997316,2869.2022587187007,526.9584442228391,-2820.396496859748
1117.1,74.72099999999567,243.51957934297465,168.798579342979,0.05320990099050624,0.0,-0.06551752541023342,-0.06551752541023342,2872.2289331792363,557.9553842227509,-2817.5139456280913
1117.2,74.44900000001175,243.51957934297465,169.0705793429629,-0.011195918364487231,0.0,0.0,-0.0018431314390199456,2875.253279565534,545.1469907377776,-2823.100455198487
1117.3,74.12200000000966,243.31241283547783,169.19041283546818,0.025505940589145737,0.0,-0.03615737655677052,-0.03615737655677052,2881.3760121588884,540.3896111955934,-2830.248538831269
1117.4,74.00800000000154,242.78150325701733,168.77350325701582,0.07784848485071796,0.0,-0.08510083118469351,-0.08510083118469351,2884.4019393109056,561.5583825976579,-2829.209559300056
1117.5,74.077,242.46844676939074,168.39144676939077,0.045722772276594166,0.0,-0.05463866453813066,-0.05463866453813066,2887.432428459763,581.0211415634028,-2828.3706373064692
1117.6,74.07699999999659,242.29242957181046,168.21542957181384,0.021215000001807253,0.0,-0.030720796379088807,-0.030720796379088807,2890.4473993190695,590.3231208483169,-2829.52377286749
1117.7,73.86300000000925,242.01407826635318,168.15107826634392,0.04144545454244436,0.0,-0.048581467574535936,-0.048581467574535936,2893.4647473272785,594.1202627196975,-2831.812027210067
1117.8,73.90599999999874,241.45482102667046,167.5488210266717,0.09026633663426888,0.0,-0.09760880198078331,-0.09760880198078331,2898.853550811896,625.0149892779207,-2830.6727419877875
1117.9,73.69100000000293,241.05269879842126,167.36169879841833,0.05777100000104339,0.0,-0.06807638984300853,-0.06807638984300853,2901.8553878078283,634.9131195044649,-2831.5455183398394
1118.0,73.67399999999999,241.05269879842126,167.37869879842128,-0.0035369999979850825,0.0,0.0,-0.009756697501785913,2904.8616703207194,634.7298460154753,-2834.6674136970023
1118.1,73.77899999999514,241.36899404975694,167.5899940497618,-0.06791616161505099,0.0,0.0552039354423135,0.0552039354423135,2907.854370259288,624.9150220968385,-2839.911663026466
1118.2,73.47400000001316,241.82806723771506,168.35406723770188,-0.09402277227709213,0.0,0.0801233863749623,0.0801233863749623,2910.873076313943,587.5980384506712,-2850.949072084298
1118.3,73.51199999999888,242.45115687177938,168.93915687178048,-0.12536699999849016,0.0,0.10874965649469326,0.10874965649469326,2916.779112565297,559.5878359167971,-2862.5970455848583
1118.4,73.39100000000165,242.92966032580205,169.53866032580038,-0.10399300000258493,0.0,0.0884536760012961,0.0884536760012961,2919.80001307652,530.1540238410162,-2871.2660669758257
1118.5,73.348,242.92966032580205,169.58166032580203,-0.01566700000177699,0.0,0.0,0.0015130126402167002,2922.8408170387447,528.5488943770515,-2874.653806634899
1118.6,73.37999999999693,243.10333933311853,169.7233393331216,-0.047405999996706805,0.0,0.030312705192677415,0.030312705192677415,2925.879559029441,521.9810577971443,-2878.9419878224867
1118.7,73.18700000000834,243.4510423028102,170.26404230280184,-0.0826810000018117,0.0,0.0606856164008216,0.0606856164008216,2928.914386298687,495.30272027980163,-2886.7307975547083
1118.8,73.3529999999951,243.81486158693724,170.46186158694212,-0.08131699999810169,0.0,0.06349844390265735,0.06349844390265735,2935.000835649214,486.3416169768852,-2894.425977090776
1118.9,72.98900000000495,243.61236970636685,170.62336970636193,0.01707899999313245,0.0,-0.026324258209756767,-0.026324258209756767,2938.0392586172366,478.67577803209616,-2898.7832248551267
1119.0,72.997,242.68958754225764,169.69258754225763,0.153892000000228,0.0,-0.16105587042383057,-0.16105587042383057,2941.0734669818353,526.2448066497099,-2893.6101226078754
1119.1,72.98800000000092,242.2085044569111,169.2205044569102,0.07584700000353653,0.0,-0.08396483814950155,-0.08396483814950155,2944.108404183532,550.6359211528506,-2892.157391623121
1119.2,73.0459999999975,242.09205927816285,169.04605927816533,0.010586868686305376,0.0,-0.02032351767230353,-0.02032351767230353,2947.140663927949,560.0151308233964,-2893.444512380793
1119.3,72.67800000001087,241.5397424852647,168.86174248525384,0.08892970296680824,0.0,-0.09639746550127322,-0.09639746550127322,2954.10615484674,570.6658134048041,-2898.4622998263103
1119.4,72.78399999999854,240.92970960237045,168.14570960237188,0.09678500000306078,0.0,-0.10326872524398781,-0.10326872524398781,2957.1291499270387,607.463766600561,-2894.0629885363014
1119.5,72.693,240.92970960237045,168.23670960237047,0.008026000001303626,0.0,0.0,-0.018837890771497754,2960.1292362468484,603.4781320551591,-2897.9612211716303
1119.6,72.3330000000007,241.0452711931318,168.71227119313113,-0.034822999999227486,0.0,0.020169302476284776,0.020169302476284776,2963.1428999319196,579.994090795606,-2905.825648599572
1119.7,72.37699999999809,241.0452711931318,168.6682711931337,-0.01876800000165555,0.0,0.0,0.00464410419395757,2966.1516130225687,582.8166129375453,-2908.329449550101
1119.8,72.64899999999196,241.16873635459308,168.51973635460115,-0.03365099999741279,0.0,0.021548735790061665,0.021548735790061665,2973.767425988725,591.8700413469351,-2914.2722175575127
1119.9,72.5240000000017,241.53758261169352,169.01358261169185,-0.07876900000029492,0.0,0.0664712159195449,0.0664712159195449,2976.7818058249322,567.3040154456063,-2922.224507725174
1120.0,72.382,241.53758261169352,169.1555826116935,-0.010323000003154975,0.0,0.0,-0.0022662787620805684,2979.785567751519,560.62507027351,-2926.57163936936
1120.1,72.26400000000412,241.72914351048271,169.46514351047858,-0.04844848484349059,0.0,0.03343368401950609,0.03343368401950609,2982.796671805183,545.3556480144304,-2932.5182356655237
1120.2,72.52299999998881,242.77071641376136,170.24771641377254,-0.19439207920588947,0.0,0.18178876561769214,0.18178876561769214,2985.7922935064485,505.7597262731231,-2942.6455306819803
1120.3,71.90800000001818,242.77071641376136,170.86271641374321,-0.019959000011418343,0.0,0.0,0.006788788550546502,2993.101725791413,475.3062450284983,-2955.1213028186244
1120.4,72.03599999999825,242.491426296264,170.45542629626573,0.018455000009430206,0.0,-0.039878429227312426,-0.039878429227312426,2996.1129593432074,496.80000446941824,-2954.637477035634
1120.5,71.925,243.36886498400955,171.44386498400956,-0.17501200000002975,0.0,0.1531419408553861,0.1531419408553861,2999.1425034026693,446.2073809414377,-2965.763768223931
1120.6,71.71900000001055,243.71504586182337,171.99604586181283,-0.07904600000459726,0.0,0.06041996125296133,0.06041996125296133,3002.1830916220047,418.02830202053156,-2972.9372099543057
1120.7,72.38199999997136,243.71504586182337,171.33304586185204,-0.02939393939141959,0.0,0.0,0.011063063803860927,3005.2147443284384,452.8578301753213,-2970.8980873092805
1120.8,71.89500000001439,244.18140195454328,172.28640195452886,-0.1002475247514214,0.0,0.08139449304699015,0.08139449304699015,3011.4066191269817,404.19512910725314,-2984.157523209485
1120.9,71.75600000000189,244.66196647818998,172.90596647818808,-0.11322828282867262,0.0,0.09525797520768199,0.09525797520768199,3014.4742697411284,372.2819650672666,-2991.397877484198
1121.0,71.741,245.28148441045622,173.5404844104562,-0.12416237623668945,0.0,0.10812627693193932,0.10812627693193932,3017.551525494853,339.47799069284343,-2998.394887744352
1121.1,71.39799999999902,245.67673914992798,174.27873914992898,-0.08381400000286797,0.0,0.06898496587895488,0.06898496587895488,3020.6324700809623,301.123769879326,-3005.5856325383706
1121.2,71.33600000000267,245.67673914992798,174.3407391499253,-0.02056363636370426,0.0,0.0,0.0024794998046261834,3023.7206801864195,298.17577278654227,-3008.9828780353955
1121.3,71.1130000000066,245.81551428312403,174.70251428311747,-0.03840792079107942,0.0,0.024220829941648016,0.024220829941648016,3029.7310333710057,279.72565127023773,-3016.7902967546124
1121.4,71.02000000000126,245.72070243531022,174.70070243530893,-0.009445454547921485,0.0,0.0,-0.002506106556393054,3032.80055502611,280.10454626203233,-3019.8378515625673
1121.5,71.123,246.53817619476825,175.41517619476826,-0.15707821781196327,0.0,0.1426760865119987,0.1426760865119987,3035.882445793454,242.67296015697212,-3026.167883493164
1121.6,71.20399999999425,248.14829711178123,176.94429711178697,-0.2972440000029389,0.0,0.28101911357106624,0.28101911357106624,3038.99254479168,161.99896108366647,-3034.6716500977864
1121.7,70.84300000001559,248.93773951793702,178.09473951792143,-0.1587810000037944,0.0,0.13778369242285948,0.13778369242285948,3042.1253503941566,101.14136053024038,-3040.443565123494
1121.8,70.29200000001629,249.69354844254673,179.40154844253044,-0.15307299999617488,0.0,0.13191354250397147,0.13191354250397147,3048.2779787201875,31.83853243084419,-3048.1117012673735
1121.9,70.65399999999505,250.26934008985813,179.61534008986308,-0.15376161616540845,0.0,0.13516302042297504,0.13516302042297504,3051.4119071387818,20.485749957431853,-3051.343140500101
1122.0,70.362,250.483130420485,-179.87886957951503,-0.05690693069409976,0.0,0.03731345178365716,0.03731345178365716,3054.541438239259,-6.457676574576293,-3054.534612070064
1122.1,70.25099999999607,251.49451142753472,-178.75648857246136,-0.19952929292135774,0.0,0.1765192856515369,0.1765192856515369,3057.688039048712,-66.35692116593697,-3056.9679264190745
1122.2,70.00400000001066,252.94422577244777,-177.0597742275629,-0.2766990099054669,0.0,0.25302288532125894,0.25302288532125894,3060.83331862495,-157.0026922261292,-3056.804010570251
1122.3,70.04999999999863,253.79609505321292,-176.25390494678572,-0.16946700000082096,0.0,0.1486792374594808,0.1486792374594808,3065.941964349505,-200.31368867738425,-3059.3912065781583
1122.4,70.08299999999954,254.25464837035634,-175.82835162964318,-0.13622424242511003,0.0,0.11875671464723404,0.11875671464723404,3069.07743017592,-223.25907940348156,-3060.9462027090804
1122.5,70.343,254.93915036334806,-175.40384963665196,-0.13855247524654113,0.0,0.1194681351416982,0.1194681351416982,3072.2182642227813,-246.1828456733299,-3062.3388234354834
1122.6,69.93199999999725,255.70921983069505,-174.2227801693022,-0.1548888888890736,0.0,0.13440247674283692,0.13440247674283692,3075.356015858286,-309.5675988533475,-3059.7356954508214
1122.7,69.75900000000748,256.1819177746036,-173.57708222540384,-0.09778217822047187,0.0,0.0825013548861232,0.0825013548861232,3078.5181379961464,-344.38280647729215,-3059.1950589287508
1122.8,70.07899999999053,256.1819177746036,-173.8970822253869,0.004323999997472364,0.0,0.0,-0.015659480129144452,3082.905273023732,-327.75817276279366,-3065.4330040998657
1122.9,69.78700000000397,255.67418305380357,-174.11281694620038,0.04493700000046345,0.0,-0.05681658729995166,-0.05681658729995166,3086.0666177079743,-316.53791863342764,-3069.790044123336
1123.0,69.684,255.43113788022728,-174.25286211977271,0.027805000000384147,0.0,-0.04241938509987005,-0.04241938509987005,3089.225636822571,-309.3499871284988,-3073.697711334902
1123.1,70.01099999999738,255.045358369049,-174.96564163094837,0.05503299999830615,0.0,-0.06733122656795702,-0.06733122656795702,3092.3896502543157,-271.36681468970755,-3080.4599982608393
1123.2,69.84600000000714,254.5053025689209,-175.34069743108626,0.08679800000024288,0.0,-0.09425751856727858,-0.09425751856727858,3095.558227624256,-251.453966504178,-3085.3284498318067
1123.3,68.96000000002618,254.124467570526,-174.83553242950018,0.0573000000012949,0.0,-0.06646824628817795,-0.06646824628817795,3099.0590815071296,-278.9616707233195,-3086.478183454253
1123.4,69.4589999999932,253.6573920607403,-175.8016079392529,0.06654545454368917,0.0,-0.0749648287333607,-0.0749648287333607,3102.262834266111,-227.11730932396765,-3093.9380117698292
1123.5,69.385,252.75285284879783,-176.63214715120216,0.1523499999974814,0.0,-0.15787187461791508,-0.15787187461791508,3105.4605432659605,-182.43424908508283,-3100.0972453364225
1123.6,69.28099999999303,252.03045164233976,-177.25054835765326,0.11977920792473089,0.0,-0.12608279573072073,-0.12608279573072073,3108.663786811399,-149.11815302689277,-3105.0852348801045
1123.7,68.84300000001893,252.03045164233976,-176.8125483576792,-0.003607999998037126,0.0,0.0,-0.007115049088603881,3111.849765928127,-173.02766904054957,-3107.0356276446737
1123.8,69.54799999997917,252.03045164233976,-177.51754835763938,-0.021950000001165402,0.0,0.0,0.00754583632508952,3115.3767411633667,-134.93755960305012,-3112.453067018048
1123.9,69.12000000000585,252.00050526301328,-177.11949473699258,-0.011543999999365537,0.0,0.0,-0.0036843911147905277,3118.565646799475,-156.71767096186406,-3114.625381166428
1124.0,69.43,252.00050526301328,-177.42949473698673,-0.027147999999871126,0.0,0.0,0.013663929885561343,3121.7494740931534,-140.00650490831913,-3118.6083366758703
1124.1,68.81300000000954,251.83578584994294,-176.97721415006663,0.015965999997793516,0.0,-0.028748961000293234,-0.028748961000293234,3124.935100341198,-164.78750007866145,-3120.5871981347163
1124.2,69.41199999997411,251.83578584994294,-177.5762141500312,-0.02415454545008676,0.0,0.0,0.00869994522915963,3128.1225541727495,-132.28963963982636,-3125.324009629755
1124.3,69.07300000001003,252.29218805551878,-176.78081194449123,-0.0951500000009701,0.0,0.07965721200662959,0.07965721200662959,3132.077597770993,-175.88455626163457,-3127.1352227442235
1124.4,68.71600000000488,252.21907863453166,-176.4969213654732,-0.011650000003248936,0.0,0.0,0.0004991114111980154,3135.23990871624,-191.56996670285173,-3129.381765311558
1124.5,69.30199999999999,252.01170023641734,-177.29029976358265,0.026121782179571222,0.0,-0.036194358446057805,-0.036194358446057805,3138.422838907599,-148.37070711872835,-3134.913722743566
1124.6,69.30699999998595,252.15480062762546,-177.15219937236049,-0.041338999998084075,0.0,0.0249757298747382,0.0249757298747382,3141.6056851242793,-156.0845052787478,-3137.725913462978
1124.7,68.42400000003813,252.64750391209182,-175.77649608794633,-0.10353737373631501,0.0,0.08599294549328414,0.08599294549328414,3144.778161551403,-231.6044519858495,-3136.238043132402
1124.8,68.86999999998682,252.97456886070168,-175.89543113928517,-0.06930495049793792,0.0,0.05708360221109016,0.05708360221109016,3149.3041090093307,-225.41768255184203,-3141.226390984262
1124.9,68.72500000000197,252.65471175494952,-176.07028824505244,0.01895399999839897,0.0,-0.03098587040376148,-0.03098587040376148,3152.475834983507,-216.04751858289987,-3145.06396753216
1125.0,68.426,252.65471175494952,-175.77128824505047,-0.034584999995625657,0.0,0.0,0.017563048905002054,3155.6423608108407,-232.6906201223577,-3147.051601841141
1125.1,67.5030000000133,253.2856377884991,-174.21736221151423,-0.12848118811862572,0.0,0.11011736621988333,0.11011736621988333,3158.794062392788,-318.26371478699684,-3142.719862866863
1125.2,68.33899999996389,253.44040286478827,-174.89859713517563,-0.042903030307639714,0.0,0.027011601483469427,0.027011601483469427,3161.9587004300047,-281.1572081392199,-3149.433829680561
1125.3,68.24400000000281,253.29198864384557,-174.95201135615724,0.012563000002105501,0.0,-0.02590316812231815,-0.02590316812231815,3167.7021431073963,-278.72638003641964,-3155.415736875093
1125.4,67.75900000000662,253.31799433457235,-174.44100566543426,-0.06760999999804208,0.0,0.055277639733128325,0.055277639733128325,3170.8635213291304,-307.1634728453622,-3155.9508981993604
1125.5,67.877,253.7027876769312,-174.1742123230688,-0.08246900000128622,0.0,0.0671591076391604,0.0671591076391604,3174.0159290500264,-322.17551190876094,-3157.6225324426655
1125.6,67.43900000000029,253.7027876769312,-173.73621232306908,-0.022484000001615836,0.0,0.0,0.009497289363605414,3177.1573916207058,-346.6471941703964,-3158.1901168080235
1125.7,67.45799999999917,253.54518558993522,-173.91281441006396,0.020043999999613323,0.0,-0.027506753260940982,-0.027506753260940982,3180.296915869475,-337.24403222257973,-3162.3654020083054
1125.8,67.1030000000105,253.18208856394938,-173.92091143606115,0.05671399999848233,0.0,-0.06337238607652214,-0.06337238607652214,3185.9925964290824,-337.4003032896761,-3168.0766814963554
1125.9,66.69400000000559,252.42162242377225,-174.27237757623334,0.0764080000005155,0.0,-0.08332424753069281,-0.08332424753069281,3189.1513949313244,-318.2755765618503,-3173.2297863780104
1126.0,66.934,252.09901855144545,-174.83498144855457,0.04776800000091199,0.0,-0.056304997517854026,-0.056304997517854026,3192.3084735491716,-287.386084740321,-3179.3462580523487
1126.1,66.55600000000419,251.83334772677745,-174.72265227322674,0.03630099999964795,0.0,-0.04636830616945581,-0.04636830616945581,3195.4558169561883,-293.9081640882498,-3181.910726152042
1126.2,66.81899999998863,251.83334772677745,-174.9856522732112,0.0019070000021239666,0.0,0.0,-0.011141744169697999,3198.5831330460646,-279.5728054336523,-3186.341649206616
1126.3,67.03099999999374,252.18621726929214,-174.84478273070158,-0.07315999999834254,0.0,0.06158735346887776,0.06158735346887776,3204.127874937412,-287.904229223198,-3191.166964254038
1126.4,66.7600000000037,252.16010960601284,-174.59989039399085,-0.050250495052302085,0.0,0.03571694968348377,0.03571694968348377,3207.2775284109252,-301.8375867892877,-3193.042939806935
1126.5,66.156,252.40892158471755,-173.74707841528243,-0.0590333333298526,0.0,0.04342588246798999,0.04342588246798999,3210.4285355599004,-349.6720519842182,-3191.329008109072
1126.6,66.1590000000001,253.34843926621306,-172.81056073378704,-0.1793629999976683,0.0,0.1639767692280094,0.1639767692280094,3213.576046005639,-402.18021599731014,-3188.3102228800753
1126.7,66.1659999999997,253.47872251968624,-172.68727748031347,-0.030564000010072118,0.0,0.02273871733317668,0.02273871733317668,3216.7270290439783,-409.4406350324058,-3190.562825861036
1126.8,66.61899999998661,252.14095073320465,-174.47804926678197,0.23010999999717713,0.0,-0.23348522314389902,-0.23348522314389902,3222.3799392018996,-310.08025818533577,-3207.426180920545
1126.9,66.17000000000613,250.8300385027943,-175.3399614972118,0.1830450000051922,0.0,-0.18682868099466052,-0.18682868099466052,3225.5353770693737,-262.05337809813693,-3214.872702884738
1127.0,66.555,250.2978006613893,-176.2571993386107,0.08938099999933331,0.0,-0.0928930273622526,-0.0928930273622526,3228.6862703487186,-210.76136092110985,-3221.7999132598225
1127.1,66.1559999999977,249.47281951404779,-176.68318048594995,0.13918181818006947,0.0,-0.14398637287989186,-0.14398637287989186,3231.835557713658,-186.98461237637906,-3226.4218302690683
1127.2,66.01100000000628,248.83627498708873,-177.17472501291752,0.10555445544905254,0.0,-0.11109797830985485,-0.11109797830985485,3234.98766449306,-159.45373931837813,-3231.055507793026
1127.3,66.16099999999557,248.68303337977366,-177.47796662022188,0.01904949495027297,0.0,-0.02674570598695716,-0.02674570598695716,3240.4108170258974,-142.58965439678076,-3237.2720697459845
1127.4,66.1170000000006,248.14648945627363,-177.97051054372696,0.06603069306622297,0.0,-0.07481601173911978,-0.07481601173911978,3243.593730881515,-114.86819578664424,-3241.5591292787776
1127.5,66.027,247.81787072966023,-178.20912927033976,0.048546000004079395,0.0,-0.05735478763114541,-0.05735478763114541,3246.7712117666442,-101.46647531985548,-3245.185334606147
1127.6,66.06299999999248,248.04093653297423,-178.02206346701826,-0.046669999999456646,0.0,0.038932327164349,0.038932327164349,3249.9592875297853,-112.17120264662188,-3248.022935863896
1127.7,65.5910000000204,247.73042814053804,-177.86057185948238,0.046704999994683895,0.0,-0.05419393803085858,-0.05419393803085858,3253.130173204853,-121.44386692092858,-3250.8625487711915
1127.8,65.39100000000592,247.08607954836543,-178.3049204516405,0.10224949495235469,0.0,-0.11246004464001731,-0.11246004464001731,3258.4105809484554,-96.38510037997128,-3256.984713882089
1127.9,65.3110000000011,247.02428753106193,-178.28671246893919,0.0045772277248997476,0.0,0.0,-0.0167416231971473,3261.586115354539,-97.51507251348485,-3260.1280340664844
1128.0,65.833,247.02428753106193,-178.8087124689381,-0.010972000001417629,0.0,0.0,-0.002200867606078735,3264.769446100059,-67.87583566781682,-3264.063787232242
1128.1,65.22500000000447,247.02428753106193,-178.20071246894253,-0.029133999997717902,0.0,0.0,0.01717527910420227,3267.944357354738,-102.6079962777803,-3266.3331002619025
1128.2,65.50599999998786,247.31075091616606,-178.1952490838218,-0.05948600000095665,0.0,0.04999729256475811,0.04999729256475811,3271.136678667041,-103.01999173806605,-3269.5140390925267
1128.3,64.96400000001601,247.31075091616606,-177.65324908384997,0.0034585858562885957,0.0,0.0,-0.014683437702553705,3276.3167156057125,-134.15559990173284,-3273.5689233575654
1128.4,65.42799999999367,247.24765836147165,-178.180341638522,-0.029899999996123278,0.0,0.0,0.015091983841427806,3279.507886071044,-104.13648022745775,-3277.8541102812987
1128.5,64.797,247.55963139429338,-177.2373686057066,-0.06794455445741031,0.0,0.05444956600171857,0.05444956600171857,3282.6754465640447,-158.21948394045268,-3278.860271859121
1128.6,64.95599999999955,247.2589459184895,-177.69705408151003,0.03751899999685562,0.0,-0.05247951565702825,-0.05247951565702825,3285.840236416904,-132.0354670724788,-3283.1863630764624
1128.7,64.92700000000124,247.64643793999562,-177.28056206000565,-0.08207399999051773,0.0,0.06763011600490167,0.06763011600490167,3289.005120156148,-156.04792483936038,-3285.3011620803786
1128.8,64.58800000001003,248.57735221249345,-176.01064778751658,-0.17385900000546187,0.0,0.1624751910889446,0.1624751910889446,3293.615713290688,-229.1404229781856,-3285.6352709016114
1128.9,64.90599999999567,248.50756227505187,-176.3984377249438,-0.03861500000140028,0.0,0.0,0.017825327584253533,3296.7525915644324,-207.09452256272212,-3290.2415578056452
1129.0,65.081,249.6364385184713,-175.4445614815287,-0.22035299998935046,0.0,0.1970260729521415,0.1970260729521415,3299.919158873202,-262.0916599052767,-3289.4945534088542
1129.1,64.77599999999931,250.97042668804062,-173.8055733119587,-0.24627171718108198,0.0,0.2328248574163749,0.2328248574163749,3303.078334489119,-356.4109104118735,-3283.793194875522
1129.2,64.7320000000019,250.14980086802802,-174.58219913197388,0.13099900989202168,0.0,-0.1432262248609768,-0.1432262248609768,3306.1906653718497,-312.1626330712906,-3291.4208491631625
1129.3,64.37600000001052,249.36448706274874,-175.01151293726178,0.12508484849491805,0.0,-0.13706311563488777,-0.13706311563488777,3312.3032094218706,-288.02320351860567,-3299.7568373110926
1129.4,65.17699999998906,249.63110063292322,-175.54589936706583,-0.08463762376156765,0.0,0.0769858738954527,0.0769858738954527,3315.4105349643896,-257.4762577234076,-3305.397554313491
1129.5,64.646,249.18023587943009,-175.46576412056993,0.07103499999128852,0.0,-0.07869074429647267,-0.07869074429647267,3318.537719887909,-262.34623127823266,-3308.1516067515636
1129.6,64.05300000000516,247.86916342388872,-176.18383657611645,0.21874400000152142,0.0,-0.22882531081402938,-0.22882531081402938,3321.6630701303575,-221.07455619380968,-3314.298054199643
1129.7,64.376999999986,247.17660615297405,-177.20039384701192,0.11360098039578144,0.0,-0.12087404636087684,-0.12087404636087684,3324.780271941215,-162.3919238891427,-3320.812057275311
1129.8,63.64200000002173,246.6635257631829,-176.97847423683885,0.0833591836708533,0.0,-0.0895494212927178,-0.0895494212927178,3331.1700833312434,-175.58974965522242,-3326.539097004137
1129.9,65.42199999997571,246.21851751940505,-179.20348248057064,0.055515151519210354,0.0,-0.06551413119145606,-0.06551413119145606,3334.3435959219732,-46.35206235643244,-3334.0214009482875
1130.0,65.355,246.3731429330219,-178.98185706697808,-0.03634999999948227,0.0,0.026987225748723656,0.026987225748723656,3337.5696819191025,-59.30531321331305,-3337.0427419333796
1130.1,63.50599999999968,246.15457833973693,-177.35142166026276,0.026468316828207612,0.0,-0.038146717811056205,-0.038146717811056205,3340.7008768022006,-154.37362346273528,-3337.132171887409
1130.2,63.486000000000864,246.15457833973693,-177.3314216602639,-0.025515999993595856,0.0,0.0,0.011727401784538613,3343.8544140073104,-155.68531732021452,-3340.2281993970228
1130.3,62.61000000002589,246.88837858461557,-175.7216214154103,-0.1417585858594112,0.0,0.1280723032507335,0.1280723032507335,3349.756228058003,-249.89991713927083,-3340.421652849707
1130.4,62.89199999999616,247.06000963748372,-175.83199036251244,-0.0556029703005303,0.0,0.041468291301474766,0.041468291301474766,3352.9023663367852,-243.69346374236937,-3344.0346550112276
1130.5,63.07,247.06000963748372,-176.0099903625163,-0.020698999998138744,0.0,0.0,0.008147842060912118,3356.061560632484,-233.52326331584916,-3347.9271324575243
1130.6,61.85800000001907,246.684856092329,-175.17314390769008,0.05610099999445069,0.0,-0.06547664563478571,-0.06547664563478571,3359.2181654876654,-282.6611352839829,-3347.304791312301
1130.7,63.05599999994824,245.82294671909875,-177.2330532808495,0.14253100000168778,0.0,-0.15043156416668632,-0.15043156416668632,3362.367640639315,-162.3134622469845,-3358.447631092644
1130.8,62.796000000007695,245.2290798676374,-177.56692013237029,0.09461900000069666,0.0,-0.1036493187645245,-0.1036493187645245,3367.9664264445187,-142.97857076483115,-3364.9301594475196
1130.9,62.4880000000042,244.68685902040167,-177.80114097960256,0.08442799999982156,0.0,-0.09328600987726236,-0.09328600987726236,3371.0909833539276,-129.34171513870106,-3368.6087838713374
1131.0,62.639,244.26145774279712,-178.3775422572029,0.06738415841693135,0.0,-0.07424652936389478,-0.07424652936389478,3374.218697593988,-95.5357565351694,-3372.8659532237743
1131.1,62.422999999987745,243.54230721198468,-178.8806927880031,0.11926122448598298,0.0,-0.12551544580142152,-0.12551544580142152,3377.369111291087,-65.97472253126212,-3376.7246630262985
1131.2,61.653000000033266,242.99552425913666,-178.65747574089664,0.08803168317370329,0.0,-0.09543162820974996,-0.09543162820974996,3380.5048964174944,-79.20294638483689,-3379.5769332841965
1131.3,61.46600000000553,243.1630551650977,-178.30294483490786,-0.03768599999918681,0.0,0.029239659078695596,0.029239659078695596,3386.0328326411673,-100.2769208093923,-3384.5476629642776
1131.4,61.8689999999945,243.21220154366662,-178.65679845632786,-0.02736868687002473,0.0,0.0,0.01518753439279837,3389.221086652922,-79.4472132911256,-3388.289791991395
1131.5,61.488,243.54371278312263,-177.94428721687734,-0.07282673266966568,0.0,0.05785962635875387,0.05785962635875387,3392.405196884268,-121.68984615943357,-3390.2219103163566
1131.6,61.494000000003915,244.83815557481702,-176.6558444251869,-0.24195399999540274,0.0,0.22592288693774254,0.22592288693774254,3395.580137361839,-198.07570741368986,-3389.798000379789
1131.7,61.73999999998937,247.0193260780947,-174.72067392189467,-0.39701099999717715,0.0,0.3806860682957856,0.3806860682957856,3398.7956607167357,-312.7275938653414,-3384.3778446476845
1131.8,61.171000000016825,247.8007548747137,-173.3702451253031,-0.15360300001593497,0.0,0.13638505370898743,0.13638505370898743,3402.956402758936,-392.881572677728,-3380.200637377656
1131.9,61.57599999999447,247.76809081228842,-173.80790918770606,-0.016444999991065468,0.0,0.0,-0.003960216702197496,3406.191902195033,-367.3990821492637,-3386.319711576994
1132.0,61.679,248.77575710718162,-172.9032428928184,-0.2001040000000099,0.0,0.17587094607258427,0.17587094607258427,3409.4473024547583,-421.2212286544337,-3383.3272949489938
1132.1,60.93600000001223,249.5250201565897,-171.41097984342252,-0.1590171717191531,0.0,0.13077107175704245,0.13077107175704245,3412.702068865746,-509.67292862159223,-3374.4286800391606
1132.2,61.70399999996682,249.3109177423901,-172.39308225757668,0.013987128706333549,0.0,-0.037367920642511473,-0.037367920642511473,3416.0005888207447,-452.19671961447386,-3385.938296778839
1132.3,61.26700000001292,249.09277293083406,-172.17422706917887,0.0231460000065936,0.0,-0.038073452077957926,-0.038073452077957926,3420.2623925031035,-465.70709789469225,-3388.4084364995842
1132.4,61.34099999999899,249.85031640171283,-171.49068359828618,-0.15320099999764802,0.0,0.1416182310813128,0.1416182310813128,3423.5646207957984,-506.58562730260405,-3385.8773921946886
1132.5,61.035,249.85031640171283,-171.18468359828717,0.0007699999897643472,0.0,0.0,-0.012530725993027262,3426.8495999508186,-525.164720539491,-3386.3697667242077
1132.6,61.56299999999782,249.19826512265777,-172.36473487734008,0.10330600000521147,0.0,-0.11380441711350411,-0.11380441711350411,3430.130689318695,-455.74929081164817,-3399.7189780525428
1132.7,61.42600000000592,249.33787609367212,-172.0881239063338,-0.032768999998807904,0.0,0.02436671116107278,0.02436671116107278,3433.4006272649876,-472.6070911197502,-3400.717924898644
1132.8,61.229000000005826,249.16870347879583,-172.06029652120998,0.01977699999592627,0.0,-0.029526191337998796,-0.029526191337998796,3437.403126851861,-474.8115631125053,-3404.452119802188
1132.9,60.18100000001429,248.85748682891705,-171.32351317109726,0.036943434346638174,0.0,-0.04721445165442566,-0.04721445165442566,3440.6781401569024,-519.044007207751,-3401.3026008773877
1133.0,60.855,248.99896425078848,-171.85603574921151,-0.035349999999602325,0.0,0.024692468288894043,0.024692468288894043,3443.9502442250086,-487.8729405007457,-3409.218866342355
1133.1,60.91499999999893,248.74825127068962,-172.16674872930935,0.03204653464988632,0.0,-0.04375766980211746,-0.04375766980211746,3447.211647811038,-469.82228273224223,-3415.0454122093834
1133.2,60.84800000000289,248.1689771491481,-172.67902285085478,0.09155400000087735,0.0,-0.10110240692496499,-0.10110240692496499,3450.4790968642114,-439.6867973557152,-3422.3502915581184
1133.3,60.26600000001721,247.9850440501209,-172.28095594989634,0.024353000002597554,0.0,-0.03210238181421498,-0.03210238181421498,3454.693345620661,-464.01907953892106,-3423.3890234823634
1133.4,60.189000000001045,247.66870936945895,-172.5202906305421,0.0395949999966418,0.0,-0.04891271689722735,-0.04891271689722735,3457.969678655608,-450.1414637694163,-3428.5458960173037
1133.5,60.705,247.80575999862106,-172.89924000137893,-0.03771199999259463,0.0,0.023919847208078708,0.023919847208078708,3461.266846432092,-427.8632534177808,-3434.7199621780974
1133.6,60.43200000000307,248.8267379534522,-171.60526204655088,-0.1958329999997236,0.0,0.17819426902081895,0.17819426902081895,3464.5655267496654,-505.79945022954047,-3427.4452884458537
1133.7,60.624999999991665,249.56239096625768,-171.06260903373402,-0.14438585858877573,0.0,0.1283956722567123,0.1283956722567123,3467.866453410996,-538.7507099865446,-3425.7620190524553
1133.8,60.47100000000455,249.56239096625768,-170.90860903374687,-0.027780198022821813,0.0,0.0,0.013407493146797234,3471.4106715359667,-548.5165609948552,-3427.801282567029
1133.9,60.28500000000253,249.9291354587193,-170.35586454128327,-0.08423999999415104,0.0,0.06686338300156557,0.06686338300156557,3474.715683550975,-582.1129294911026,-3425.60850343912
1134.0,60.438,250.92573907366005,-169.51226092633993,-0.19117400000067908,0.0,0.17394014417994177,0.17394014417994177,3478.0232340973407,-633.0875656947949,-3419.918968496705
1134.1,60.11000000000037,251.40401487054248,-168.70598512945787,-0.09982900000373025,0.0,0.08347487388198334,0.08347487388198334,3481.3404830494646,-681.7986288555459,-3413.924748527679
1134.2,60.13299999999901,251.74341263199273,-168.3895873680063,-0.07513030302746636,0.0,0.059236084112054006,0.059236084112054006,3484.6468843203497,-701.3058865383392,-3413.346446218168
1134.3,59.87100000000775,251.92446400298198,-167.94653599702576,-0.047743564360826246,0.0,0.031599425390127354,0.031599425390127354,3488.552562176483,-728.4946587170356,-3411.6410290780673
1134.4,59.894999999999676,251.7353191630698,-168.15968083692985,0.0029710000017869123,0.0,-0.02050115887130484,-0.02050115887130484,3491.8556705562573,-716.4758199532204,-3417.5603028210417
1134.5,60.252,251.7353191630698,-168.51668083693022,-0.0028320000015663316,0.0,0.0,-0.011016641072102965,3495.156657667296,-695.8249974163481,-3425.19307990171
1134.6,60.115999999999325,251.1193708331827,-168.99662916681666,0.09716699999673277,0.0,-0.10750326378689881,-0.10750326378689881,3498.461725362588,-667.7400064764167,-3434.1458512383906
1134.7,60.073000000001855,250.588231718001,-169.48476828200086,0.0834595959638761,0.0,-0.09270126346049215,-0.09270126346049215,3501.763491703775,-639.0610206498366,-3442.956369708365
1134.8,60.223999999995534,250.588231718001,-169.6357682819945,0.0010148514849655731,0.0,0.0,-0.009438599889435158,3505.1976394341314,-630.6029028696454,-3448.006738738627
1134.9,60.293999999999045,250.19818163060614,-170.09581836939287,0.05869599999726387,0.0,-0.06648969724803236,-0.06648969724803236,3508.501435427309,-603.4657423232727,-3456.2134511973804
1135.0,60.144,249.84109843604207,-170.3029015639579,0.05516060606364643,0.0,-0.06232277448681574,-0.06232277448681574,3511.8131049173476,-591.5279083060074,-3461.6363208119283
1135.1,60.03900000000466,249.39240722213597,-170.6465927778687,0.07360495049127294,0.0,-0.0783113900743179,-0.0783113900743179,3515.1103951547093,-571.2885027781982,-3468.3757778992376
1135.2,60.331999999987346,248.444102981761,-171.88789701822634,0.16459799999949937,0.0,-0.16551031305166855,-0.16551031305166855,3518.4334294519085,-496.48740189267215,-3483.227534521192
1135.3,59.86200000001389,247.3037466446302,-172.55825335538373,0.19954699999869735,0.0,-0.19902972728914758,-0.19902972728914758,3522.0162508938106,-456.16488890432004,-3492.3505072788735
1135.4,60.17199999999577,245.80630484688317,-174.3656951531126,0.25940199999827007,0.0,-0.26020680841469107,-0.26020680841469107,3525.2980296317505,-346.10937948322885,-3508.2665940830716
1135.5,59.661,244.484910138972,-175.176089861028,0.22875200000335075,0.0,-0.23062688371479015,-0.23062688371479015,3528.557116641926,-296.7293640255669,-3516.0584480251982
1135.6,59.86600000000025,243.76940097235624,-176.096599027644,0.12128600000185685,0.0,-0.12487990785646012,-0.12487990785646012,3531.8265074035976,-240.42736332476045,-3523.633516891817
1135.7,59.880999999999354,243.29855169375188,-176.58244830624744,0.0750750000003098,0.0,-0.08217870192285316,-0.08217870192285316,3535.0964484054743,-210.73475783458795,-3528.8096805253463
1135.8,59.40200000001416,242.9042597782889,-176.49774022172528,0.06027200000044544,0.0,-0.06881692138824894,-0.06881692138824894,3539.413672300911,-216.21537145713026,-3532.803427423648
1135.9,58.5810000000112,242.59608245626018,-175.984917543751,0.048200990099176014,0.0,-0.05962340258585965,-0.05962340258585965,3542.6962790525554,-248.05629382471017,-3534.001273444418
1136.0,59.326,242.59608245626018,-176.72991754373982,-0.02455714285356759,0.0,0.0,0.007483906494785073,3546.0077484187213,-202.2739460107276,-3540.23391919388
1136.1,58.74799999999835,242.84487883689326,-175.90312116310508,-0.058234653467173665,0.0,0.04342316009092858,0.04342316009092858,3549.3106449730226,-253.5737875186684,-3540.241007163531
1136.2,58.64400000000449,242.44858399381448,-176.19541600619004,0.05807699999610151,0.0,-0.06916649820398604,-0.06916649820398604,3552.612948768367,-235.72912067215117,-3544.783568206077
1136.3,58.77099999999625,242.27970256352685,-176.49129743646938,0.018544000006329442,0.0,-0.029475370039962315,-0.029475370039962315,3557.010713113529,-217.68956754828952,-3550.343147554199
1136.4,58.98099999999714,242.1412125574753,-176.8397874425218,0.021893939387436168,0.0,-0.031696455318928146,-0.031696455318928146,3560.317429297079,-196.27372213451662,-3554.90320871835
1136.5,58.456,241.15233502671026,-177.30366497328976,0.16314999999946728,0.0,-0.17259168810841674,-0.17259168810841674,3563.603529296956,-167.6410177780443,-3559.658214376215
1136.6,58.94899999999643,240.92505392732002,-178.02394607267638,0.0293445544623073,0.0,-0.03966803511911982,-0.03966803511911982,3566.9043224807106,-122.9933187481118,-3564.7831756328324
1136.7,58.72500000000968,241.20368642755122,-177.52131357245844,-0.059641000002951736,0.0,0.048630545320981246,0.048630545320981246,3570.213267428692,-154.40367796629613,-3566.872899214988
1136.8,59.14599999998756,240.75481027421299,-178.39118972577455,0.07072899999631992,0.0,-0.07834366809438874,-0.07834366809438874,3574.497600907766,-100.35525954589728,-3573.0885688402477
1136.9,59.529999999994764,240.30644764584244,-179.22355235415233,0.08141100000312523,0.0,-0.08730471809975215,-0.08730471809975215,3577.8322017272394,-48.483751980419164,-3577.5036812713815
1137.0,59.063,239.86225954714624,-179.20074045285378,0.06698199999747702,0.0,-0.07752544820422767,-0.07752544820422767,3581.14606337664,-49.95433129565842,-3580.797633492126
1137.1,58.53100000000101,239.09669821662285,-179.43430178337815,0.11929199999998111,0.0,-0.1336156584358161,-0.1336156584358161,3584.454125675684,-35.389803219370364,-3584.279417247144
1137.2,58.59399999999728,239.09669821662285,-179.49730178337444,-0.017744999993048155,0.0,0.0,0.001589172001999771,3587.7565969481907,-31.477636209516486,-3587.6185077797672
1137.3,58.583000000000325,239.75206955841875,-178.8309304415816,-0.12948900000165486,0.0,0.11438387737551323,0.11438387737551323,3591.7814810206473,-73.28202999710908,-3591.0338276716884
1137.4,58.455000000001746,239.91938020931443,-178.5356197906873,-0.03168100000329871,0.0,0.02115094965383875,0.02115094965383875,3595.095903664565,-91.87437880822914,-3593.9217652954467
1137.5,58.272,239.91938020931443,-178.3526197906856,-0.011035999997610846,0.0,0.0,0.002826334586387293,3598.3938563143174,-103.44751654910793,-3596.9065815615013
1137.6,58.01599999999821,239.91938020931443,-178.0966197906838,0.007860999996718611,0.0,0.0,-0.0180698445445025,3601.6806270659445,-119.62673062565474,-3599.693429266158
1137.7,57.90300000000488,239.66568936124906,-178.23731063875584,0.030925000002416415,0.0,-0.04427740580916743,-0.04427740580916743,3604.9749287349478,-110.88859728007218,-3603.26906514082
1137.8,58.31099999998795,239.66568936124906,-178.64531063873892,-0.02859999999947957,0.0,0.0,0.013064567442562174,3608.997883325028,-85.32243683076663,-3607.989163456258
1137.9,57.45100000001173,239.9381748181482,-177.5128251818635,-0.05350099009826788,0.0,0.039129864331313706,0.039129864331313706,3612.2876915126776,-156.75796130024497,-3608.8847734200353
1138.0,57.817,240.0980724880557,-177.71892751194434,-0.039745454546925685,0.0,0.02790740806153029,0.02790740806153029,3615.5913592257575,-143.90671541625184,-3612.7263574987333
1138.1,57.32599999999908,240.25588371899573,-177.07011628100338,-0.03891287128576482,0.0,0.02754325576529072,0.02754325576529072,3618.907102381501,-184.97621876298743,-3614.1765886795592
1138.2,57.26800000000251,240.5105953189163,-176.7574046810862,-0.054921000000671634,0.0,0.04445556061636626,0.04445556061636626,3622.2282145205468,-204.8868433324824,-3616.4289872051904
1138.3,57.28299999999956,240.2846855026006,-176.99831449739895,0.027646999996366523,0.0,-0.03942870107283668,-0.03942870107283668,3626.460194233388,-189.900797402944,-3621.4846717202863
1138.4,57.24600000000051,240.13878930506792,-177.10721069493258,0.02266200000387121,0.0,-0.03546849774177381,-0.03546849774177381,3629.787321540246,-183.18538593742628,-3625.1619431403706
1138.5,56.743,240.35556717899058,-176.38743282100938,-0.04883333333374827,0.0,0.03783487645424208,0.03783487645424208,3633.09520578505,-228.91923572142352,-3625.875998681565
1138.6,56.846000000003755,239.59104590162318,-177.2549540983806,0.12648019801187027,0.0,-0.13343413491614475,-0.13343413491614475,3636.409480165145,-174.15405949876606,-3632.2368137271887
1138.7,57.081999999989804,238.23681304712557,-178.84518695286425,0.23285500000323428,0.0,-0.23635822149663893,-0.23635822149663893,3639.709002729123,-73.35442339890699,-3638.9697378674696
1138.8,56.288000000023466,237.3151426373414,-178.97285736268202,0.158656000000404,0.0,-0.16086183268939155,-0.16086183268939155,3644.98067358364,-65.3401448013076,-3644.3949808268026
1138.9,56.635999999995256,236.48114948720462,179.84514948720937,0.17573899999873355,0.0,-0.17695674908593043,-0.17695674908593043,3648.2615286761607,9.859966747397465,-3648.2482046420932
1139.0,56.382,235.61873386340412,179.23673386340408,0.14596969697253365,0.0,-0.15051992155959945,-0.15051992155959945,3651.538678646391,48.64255989023103,-3651.2146777501257
1139.1,56.10800000000162,235.22349622771296,179.11549622771133,0.0595445544568447,0.0,-0.06898198070608318,-0.06898198070608318,3654.833451420094,56.419261634198904,-3654.397956508838
1139.2,56.209999999995595,235.08416511289127,178.87416511289564,0.012546000000857517,0.0,-0.024317867041133104,-0.024317867041133104,3658.126291685433,71.87582080332442,-3657.420106072594
1139.3,56.13100000000234,235.08416511289127,178.95316511288894,-0.0028460000001191304,0.0,0.0,-0.011037550233677827,3662.847606426463,66.91912326326108,-3662.2362592882705
1139.4,57.38699999998286,235.78807005478802,178.40107005480513,-0.11011299999445588,0.0,0.09583402572915024,0.09583402572915024,3666.1586203766897,102.29671407534693,-3664.7311514013822
1139.5,56.598,236.42820309059232,179.8302030905923,-0.1253670000049989,0.0,0.11172429125571816,0.11172429125571816,3669.4481683629638,10.874449244216649,-3669.432055053744
1139.6,56.062999999982715,236.64823239338813,-179.41476760659458,-0.05425199999846916,0.0,0.038402357846550925,0.038402357846550925,3672.7527948362126,-37.513697379651575,-3672.561206363499
1139.7,54.977000000046914,236.88610392780623,-178.0908960722407,-0.0561049504966203,0.0,0.04151641472367236,0.04151641472367236,3676.0291253749233,-122.46317593115847,-3673.9886909387155
1139.8,55.65299999998002,236.6968534046695,-178.95614659531054,0.02171836734452652,0.0,-0.033030447398572235,-0.033030447398572235,3681.049103530495,-67.06014142424316,-3680.438213044042
1139.9,55.05300000000818,236.55315213621225,-178.49984786379594,0.04438910891208178,0.0,-0.05470887522749104,-0.05470887522749104,3684.337399925576,-96.45448925274339,-3683.0746134165333
1140.0,54.977,236.43072190978478,-178.5462780902152,0.011964000000406453,0.0,-0.021368105551210305,-0.021368105551210305,3687.634057616034,-93.55347496977667,-3686.447163626623
1140.1,55.2930000000021,236.04978576572017,-179.24321423428194,0.055882999997479296,0.0,-0.06648589953778501,-0.06648589953778501,3690.9295586214116,-48.74986879646065,-3690.607599975589
1140.2,55.42499999999429,235.43145719872666,-179.9935428012676,0.09540400000075343,0.0,-0.107918693531746,-0.107918693531746,3694.212385638161,-0.41633543842096643,-3694.2123621777882
1140.3,55.482999999998285,235.43145719872666,179.94845719872836,-0.022019999994613237,0.0,0.0,0.005908514358585979,3698.7184265230635,3.32733553369566,-3698.7169299014345
1140.4,54.8890000000081,236.49979331014669,-178.38920668986145,-0.1811179999973184,0.0,0.16298020089808896,0.16298020089808896,3701.9909311640045,-104.0627562089865,-3700.528043021796
1140.5,54.077,236.86081470082945,-177.21618529917055,-0.07954900000792833,0.0,0.0630101193754329,0.0630101193754329,3705.234136957244,-179.95439742311203,-3700.861578676157
1140.6,53.93800000000525,236.62658951820666,-177.3114104817986,0.02610990099285651,0.0,-0.04088000627852774,-0.04088000627852774,3708.4813498213352,-173.95566450346215,-3704.399188635025
1140.7,54.26799999998575,236.75572597061256,-177.5122740293732,-0.03578163265301571,0.0,0.022538562788273455,0.022538562788273455,3711.7470075201795,-161.10974490732897,-3708.248845200508
1140.8,54.392999999996306,236.58619548448513,-177.8068045155112,0.014686138611186825,0.0,-0.02958865165430384,-0.02958865165430384,3715.7963872802134,-142.2003141508404,-3713.074448806553
1140.9,55.13599999998986,236.79204494603124,-178.3439550539586,-0.03664141413614318,0.0,0.02143904674561819,0.02143904674561819,3719.0516851467137,-107.47840940476334,-3717.498329294101
1141.0,54.618,237.11684279113462,-177.50115720886538,-0.07047029703328983,0.0,0.056687918004362514,0.056687918004362514,3722.303607990022,-162.28949473346734,-3718.7640782865874
1141.1,54.29799999999691,236.97263168650747,-177.32536831348943,0.012503030302569738,0.0,-0.025169585936812365,-0.025169585936812365,3725.5534400656925,-173.84988526323838,-3721.494948562912
1141.2,54.104000000008384,236.77416656927014,-177.32983343073823,0.024549999999882447,0.0,-0.034638697461471385,-0.034638697461471385,3728.8049917303856,-173.71134278358173,-3724.756506906427
1141.3,53.78000000000958,236.95523565497726,-176.82476434503235,-0.04364455445177382,0.0,0.03160251719165259,0.03160251719165259,3733.027443633456,-206.77221975168476,-3727.2964926417512
1141.4,53.346000000005915,237.32961184396055,-176.01638815604537,-0.0625820000026816,0.0,0.04819334543138444,0.04819334543138444,3736.2845957476266,-259.5639515810608,-3727.257589094243
1141.5,53.324,237.32961184396055,-175.99438815603946,-0.0056360000000892215,0.0,0.0,-0.006797146205138991,3739.530844501765,-261.22186063059974,-3730.395967790654
1141.6,53.49399999999702,237.51626086596002,-175.977739134037,-0.040647999998223466,0.0,0.032576399795178394,0.032576399795178394,3742.7839178405884,-262.53401271491094,-3733.564964991764
1141.7,53.30700000000808,236.95860904260232,-176.34839095740574,0.09161799999137031,0.0,-0.09732860397341041,-0.09732860397341041,3746.0254197592158,-238.58235198589577,-3738.420108388447
1141.8,53.61799999999081,235.99459097931052,-177.6234090206803,0.1622330000056535,0.0,-0.16825289253141135,-0.16825289253141135,3750.873917260221,-155.53915464182705,-3747.6476241178734
1141.9,53.24300000000512,235.8002789509755,-177.44272104902961,0.054378999999823985,0.0,-0.06526470599295861,-0.06526470599295861,3754.124213514108,-167.5019653658083,-3750.3855404600085
1142.0,52.582,235.61591033385815,-176.96608966614184,0.016154000002116482,0.0,-0.03217839406045739,-0.03217839406045739,3757.384070636983,-198.86700250346465,-3752.117664678419
1142.1,52.9899999999983,235.80619665303283,-177.18380334696548,-0.04650999999907866,0.0,0.03321122791099301,0.03321122791099301,3760.6513736695665,-184.76875680519595,-3756.1095911583116
1142.2,52.88300000000463,235.65468971856592,-177.22831028143872,0.017592929288661727,0.0,-0.026442948460506672,-0.026442948460506672,3763.9218374913885,-182.00913077243914,-3759.518622784041
1142.3,52.994999999996686,235.08409688291968,-177.910903117077,0.09221089108968608,0.0,-0.09958723670316606,-0.09958723670316606,3768.9557055013875,-137.39177966428338,-3766.450664606154
1142.4,52.82000000000239,234.8676368566205,-177.9523631433819,0.06811100000064685,0.0,-0.07502325046437701,-0.07502325046437701,3772.246613476658,-134.78387307685327,-3769.8379037359837
1142.5,53.074,234.28862397180052,-178.7853760281995,0.09424499999800491,0.0,-0.10105681251578097,-0.10105681251578097,3775.543331743476,-80.03245611511812,-3774.6949884514916
1142.6,53.04599999999853,233.25058152972974,-179.79541847026877,0.17513699999807936,0.0,-0.18117258389577193,-0.18117258389577193,3778.8402456472127,-13.492778733859407,-3778.8161568201654
1142.7,52.95300000000402,232.10205592969652,179.1490559296925,0.19822500000092938,0.0,-0.20045553264024096,-0.20045553264024096,3782.132610231788,56.16932050668724,-3781.7154954878
1142.8,52.561000000011596,230.64595306260503,178.0849530625934,0.2535309999960661,0.0,-0.2541378927847587,-0.2541378927847587,3787.6237888390347,126.57349163227136,-3785.50830364898
1142.9,52.06500000000676,229.76950223702167,177.70450223701494,0.21153800000604228,0.0,-0.2110236628328061,-0.2110236628328061,3790.899519659746,151.8379479814656,-3787.8574954331734
1143.0,51.847,228.82846614064792,176.9814661406479,0.16613899999600734,0.0,-0.164241782618363,-0.164241782618363,3794.1654584340317,199.79690975699262,-3788.9012550903835
1143.1,52.397999999999236,226.99567032827443,174.59767032827517,0.32228999999643276,0.0,-0.31988321442681567,-0.31988321442681567,3797.4308237254004,357.5235294293569,-3780.563157372741
1143.2,52.350000000002076,225.19334485860045,172.84334485859836,0.3218898989938321,0.0,-0.31456513638363187,-0.31456513638363187,3800.699607682697,473.5012388082567,-3771.0892437976663
1143.3,52.43499999999749,223.60280307233404,171.16780307233654,0.28676138613633095,0.0,-0.2776019106090086,-0.2776019106090086,3806.0488806211033,584.3850822189671,-3760.9177280760987
1143.4,52.269000000002265,222.3776484697581,170.10864846975585,0.28362700000242136,0.0,-0.28045715992145687,-0.28045715992145687,3809.3122508519127,654.3651886931184,-3752.687839977779
1143.5,52.08,221.45380707025893,169.37380707025892,0.15824200000382166,0.0,-0.16124074187492254,-0.16124074187492254,3812.572223461777,703.0409223206492,-3747.1910040261905
1143.6,52.63599999999222,221.09034427055772,168.4543442705655,0.05431600000121896,0.0,-0.06343622563302506,-0.06343622563302506,3815.8145495586837,763.7303863499919,-3738.6035592971652
1143.7,52.14700000002112,221.0903442705577,168.94334427053656,-0.015952999997776947,0.0,0.0,0.0027599424070827894,3819.0464972989544,732.4150697744664,-3748.157455883981
1143.8,52.075000000002134,221.31047017142828,169.23547017142613,-0.05371300000042214,0.0,0.038419217391109456,0.038419217391109456,3823.657567988617,714.1566560348567,-3756.372913846246
1143.9,51.57100000000688,221.87698202271216,170.30598202270528,-0.07494699999850554,0.0,0.05330232509683773,0.05330232509683773,3826.912467859919,644.4002634686536,-3772.2681952776406
1144.0,51.669,222.86081037610336,171.19181037610338,-0.19662222221760256,0.0,0.1717104404115137,0.1717104404115137,3830.178351470006,586.5040576166065,-3785.0071591040282
1144.1,51.516000000003906,224.02174657844245,172.50574657843856,-0.2255881188149123,0.0,0.20262159136416236,0.20262159136416236,3833.475373527146,499.98774529711795,-3800.7296265311743
1144.2,51.760999999989416,224.46866027683433,172.70766027684488,-0.09533000000329624,0.0,0.07800115509204003,0.07800115509204003,3836.7801537560376,487.0101558498782,-3805.7460577862103
1144.3,51.78899999999918,224.76490230163722,172.97590230163803,-0.06581799999797479,0.0,0.051703987155849486,0.051703987155849486,3840.611891928816,469.65606849097827,-3811.787360511423
1144.4,51.75800000000043,225.34329325759052,173.58529325759008,-0.10080000000024783,0.0,0.08419815800125799,0.08419815800125799,3843.921550363385,429.4583295456677,-3819.855812531658
1144.5,51.673,225.94830537523023,174.27530537523023,-0.12362999999858733,0.0,0.10559453467276321,0.10559453467276321,3847.2263251688655,383.7554858061985,-3828.0389397426434
1144.6,51.35199999999997,226.15632378857444,174.8043237885745,-0.04975100000496342,0.0,0.036306062176308704,0.036306062176308704,3850.5440215793205,348.6953559645465,-3834.7230422612015
1144.7,51.35000000000009,225.6829644837154,174.33296448371533,0.07417878787793537,0.0,-0.08261678414741067,-0.08261678414741067,3853.8616770270887,380.55820118248687,-3835.026112188911
1144.8,51.137000000006296,225.12135153638107,173.9843515363748,0.09169603960393978,0.0,-0.0980199505281328,-0.0980199505281328,3856.120974134862,404.1217881762107,-3834.8865103786397
1144.9,50.55700000000792,224.42239757925054,173.86539757924265,0.0782820000006989,0.0,-0.08734839563155034,-0.08734839563155034,3859.4181742016194,412.43501974966335,-3837.3175523849804
1145.0,51.777,224.23973136748134,172.46273136748135,0.021564000002141315,0.0,-0.031881268275175,-0.031881268275175,3862.724560959192,506.67767564576246,-3829.3496532491768
1145.1,52.16499999998307,224.04516623256927,171.8801662325862,0.02620599999765176,0.0,-0.03395802213802393,-0.03395802213802393,3866.0404512192777,546.0547645644863,-3827.2827129126717
1145.2,51.10100000004597,224.18863895702248,173.0876389569765,-0.03846831682587391,0.0,0.025040714285154374,0.025040714285154374,3869.312372415103,465.6756690480182,-3841.1878900388706
1145.3,50.716000000011384,224.9280886541246,174.21208865411324,-0.1450795918375881,0.0,0.12905831867306958,0.12905831867306958,3871.5456062537764,390.43139122650507,-3851.8084986208564
1145.4,50.88299999999772,224.73383712142248,173.85083712142477,-0.008800000005992653,0.0,0.0,-0.00467563258943016,3874.837001855359,415.06179806110237,-3852.5427310722607
1145.5,49.915,224.3639206214468,174.4489206214468,0.05159405940889884,0.0,-0.06456260882028797,-0.06456260882028797,3878.0615400066104,375.13696651119614,-3859.874812015957
1145.6,50.933999999985005,224.51891326033083,173.58491326034584,-0.040417647057324216,0.0,0.02705131864881369,0.02705131864881369,3881.311811581776,433.661299939266,-3857.009107541645
1145.7,49.99200000004069,224.70896600078683,174.71696600074614,-0.05032448979717577,0.0,0.033170460733962716,0.033170460733962716,3884.539226245698,357.671811377034,-3868.0377293387146
1145.8,50.299999999990895,224.95033161429703,174.65033161430614,-0.05805899999821045,0.0,0.042126246568489956,0.042126246568489956,3888.517276643216,362.5409439563106,-3871.5798680523226
1145.9,50.27500000000034,225.09141063752884,174.81641063752852,-0.027248000003340836,0.0,0.0,0.0172082620229238,3891.7575404502613,351.6099246432242,-3875.8414847028835
1146.0,50.597,225.09141063752884,174.49441063752886,0.0009141414162035302,0.0,0.0,-0.01052869502432655,3895.007059023566,373.6981003256943,-3877.0387823255487
1146.1,50.124999999995815,225.62016978288088,175.49516978288506,-0.1067376237592299,0.0,0.09228588036424021,0.09228588036424021,3898.2362689806187,306.1797122038467,-3886.193509416471
1146.2,49.86200000001136,226.20537657484033,176.343376574829,-0.12138989899258729,0.0,0.10213785324726135,0.10213785324726135,3901.4709177604477,248.82334522757412,-3893.5282540390417
1146.3,49.52100000001008,226.75015983573084,177.2291598357208,-0.11329108910652233,0.0,0.09508261612290879,0.09508261612290879,3906.635113776193,188.8523511214617,-3902.0677469343127
1146.4,50.21599999999052,228.16115633081915,177.94515633082864,-0.1975359999981065,0.0,0.18326604654294607,0.18326604654294607,3909.870354345981,140.19270267548916,-3907.3561641997912
1146.5,49.548,228.9253859614893,179.37738596148927,-0.14977000000438673,0.0,0.1333832329649439,0.1333832329649439,3913.1111783972515,42.52163118465368,-3912.8801419643464
1146.6,49.545000000002695,229.29950693890657,179.7545069389039,-0.08637575757445504,0.0,0.06529642856711292,0.06529642856711292,3916.3553450302675,16.780208392869657,-3916.319396212908
1146.7,49.713999999992694,229.9037995166617,-179.81020048333096,-0.12592871287068316,0.0,0.10546895127191329,0.10546895127191329,3919.618898976182,-12.984209627108617,-3919.5973930381697
1146.8,49.90799999999427,230.6731957770085,-179.23480422298576,-0.15471499999913244,0.0,0.13428497995583855,0.13428497995583855,3924.606472768334,-52.412290282189026,-3924.256479630565
1146.9,49.19200000000977,232.2457238104507,-176.94627618955906,-0.24912199999608914,0.0,0.22392758551129563,0.22392758551129563,3927.877982473779,-209.24711565611122,-3922.3004843830977
1147.0,49.56399999999999,233.8629796824187,-175.7010203175813,-0.3094120000010211,0.0,0.2822643981305395,0.2822643981305395,3931.168418999495,-294.68419414801764,-3920.1079531383216
1147.1,49.321000000004474,234.89309782002678,-174.4279021799777,-0.2000530000042594,0.0,0.17978953185772764,0.17978953185772764,3934.4670070200764,-382.02977246922023,-3915.8758767709473
1147.2,49.60199999998786,235.443564340829,-174.15843565915884,-0.1130979999997472,0.0,0.09607453209997005,0.09607453209997005,3937.757683538911,-400.7770677178352,-3917.309448621748
1147.3,49.29200000000917,236.24325682684557,-173.0487431731636,-0.15651999999797997,0.0,0.1395726688444737,0.1395726688444737,3942.1398524,-477.09712774487014,-3913.1630360333684
1147.4,48.80500000000664,236.88331240706427,-171.92168759294236,-0.09957400000489232,0.0,0.08683730052199012,0.08683730052199012,3945.4361214580454,-554.4382430839487,-3906.28524599931
1147.5,49.098,236.45325792529718,-172.64474207470283,0.0679359999966195,0.0,-0.07505866669793544,-0.07505866669793544,3948.723877631407,-505.5202304027988,-3916.2315506657565
1147.6,49.63099999999618,235.88880271895988,-173.74219728103628,0.0958990000020057,0.0,-0.09851601830609483,-0.09851601830609483,3952.0132421675717,-430.7783257517418,-3928.4651838002037
1147.7,49.39100000001037,235.51603355935296,-173.87496644065743,0.05651010100990234,0.0,-0.06506049185032681,-0.06506049185032681,3955.311725133282,-422.02584930202715,-3932.732513850608
1147.8,49.13200000000765,235.03523701127475,-174.0967629887329,0.06886633663322791,0.0,-0.08391482796187606,-0.08391482796187606,3959.392518773326,-407.21850739232326,-3938.3958923596488
1147.9,49.52099999999469,235.15143859893118,-174.3695614010635,-0.019864999995080443,0.0,0.0,0.007822962488005885,3962.683819744254,-388.7852667826371,-3943.565527742079
1148.0,48.716,235.483818312172,-173.23218168782802,-0.06617100000277826,0.0,0.05801120362887087,0.05801120362887087,3965.9711966182153,-467.37473142402945,-3938.3357389678745
1148.1,48.67099999999682,235.483818312172,-173.18718168782482,-0.0022380000003260113,0.0,0.0,-0.008657019138160256,3969.264351354986,-470.858402759366,-3941.2373508187015
1148.2,48.47100000000864,235.75019309503912,-172.72080690496955,-0.061055999996669066,0.0,0.04649117005315669,0.04649117005315669,3972.5632908087177,-503.34122739577896,-3940.5464986832344
1148.3,48.63499999999515,235.75019309503912,-172.884806904956,-0.005091000006580651,0.0,0.0,-0.007796735364135757,3976.237673732305,-492.5151231078858,-3945.6171749826567
1148.4,48.25600000000517,235.1642168273036,-173.09178317270158,0.09911800000128379,0.0,-0.11204874455757625,-0.11204874455757625,3979.5129854949605,-478.6526765463127,-3950.622130368591
1148.5,49.042,235.1642168273036,-173.8777831726964,-0.004314141410228428,0.0,0.0,-0.009607022871158881,3982.8029170938526,-424.76443605583756,-3960.0876568926437
1148.6,48.82600000000072,235.29422001877043,-173.53177998123027,-0.03463267326961947,0.0,0.022689837291978134,0.022689837291978134,3986.0879617013024,-449.04116588824036,-3960.7144898058195
1148.7,48.870999999998055,235.0386244124044,-173.83237558759367,0.035783838382762057,0.0,-0.0446098488471824,-0.0446098488471824,3989.387718413175,-428.6101739295184,-3966.296469835555
1148.8,48.57400000000878,234.61772980215818,-173.95627019785059,0.06418217821746879,0.0,-0.07345996752694438,-0.07345996752694438,3993.307334753491,-420.445269054242,-3971.11183996698
1148.9,48.18400000000532,234.71351988532984,-173.47048011467547,-0.002152525248803383,0.0,0.0,-0.01064907335381786,3996.6072637870266,-454.4746186846968,-3970.6828684656525
1149.0,48.861,234.94693062089905,-173.91406937910097,-0.0532366336645447,0.0,0.04073785845184073,0.04073785845184073,3999.926272718494,-424.07178945402126,-3977.382720404579
1149.1,48.05800000000303,234.94693062089905,-173.11106937910398,0.006571999998280169,0.0,0.0,-0.016456453551078446,4003.233444773661,-480.16799063017885,-3974.332234996034
1149.2,48.2479999999918,234.5217905232629,-173.7262094767289,0.06349797979697389,0.0,-0.07420094486000905,-0.07420094486000905,4006.5348417092296,-437.83260691076913,-3982.5398988780667
1149.3,48.54199999999131,234.5217905232629,-174.02020947672838,0.007750000003971885,0.0,0.0,-0.018145098090057685,4010.4406354812,-417.79834949198465,-3988.61863680656
1149.4,47.80100000001011,234.6175719459378,-173.1834280540723,0.0023445544519326428,0.0,0.0,-0.009559384057749004,4013.7389235557293,-476.3953438188417,-3985.3666861223737
1149.5,48.255,233.9340355075647,-174.32096449243534,0.11285656565460664,0.0,-0.11929961406967154,-0.11929961406967154,4017.021814426376,-397.5070161522364,-3997.3056462681357
1149.6,48.34399999999392,233.33586196915616,-175.00813803083776,0.09546732673536812,0.0,-0.10440097743532442,-0.10440097743532442,4020.312422903615,-349.82445787794575,-4005.0636482362593
1149.7,47.96200000001651,233.33586196915616,-174.62613803086037,0.002271000001786913,0.0,0.0,-0.01460471058543188,4023.590178950871,-376.82585157311024,-4005.905666105494
1149.8,47.79700000000487,233.59877197407542,-174.19822802592944,-0.06008888888752998,0.0,0.04588645222275459,0.04588645222275459,4027.12382334675,-407.0901300826039,-4006.495215840932
1149.9,47.398000000005446,233.78259801412142,-173.61540198588403,-0.04397227722982559,0.0,0.024501078264903952,0.024501078264903952,4030.392029002004,-448.1868003534493,-4005.3949242779827
1150.0,47.627,233.9594163996665,-173.6675836003335,-0.04846464646222972,0.0,0.030860630058233588,0.030860630058233588,4033.661605468623,-444.8993610105732,-4009.0510730101823
1150.1,47.28200000000119,234.24606383049877,-173.0359361695024,-0.06031683168491075,0.0,0.05002941460405971,0.05002941460405971,4036.9261926687286,-489.46434266650203,-4007.143339376929
1150.2,47.35699999999676,234.02672120497863,-173.3302787950181,0.029480999997350623,0.0,-0.03828251005295057,-0.03828251005295057,4040.187485646045,-469.2510712359039,-4012.844172319038
1150.3,47.064000000008654,233.35997289828168,-173.70402710172698,0.10952899999865072,0.0,-0.1163695323395819,-0.1163695323395819,4044.0689862312347,-443.49059748531585,-4019.6778546718697
1150.4,47.057000000000095,232.66131410398086,-174.39568589601924,0.13825599999989097,0.0,-0.14110881099482095,-0.14110881099482095,4047.31353308911,-395.25187901585764,-4027.9675752494195
1150.5,46.929,231.95400555985356,-174.97499444014647,0.12485959596039063,0.0,-0.1234486292250807,-0.1234486292250807,4050.520398457193,-354.78711927003474,-4034.9524902181797
1150.6,46.60499999998946,231.23774503525345,-175.367254964736,0.12385049504879479,0.0,-0.12501104456332582,-0.12501104456332582,4053.7203970508367,-327.4132360544502,-4040.476411306264
1150.7,45.943000000028604,230.52770505844558,-175.41529494158306,0.11816363636470012,0.0,-0.12392535416080872,-0.12392535416080872,4056.8903931228806,-324.27874738012866,-4043.9093654297317
1150.8,45.613000000009755,230.0939713105367,-175.5190286894731,0.06749306930845607,0.0,-0.07570081978024978,-0.07570081978024978,4060.932669194576,-317.2725553665409,-4048.5197627457583
1150.9,45.47000000000195,230.26418636518554,-175.20581363481642,0.00045800000187860845,0.0,0.0,-0.013204322145395683,4064.1122306441457,-339.6652174666044,-4049.893302707455
1151.0,45.387,230.26418636518554,-175.12281363481446,-0.017543137255983603,0.0,0.0,0.0038894265846619496,4067.293427577908,-345.8020947308656,-4052.566685114286
1151.1,45.04200000000064,229.86174025404787,-175.18025974595275,0.05708144329622602,0.0,-0.07024009701198838,-0.07024009701198838,4070.4664664079705,-342.0053242771886,-4056.073176400772
1151.2,45.081999999998274,229.44421870327866,-175.6377812967196,0.06081881188377165,0.0,-0.07287125758954857,-0.07287125758954857,4073.6290057383526,-309.8465237156203,-4061.8282100716897
1151.3,45.25199999999498,229.08774739295225,-176.16425260704273,0.050382999997754654,0.0,-0.062215980540938284,-0.062215980540938284,4077.0525383986674,-272.7402413189416,-4067.919635591183
1151.4,45.68999999999402,228.9884372266079,-176.70156277338612,0.016150505054490977,0.0,-0.027220020908240713,-0.027220020908240713,4080.202615411866,-234.76178807157035,-4073.4432959936084
1151.5,45.363,229.15816938451024,-176.20483061548975,-0.0367712871300638,0.0,0.029623850019104295,0.029623850019104295,4083.350104083883,-270.2760261785921,-4074.3955308971863
1151.6,45.21499999998043,228.8622064265811,-176.3527935733993,0.0416149999975549,0.0,-0.051655280798041645,-0.051655280798041645,4086.4965837812492,-259.95340775979093,-4078.220022883745
1151.7,43.985000000053134,228.5705076176481,-175.414492382405,0.04000505050781424,0.0,-0.05091104640026608,-0.05091104640026608,4089.636904797135,-326.9533703126898,-4076.546517178464
1151.8,44.15399999999501,228.35240738153774,-175.80159261845728,0.030431372546640113,0.0,-0.03806567219503035,-0.03806567219503035,4092.8682480354532,-299.64082982600524,-4081.88508766207
1151.9,44.59199999999402,227.99279258812237,-176.59920741187165,0.0592938775519964,0.0,-0.06643595047265213,-0.06643595047265213,4096.001443801666,-242.97555314117832,-4088.788415680258
1152.0,44.065,227.99279258812237,-176.07220741187763,-0.01789999999702118,0.0,0.0,0.00722580244739091,4099.1272237526655,-280.78706474180234,-4089.499067218859
1152.1,44.70700000000126,228.31771250086516,-176.38928749913612,-0.06965151515192876,0.0,0.0567092228265433,0.0567092228265433,4102.255388216066,-258.3482212497797,-4094.112292881672
1152.2,44.78599999999659,228.73737368699528,-176.0486263130013,-0.08608999999873604,0.0,0.07324469440795842,0.07324469440795842,4105.373554608471,-282.90058069305695,-4095.614640603059
1152.3,44.56700000000647,229.21912603995983,-175.34787396004663,-0.10029100000062414,0.0,0.08408164738461645,0.08408164738461645,4108.3759776590705,-333.2128391680652,-4094.840946559424
1152.4,44.46000000000146,230.24431042029644,-174.21568957970499,-0.20564899999404943,0.0,0.18387452731763218,0.18387452731763218,4111.510346450478,-414.3738848455862,-4090.575951198964
1152.5,44.367,231.9837623539951,-172.3832376460049,-0.32775700000001734,0.0,0.3035916342322388,0.3035916342322388,4114.670090178071,-545.3845961098677,-4078.3655541567255
1152.6,44.106999999999,233.15135832338845,-170.95564167661053,-0.2288610000047508,0.0,0.20378393998929573,0.20378393998929573,4117.83139228296,-647.3193278897735,-4066.6341196389126
1152.7,44.04400000000272,234.02765833354252,-170.01634166646022,-0.17961199999730354,0.0,0.15294320412448947,0.15294320412448947,4120.984450880112,-714.4438972859637,-4058.581373094113
1152.8,43.665000000011204,234.978874254003,-168.6861257460082,-0.18717800000253282,0.0,0.16601849709423513,0.16601849709423513,4124.2370041129325,-809.1076450720778,-4044.091453562881
1152.9,44.045999999994805,235.00196718942982,-169.044032810565,-0.01690700000608937,0.0,0.0,0.0026551317932820132,4127.368469105397,-784.4251216312334,-4052.1411264070325
1153.0,44.372,234.66320825751146,-169.70879174248853,0.047150000003097964,0.0,-0.05912458732514424,-0.05912458732514424,4130.491235598496,-737.9173848345795,-4064.041803490078
1153.1,43.96000000000834,233.9884404207937,-169.9715595792146,0.11133899999383176,0.0,-0.11776920437284011,-0.11776920437284011,4133.6243871785655,-719.8169256264355,-4070.468544020341
1153.2,44.483999999977364,232.321167482798,-172.16283251717937,0.2882569999977868,0.0,-0.2909940229742491,-0.2909940229742491,4136.775187474313,-564.0833712434446,-4098.136027755761
1153.3,43.88600000001768,231.47066384293453,-172.41533615708317,0.14359090910101022,0.0,-0.14844088815813267,-0.14844088815813267,4139.60659729122,-546.3911057775937,-4103.388787315203
1153.4,44.465999999992086,231.40333944442577,-173.0626605555663,-0.012400000001905845,0.0,0.0,0.004284007683460023,4142.775993735324,-500.38018361635477,-4112.446061179862
1153.5,44.162,231.09064136424368,-173.07135863575633,0.045402970296048555,0.0,-0.05457611063843006,-0.05457611063843006,4145.917293155895,-500.13481150292165,-4115.640335599315
1153.6,43.98099999999938,230.92722914952887,-173.05377085047053,0.0213020000021309,0.0,-0.028520811847493718,-0.028520811847493718,4149.049982602569,-501.7770050643606,-4118.596313712114
1153.7,43.942000000001684,230.70745298983513,-173.23454701016658,0.02821999999732335,0.0,-0.03835817604044196,-0.03835817604044196,4152.16968128811,-489.14730121362544,-4123.256962635683
1153.8,43.827000000003395,230.49759316177924,-173.32940683822414,0.021480808084091016,0.0,-0.03662744967244638,-0.03662744967244638,4154.758720700537,-482.62084774765685,-4126.632664116894
1153.9,43.93499999999853,230.6456249165127,-173.28937508348582,-0.06263960395934833,0.0,0.04582281376673378,0.04582281376673378,4157.856897580739,-485.86598705241784,-4129.371407779314
1154.0,43.623000000000005,230.91992058133724,-172.70307941866275,-0.06611700000090956,0.0,0.047873624751351804,0.047873624751351804,4160.960614198146,-528.4890088040999,-4127.262119187667
1154.1,44.04499999999126,231.73637754190446,-172.3086224580868,-0.16372599999439164,0.0,0.14249862162723836,0.14249862162723836,4164.049910712272,-557.3041584311949,-4126.587419878341
1154.2,43.49600000002372,233.22895613850153,-170.2670438615222,-0.28396700000004216,0.0,0.26050410855415373,0.26050410855415373,4167.141567441049,-704.4816246468066,-4107.161365667295
1154.3,43.759999999992196,234.40241146077472,-169.3575885392175,-0.22855656565946222,0.0,0.20480658998718498,0.20480658998718498,4170.042208649082,-770.1187588077461,-4098.312960139492
1154.4,43.951999999997376,235.08618525034623,-168.86581474965112,-0.1489396039615892,0.0,0.1261972016077107,0.1261972016077107,4173.157011707775,-805.867566075402,-4094.6082731213105
1154.5,43.481,235.59270802063693,-167.8882919793631,-0.10828100000082033,0.0,0.08840490077896027,0.08840490077896027,4176.266850467302,-876.257470606848,-4083.3047463442854
1154.6,44.04999999998013,236.00816755999443,-168.04183243998568,-0.09007700000006379,0.0,0.07251136870607323,0.07251136870607323,4179.405111333733,-865.9621918902635,-4088.708422822437
1154.7,42.802000000053916,236.56042234560618,-166.24157765444772,-0.11305299999876825,0.0,0.09638664318820643,0.09638664318820643,4182.512504045829,-994.7214060444826,-4062.504174872513
1154.8,43.08999999999149,237.32390448799396,-165.76609551199755,-0.147121999999539,0.0,0.13325277164846724,0.13325277164846724,4185.251031136393,-1029.0737392709423,-4056.763911391833
1154.9,43.14399999999926,237.9023911671658,-165.24160883283344,-0.1282353535367744,0.0,0.11249009785095655,0.11249009785095655,4188.369421876334,-1066.9601904515248,-4050.189423483838
1155.0,42.63399999999999,238.65128624576025,-163.98271375423974,-0.1469277227699254,0.0,0.13070684873455182,0.13070684873455182,4191.491929267391,-1156.5472930795981,-4028.7718912819983
1155.1,43.059999999996265,238.78059871472772,-164.27940128526853,-0.032567000007836105,0.0,0.022569283473650777,0.022569283473650777,4194.616961440278,-1136.516914504468,-4037.7147938218363
1155.2,42.82500000001016,237.9138878393467,-164.9111121606635,0.1424799999997026,0.0,-0.15126958438240792,-0.15126958438240792,4197.737056597976,-1092.7433933379068,-4053.012246792772
1155.3,43.01199999999447,237.69548349707307,-165.3165165029214,0.025953000006482235,0.0,-0.038118748733274796,-0.038118748733274796,4200.780852072001,-1064.8101594546908,-4063.5869735317397
1155.4,43.614999999991774,238.06803440883738,-165.5469655911544,-0.08141400000102605,0.0,0.06730005255860068,0.06730005255860068,4203.893067214572,-1049.2342227619868,-4070.85058266203
1155.5,42.592,238.06803440883738,-164.5239655911626,-0.006155000002738602,0.0,0.0,-0.008357617548175792,4206.981440169278,-1122.5710993094365,-4054.445333818669
1155.6,42.35499999999938,238.40555688451613,-163.94944311548323,-0.07107499999415304,0.0,0.0589087850007799,0.0589087850007799,4210.067592898393,-1164.0224347721137,-4045.9511747079287
1155.7,42.31600000000169,238.78805896142632,-163.52794103857536,-0.08014100000592579,0.0,0.06675920637799902,0.06675920637799902,4213.153868855584,-1194.6302153507322,-4040.2381329847176
1155.8,41.742000000016965,238.59945891145003,-163.14254108856693,0.015683000001380353,0.0,-0.032916918415126194,-0.032916918415126194,4216.244844398788,-1222.6759957535514,-4035.069267971421
1155.9,41.94999999999717,238.89824472995502,-163.05175527004212,-0.06757777777492853,0.0,0.05140559828303125,0.05140559828303125,4219.307079348846,-1229.960736889997,-4036.0560966805583
1156.0,42.571000000000005,239.2318385112592,-163.33916148874079,-0.07239803921840099,0.0,0.058223098479366284,0.058223098479366284,4222.382606143107,-1210.5815156708957,-4045.1214155542743
1156.1,41.825000000004664,239.06656079029167,-162.758439209713,0.016524242422473412,0.0,-0.028846404110755293,-0.028846404110755293,4225.457554521237,-1252.4294430544462,-4035.580755632444
1156.2,42.11799999998735,238.7680042528937,-163.34999574709366,0.04359696969745253,0.0,-0.05210794580947775,-0.05210794580947775,4228.516254270289,-1211.5740291683148,-4051.2267382205223
1156.3,41.81500000000895,238.15622483401333,-163.65877516599562,0.10107821781828566,0.0,-0.10677565155399789,-0.10677565155399789,4231.627770203192,-1190.5990459838742,-4060.683131845814
1156.4,41.38500000000587,237.62437774344164,-163.76062225656426,0.08722178218236588,0.0,-0.09458852805280851,-0.09458852805280851,4234.671698599854,-1184.2302698867409,-4065.7155659006135
1156.5,41.194,237.62437774344164,-163.56962225655838,-0.014311999999245957,0.0,0.0,0.005190787404674486,4237.7147839981835,-1198.6377850903023,-4064.6640759933143
1156.6,41.19099999999943,237.62437774344164,-163.56662225655782,0.005583999998200022,0.0,0.0,-0.016542726172068468,4240.741767611411,-1199.7069432078322,-4067.504639208525
1156.7,41.15500000000156,237.7646443939849,-163.39035560601667,-0.0367959999958819,0.0,0.024481148827241794,0.024481148827241794,4243.7689488498145,-1213.079972147374,-4066.6954486901013
1156.8,40.783000000011,237.93582089398086,-162.84717910603013,-0.04125940594499462,0.0,0.02987593526969937,0.02987593526969937,4247.105885432782,-1252.5621771808135,-4058.2011278858317
1156.9,40.36100000000575,237.66474323190454,-162.6962567681012,0.04727040816341309,0.0,-0.057453018747807436,-0.057453018747807436,4250.13018667486,-1264.147033207179,-4057.7751147788326
1157.0,41.016000000000005,237.17996109777505,-163.83603890222497,0.0775199999983147,0.0,-0.08461044395403843,-0.08461044395403843,4253.162717676342,-1184.0253309529278,-4085.0308589646934
1157.1,40.86000000000175,236.37531983891608,-164.48468016108563,0.13473999999891328,0.0,-0.14043639264480784,-0.14043639264480784,4256.186884262122,-1138.5130672538653,-4101.087025345488
1157.2,40.969999999995245,235.82826641808904,-165.14173358190624,0.08754200000357377,0.0,-0.09547883377729555,-0.09547883377729555,4259.214809159902,-1092.1854611482834,-4116.799935510995
1157.3,40.32200000001916,235.82826641808904,-164.4937335819301,-0.018927999998259712,0.0,0.0,0.00932846642917298,4262.578794446129,-1139.5738694139616,-4107.426125326018
1157.4,39.71900000000823,235.91159721423963,-163.8074027857686,0.004276999997092863,0.0,0.0,-0.015419412152166455,4265.586016050149,-1189.531307343565,-4096.369042111817
1157.5,39.53,235.5431575146885,-163.9868424853115,0.05224200000059977,0.0,-0.06430485852225754,-0.06430485852225754,4268.578261022077,-1177.5218655659476,-4102.950478202771
1157.6,39.29900000000909,235.7820412922277,-163.51695870778138,-0.05653199999535078,0.0,0.041693084476609736,0.041693084476609736,4271.577920523147,-1211.9813633894125,-4096.032117293222
1157.7,39.86999999997533,236.52298538853097,-163.34701461144437,-0.14661000000052046,0.0,0.12931914053705976,0.12931914053705976,4274.590587220704,-1224.988543083282,-4095.3055756158833
1157.8,40.68899999997579,236.83797638218275,-163.85102361779303,-0.06950500000350916,0.0,0.05497629953352578,0.05497629953352578,4277.739584180226,-1189.7926286742756,-4108.947486986755
1157.9,40.51700000000235,236.86451940496167,-163.65248059504069,-0.01694356435560261,0.0,0.0,0.004488737087001801,4280.765701431499,-1204.8756416063266,-4107.703699004598
1158.0,40.212,236.9811106671243,-163.23088933287568,-0.03561515151509421,0.0,0.020349014037944202,0.020349014037944202,4283.801633176816,-1235.9437884201377,-4101.633745749861
1158.1,39.65300000000035,237.39976650927716,-162.25323349072318,-0.0915414141387611,0.0,0.0730692287827639,0.0730692287827639,4286.817694507879,-1306.6672593369155,-4082.820914431933
1158.2,39.674999999999045,237.89663883748355,-161.77836116251547,-0.10370000000218597,0.0,0.08672058089252338,0.08672058089252338,4289.8429818337245,-1341.4067508013243,-4074.7246210870126
1158.3,40.087999999987794,237.89663883748355,-162.19136116250422,-0.018415841586322805,0.0,0.0,0.0032296412354809916,4293.096604651816,-1312.9957710047704,-4087.3855411737877
1158.4,39.945000000001954,238.30819564830463,-161.63680435169732,-0.0807808080754843,0.0,0.06391058514771444,0.06391058514771444,4296.147197829668,-1353.455870122505,-4077.3812616740465
1158.5,40.052,239.22946941434327,-160.82253058565675,-0.18215544554483057,0.0,0.16079260529621756,0.16079260529621756,4299.191002241522,-1412.263872350931,-4060.6100562116053
1158.6,39.62400000000311,239.72101004964406,-159.90298995035903,-0.10412700000348928,0.0,0.0857900249334402,0.0857900249334402,4302.2147619715215,-1478.286974173568,-4040.26230338012
1158.7,39.818999999991576,239.50184950199545,-160.31715049799612,0.027451999997154822,0.0,-0.038250731469416745,-0.038250731469416745,4305.255057253422,-1450.0677247718113,-4053.7050585336456
1158.8,39.3150000000149,239.35609222511098,-159.95890777490388,0.012252525256441632,0.0,-0.02543944390374258,-0.02543944390374258,4308.440858177359,-1476.4768219842172,-4047.55220133792
1158.9,39.34199999999963,239.9465187830033,-159.3954812169963,-0.11636633663100587,0.0,0.09813632773229251,0.09813632773229251,4311.471267183261,-1517.2734465155336,-4035.6741414843827
1159.0,39.743,240.8781701667828,-158.8648298332172,-0.17883599999959354,0.0,0.1626038412771467,0.1626038412771467,4314.522659801644,-1555.684932977162,-4024.29499058527
1159.1,40.0049999999956,241.44636067412804,-158.55863932586755,-0.11146831683531563,0.0,0.09916795131751019,0.09916795131751019,4317.595262242125,-1578.2917658295214,-4018.7838894932347
1159.2,39.72800000001197,241.44636067412804,-158.28163932588393,-0.03231212121205892,0.0,0.0,0.018994307315619016,4320.66148891481,-1598.8369457337042,-4013.955171990398
1159.3,39.541000000005525,241.66883403755446,-157.87216596245105,-0.05501299999886826,0.0,0.03882892689776562,0.03882892689776562,4323.778900129243,-1628.656486805017,-4005.3142230280496
1159.4,39.19800000000468,242.04873811880827,-157.14926188119642,-0.08135858585837964,0.0,0.0663329849605873,0.0663329849605873,4326.84310899058,-1680.2507198778571,-3987.270847104471
1159.5,39.338,242.52613632689204,-156.81186367310795,-0.09959999999929468,0.0,0.08332170574182358,0.08332170574182358,4329.907353679076,-1704.9078827199535,-3980.123968280825
1159.6,39.63600000000473,243.1197576200059,-156.5162423799988,-0.12132376237587549,0.0,0.10360646074783672,0.10360646074783672,4332.99076105098,-1726.6495104986632,-3974.102465116857
1159.7,39.93299999998717,243.1197576200059,-156.81324237998126,-0.018330303035931098,0.0,0.0,0.006631809471910862,4336.077023646097,-1707.2412894646218,-3985.8363155727766
1159.8,39.92600000000021,242.44778526538437,-157.47821473461585,0.11019504950414401,0.0,-0.11728130070524696,-0.11728130070524696,4339.179954619543,-1662.0564332748233,-4008.247882951083
1159.9,39.63000000000404,242.22371571088547,-157.40628428911856,0.028343000004939403,0.0,-0.03804816210898273,-0.03804816210898273,4342.256208363987,-1668.2690476079702,-4008.998299309789
1160.0,40.186,242.22371571088547,-157.96228428911456,-0.006135353538766097,0.0,0.0,-0.007594523201356231,4345.3659331330355,-1630.4544886190727,-4027.880739715993
1160.1,39.148999999998985,242.08738118317913,-157.06161881681987,0.00908316831936428,0.0,-0.023794863926271483,-0.023794863926271483,4348.448617802802,-1694.768472021128,-4004.5930140170635
1160.2,39.085000000002765,242.2801002044587,-156.8048997955441,-0.05010199999975712,0.0,0.03363581452550077,0.03363581452550077,4351.542070883596,-1713.9127459512918,-3999.8026818751446
1160.3,39.20399999999648,242.56684444191407,-156.63715555808244,-0.06685999999937846,0.0,0.050046310547161715,0.050046310547161715,4354.649780310976,-1726.8479336618275,-3997.6206577375883
1160.4,39.08100000000168,242.55469159399837,-156.5263084060033,-0.010255000003482118,0.0,0.0,-0.003740257848167604,4357.753944852772,-1735.8151605268154,-3997.119609464441
1160.5,38.841,242.00417053314865,-156.83682946685133,0.087418999998684,0.0,-0.09608405113399142,-0.09608405113399142,4360.8503476256365,-1715.3448983974688,-4009.3151078368
1160.6,38.95199999999635,241.38181130630463,-157.57018869369176,0.10217575757635487,0.0,-0.1086221763859354,-0.1086221763859354,4363.963798685157,-1665.076370761569,-4033.8196186450955
1160.7,38.72300000000989,240.8980940190028,-157.82490598100708,0.07776831683227235,0.0,-0.0844245931223189,-0.0844245931223189,4367.084509674189,-1648.3048798271618,-4044.0719748508695
1160.8,38.59200000000387,240.23118734539517,-158.3608126546087,0.11318099999749048,0.0,-0.11639717257975822,-0.11639717257975822,4370.395109736902,-1611.628585407874,-4062.389286849359
1160.9,38.963999999994925,239.54510843067092,-159.418891569324,0.12197900000205456,0.0,-0.12650396030795252,-0.12650396030795252,4373.517853240958,-1537.4358150053777,-4094.3802372711
1161.0,38.855,239.19195019686836,-159.66304980313163,0.053616161617486904,0.0,-0.06163773960382027,-0.06163773960382027,4376.626279121837,-1521.0545632112883,-4103.809279539434
1161.1,38.2800000000025,238.73510484968486,-159.54489515031764,0.07264999999782028,0.0,-0.07973455480768,-0.07973455480768,4379.741859677352,-1530.6029603791903,-4103.5829874742985
1161.2,38.43699999999321,238.1590195095234,-160.27798049046982,0.0953588235305491,0.0,-0.10054585958288446,-0.10054585958288446,4382.874123002108,-1479.0317844916176,-4125.778782065882
1161.3,37.89400000001605,237.90426997598797,-159.98973002402806,0.036057575759478495,0.0,-0.04446218128112425,-0.04446218128112425,4386.253019986927,-1500.9256614429037,-4121.460628729409
1161.4,37.980999999998815,237.82392372453742,-160.1570762754614,0.0139414141406245,0.0,-0.02558136551424284,-0.02558136551424284,4389.394741103288,-1489.9479832397494,-4128.7820480699875
1161.5,37.459,237.5935029277776,-159.8654970722224,0.030290196078405978,0.0,-0.04021601568526974,-0.04021601568526974,4392.507210065004,-1512.011431817069,-4124.068503374737
1161.6,37.680000000000796,237.42998982942981,-160.250010170571,0.01901818181878727,0.0,-0.028538419363063713,-0.028538419363063713,4395.641083047275,-1485.3598739324634,-4137.072222705854
1161.7,37.72999999999784,237.54825050009973,-160.1817494998981,-0.03304646464445535,0.0,0.020640380788068513,0.020640380788068513,4398.758951987408,-1491.344691459253,-4138.232875146789
1161.8,37.38700000001014,237.81441452165262,-159.5725854783575,-0.05765742574339364,0.0,0.04645438526447885,0.04645438526447885,4402.094619248972,-1536.4211424738453,-4125.269337846938
1161.9,37.19800000000258,237.0511380089697,-160.1468619910329,0.13857299999088704,0.0,-0.1440527112161241,-0.1440527112161241,4405.2093195822135,-1496.0548044674279,-4143.391023227703
1162.0,37.112,235.39162480652288,-161.72037519347714,0.2844747474768624,0.0,-0.28963969363012015,-0.28963969363012015,4408.28904229936,-1382.6810484432492,-4185.833895262984
1162.1,37.00300000000312,235.39162480652288,-161.61137519348023,0.004600000011335481,0.0,0.0,-0.013345355747510688,4411.366983139776,-1391.612678366849,-4186.116674597636
1162.2,37.19899999999153,235.99856949696925,-161.2004305030223,-0.1142851485207532,0.0,0.10593183225786625,0.10593183225786625,4414.443721897098,-1422.5923758476604,-4178.940572199707
1162.3,36.59900000001773,235.80731685928808,-160.79168314072967,0.022524999999158322,0.0,-0.033379882306597525,-0.033379882306597525,4417.740082162822,-1453.452946273727,-4171.798409141577
1162.4,36.84999999999658,236.1884421311393,-160.66155786885724,-0.0698759999944881,0.0,0.053996436960560744,0.053996436960560744,4420.8339898316435,-1463.948361243464,-4171.406041284323
1162.5,36.617,236.87348216800052,-159.7435178319995,-0.1366757575781265,0.0,0.11956204151211251,0.11956204151211251,4423.917264181037,-1531.662779806427,-4150.3075897184635
1162.6,36.8249999999917,237.1229656947423,-159.7020343052494,-0.05920000000142768,0.0,0.04354308971131783,0.04354308971131783,4427.015938387863,-1535.742238284948,-4152.103791608262
1162.7,36.30300000002255,237.37002214281426,-158.9329778572083,-0.055537623761069674,0.0,0.04311948457138767,0.04311948457138767,4430.085895541049,-1592.4376411935589,-4133.981543352804
1162.8,36.43999999999595,236.70319791621463,-159.7368020837813,0.10757499998996457,0.0,-0.11638278286228045,-0.11638278286228045,4433.178279439667,-1535.356631453851,-4158.8158977702205
1162.9,36.28200000000215,235.08604919508545,-161.19595080491672,0.2786910000013408,0.0,-0.2829677167353119,-0.2829677167353119,4436.2281966194305,-1429.9409502655533,-4199.45109404014
1163.0,35.864000000000004,234.00617739289558,-161.85782260710442,0.18661600000326153,0.0,-0.1884731844765762,-0.1884731844765762,4439.268808747386,-1382.281998522641,-4218.578437445212
1163.1,35.531000000008845,233.0503843110036,-162.48061568900528,0.1652659999977935,0.0,-0.16681736246798473,-0.16681736246798473,4442.287881529165,-1337.255008133555,-4236.2330749856765
1163.2,36.08699999997599,232.02144593162961,-164.0655540683464,0.17781600000177453,0.0,-0.17958362520209836,-0.17958362520209836,4445.3079606657,-1220.403125862911,-4274.50337180144
1163.3,35.812000000008126,231.43749975787475,-164.37450024213337,0.0982393939416807,0.0,-0.10191783386445166,-0.10191783386445166,4448.699733368774,-1198.2503956148444,-4284.288191413397
1163.4,35.71200000000137,230.81662926993283,-164.89537073006852,0.12360693068961803,0.0,-0.13089993707120673,-0.13089993707120673,4451.69619936551,-1160.0341877342403,-4297.897129380029
1163.5,35.775,230.080389402557,-165.694610597443,0.120653000003725,0.0,-0.12849809770154857,-0.12849809770154857,4454.695458595738,-1100.7114135336583,-4316.566461083418
1163.6,35.42299999999903,229.49410782486612,-165.9288921751329,0.0893739999978124,0.0,-0.10232543874491923,-0.10232543874491923,4457.692066762608,-1083.7804388707127,-4323.937849044491
1163.7,35.36200000000263,229.08314340463446,-166.2788565953682,0.04948888889331489,0.0,-0.07172682241591667,-0.07172682241591667,4460.668673997279,-1058.0556794179515,-4333.368574034762
1163.8,35.13100000000683,229.52931206145652,-165.6016879385503,-0.09390495049221262,0.0,0.07787112080745774,0.07787112080745774,4464.091308679947,-1110.0469825642167,-4323.876375283169
1163.9,35.103000000000385,229.684131468649,-165.41886853135134,-0.014527272734130514,0.0,0.0,0.008479098939211577,4467.053463598667,-1124.5836601042238,-4323.179181814632
1164.0,35.05,228.79320467923938,-166.2567953207606,0.147259405939396,0.0,-0.15549605869420297,-0.15549605869420297,4470.030286839153,-1061.9481741340262,-4342.054449303086
1164.1,35.28999999999158,228.4398530256248,-166.8501469743668,0.052632000005745375,0.0,-0.061671497729408414,-0.061671497729408414,4473.0018524582565,-1017.6020057874656,-4355.712539862143
1164.2,34.761000000022854,228.43985302562479,-166.32114697439806,-0.024033333335739974,0.0,0.0,0.01696915446985343,4475.961753290442,-1058.4734050602608,-4349.007664709156
1164.3,34.93899999999474,228.08246556356627,-166.85653443642843,0.05390396039449877,0.0,-0.06237587918266984,-0.06237587918266984,4479.417322299541,-1018.5752292957882,-4362.073365910095
1164.4,34.410000000007216,227.82775329694425,-166.582246703063,0.06925151515226959,0.0,-0.07651654432091046,-0.07651654432091046,4482.365736529088,-1040.1298779428812,-4360.01518724654
1164.5,34.353,227.42401685187997,-166.92898314812004,0.062416831682754165,0.0,-0.07046530276668829,-0.07046530276668829,4485.331733642069,-1014.3963067954779,-4369.119006570576
1164.6,34.43400000000014,227.42401685187994,-167.00998314812023,0.006318000003113666,0.0,0.0,-0.019548719504445023,4488.293210781011,-1008.8842833069086,-4373.434399741149
1164.7,34.442999999999614,227.79404671746886,-166.64895328253078,-0.08103899999898138,0.0,0.06458239485238783,0.06458239485238783,4491.280476409705,-1037.1115910592853,-4369.897008565473
1164.8,34.19700000000727,228.25894475274288,-165.9380552472644,-0.09832500000019423,0.0,0.08114001401584117,0.08114001401584117,4494.635399395161,-1092.0650662125493,-4359.947392418202
1164.9,34.219999999999686,228.86426712037513,-165.35573287962455,-0.10168019801944042,0.0,0.08147755640317944,0.08147755640317944,4497.617497216384,-1137.0739011038952,-4351.5084849618925
1165.0,34.122,229.72668500198805,-164.39531499801194,-0.16985757575446375,0.0,0.15052031562219745,0.15052031562219745,4500.600957695308,-1210.6552500105727,-4334.711391318892
1165.1,34.07099999999527,230.51626936927988,-163.55473063071543,-0.15447700000384362,0.0,0.1378084693151955,0.1378084693151955,4503.586895734176,-1274.9623975219222,-4319.347845720897
1165.2,33.77400000001283,230.94799731666012,-162.82600268335273,-0.09203099999896155,0.0,0.07535074154661643,0.07535074154661643,4506.577689832302,-1330.6773988051373,-4305.64050227181
1165.3,33.70500000000204,231.47638867738743,-162.2286113226146,-0.10622323232361346,0.0,0.09222168983785015,0.09222168983785015,4509.626949622902,-1376.4274800008795,-4294.4362397250225
1165.4,33.564000000001926,231.6784133633746,-161.8855866366273,-0.0449891089135757,0.0,0.03142759762163155,0.03142759762163155,4512.621855534374,-1403.0442256076467,-4288.965249571922
1165.5,33.718,231.8162034143136,-161.90179658568638,-0.038803999997531535,0.0,0.024048900653764742,0.024048900653764742,4515.621549659052,-1402.7625932206654,-4292.213308632978
1165.6,33.47599999999258,231.8162034143136,-161.65979658567898,-0.018158000003444405,0.0,0.0,0.006748936545186865,4518.61064584516,-1421.8195792798572,-4289.087461537905
1165.7,33.01000000002013,231.1260652751936,-161.88393472482653,0.11284399999713501,0.0,-0.1204518282123064,-0.1204518282123064,4521.593072186711,-1405.9574178985176,-4297.451296932054
1165.8,33.33799999999031,230.24852603471496,-163.08947396527537,0.14862300000122497,0.0,-0.15315949061802567,-0.15315949061802567,4524.555929770789,-1316.0936381531335,-4328.914863708555
1165.9,33.61499999999622,229.49388414814385,-164.12111585185238,0.12920399999976206,0.0,-0.13030560188193718,-0.13030560188193718,4527.55055606001,-1238.7593781068836,-4354.789230356799
1166.0,33.88,228.8650041317352,-165.0149958682648,0.1062190000014102,0.0,-0.10976026886326552,-0.10976026886326552,4530.547765990201,-1171.4466425753092,-4376.47984383772
1166.1,34.13800000000255,228.48272867729835,-165.6552713227042,0.058874000000883546,0.0,-0.06671965329479725,-0.06671965329479725,4533.56011283258,-1123.214052708999,-4392.215555783161
1166.2,34.29799999999309,228.48272867729835,-165.81527132269474,0.0064800000016852904,0.0,0.0,-0.01789659072185345,4536.56644061649,-1111.6810070373117,-4398.249698314123
1166.3,34.04800000000739,228.71737887898178,-165.33062112102562,-0.054630303028899437,0.0,0.04095418609844894,0.04095418609844894,4538.904352688084,-1149.4365064663457,-4390.950744480434
1166.4,34.4439999999946,228.45741699323034,-165.98658300676425,-0.024550000002853768,0.0,0.0,0.011084511414671986,4541.895808837147,-1099.8159996695624,-4406.724668640337
1166.5,34.075,228.45741699323034,-165.61758300676968,-0.018787128710317333,0.0,0.0,0.004873843909224983,4544.884068552341,-1128.9157311066558,-4402.444828574324
1166.6,34.54999999999146,228.76743151220126,-165.78256848779017,-0.06639797979820768,0.0,0.05410774085028932,0.05410774085028932,4547.900443232,-1116.9748815194228,-4408.601315111687
1166.7,34.01400000002316,228.63382374042934,-165.38017625959384,0.012076470584582666,0.0,-0.02331895523672804,-0.02331895523672804,4550.915217182535,-1148.669934443952,-4403.565225551688
1166.8,33.98700000000079,228.6338237404293,-165.35317625957146,-0.0011285714237257854,0.0,0.0,-0.013114253252616491,4553.804239913845,-1151.4754566684328,-4405.81857639957
1166.9,33.97400000000018,228.8305048562155,-165.14349514378466,-0.05668019802169526,0.0,0.0429139130957325,0.0429139130957325,4556.810826146708,-1168.3622434990054,-4404.4811922919835
1167.0,33.511,228.6582140560592,-164.85278594394083,0.018163999998175917,0.0,-0.030070417336227062,-0.030070417336227062,4559.7953459591035,-1191.4745643840029,-4401.377279835967
1167.1,33.774999999996446,228.49134769439206,-165.2836523056044,0.01821500000180725,0.0,-0.029123674219148948,-0.029123674219148948,4562.784802684264,-1159.1020919475875,-4413.104065853105
1167.2,33.552000000009635,228.49134769439206,-165.06065230561757,-0.0064920000007236845,0.0,0.0,-0.004010729023410742,4565.770333871232,-1177.0391012735663,-4411.443946796982
1167.3,33.62199999999793,228.88038219878774,-164.74161780121017,-0.07940799999535911,0.0,0.06789933005569075,0.06789933005569075,4569.050949363147,-1202.447908064716,-4407.986570563376
