run,outage_id,dur,step,ukf_pN_before,ukf_pE_before,map_pN,map_pE,edge_id,confidence,cross_track_m,hdg_residual_deg,pos_nis,accepted,ukf_pN_after,ukf_pE_after,cov_trace_before,cov_trace_after,gnss_health
vw11,1,180,0,1.3322676295501878e-14,3.019806626980426e-14,-2.077591175984145,-0.24431043076219439,704651284,0.9733069221675322,2.0919064704490165,50.786522410117875,0.13848324590134628,True,-1.643818018895523,-0.19338332571944514,50.0045000020025,30.222072372716717,PURE_DR
vw11,1,180,5,-1.6438180181139614,-0.19338332565166638,-2.0775817072778646,-0.24439095168205682,704651284,0.9998767961132492,0.4367524653053894,50.7645359824602,0.016620950723466615,True,-1.8413013319208877,-0.21661674137385087,30.23212238272884,27.85323013425714,PURE_DR
vw11,1,180,10,-1.8385330199671444,-0.21377173083237722,-2.0778726939933336,-0.24191643010513886,704651284,0.999947110963795,0.24098880401403866,50.93823704269026,0.006380375179716628,True,-1.9135124706272615,-0.22260049895978304,27.863815328191787,26.970472067428616,PURE_DR
vw11,1,180,15,-1.86707612927421,-0.17434838073859282,-2.0828346917375375,-0.1997201035035765,704651284,0.9999505841988101,0.21724521074653136,50.35863125874231,0.005742548298182738,True,-1.9187269948969121,-0.18053206769657515,26.98836157297227,26.517133511237887,PURE_DR
vw11,1,180,20,-1.748147776426282,-0.0007251585326828443,-2.1013509842417997,-0.04225942612367106,704651284,0.9999457486928625,0.35563689543619004,50.02522946771854,0.01628164115956708,True,-1.8170598279668397,-0.009545449720246022,26.55386061640687,26.25741209891048,PURE_DR
vw11,1,180,25,-1.4333683137715982,0.39844019490600663,-2.1433564118169697,0.3149504785101165,704651284,0.9999288845257862,0.71488015227026,49.957161049608914,0.06803342062853814,True,-1.552128613745709,0.38088271083683384,26.32818776630589,26.116346674624335,PURE_DR
vw11,1,180,30,-0.9472122894317384,1.005284199107999,-2.2071128249493985,0.8571285628558059,704651284,0.999890647619955,1.2685816694052372,51.58412730324163,0.21833321054275195,True,-1.1371357781980276,0.9706335349687453,26.241116236469498,26.070406521635935,PURE_DR
vw11,1,180,35,-0.37397451997941933,1.723257696787509,-2.282571305467101,1.4988198438528393,704651284,0.9998146702602302,1.921747652373702,52.200263486567295,0.504916526529816,True,-0.6474910959027136,1.6600648575869665,26.26946945216414,26.113394837667688,PURE_DR
vw11,1,180,40,0.2153262431289376,2.5097225164551453,-2.36575494830407,2.2062051233315607,704651284,0.9996774595040787,2.5988656996270065,51.86991554103425,0.9218907708136396,True,-0.1550568480800898,2.4023871885434342,26.405387557294357,26.24408373304604,PURE_DR
vw11,1,180,45,0.7645652670348261,3.3172099914611937,-2.451923415642442,2.938973048269297,704651284,0.9994521389946018,3.238651359900614,51.68634683749728,1.4178877109911192,True,0.2816576540470395,3.147793667458015,26.646261165655638,26.461548616495282,PURE_DR
vw11,1,180,50,1.17045940827374,4.033698532964712,-2.529492146167327,3.598609681744179,704651284,0.9990906912205213,3.725445451710073,51.67450512096673,1.846357529188842,True,0.5730946604349475,3.7855340365955272,26.976757300127563,26.750132579506687,PURE_DR
vw11,1,180,55,1.5327669463151408,4.742256636765255,-2.6067355324218324,4.255479620472592,704651284,0.9984501799194567,4.168025028123072,51.88654565135705,2.260486497992209,True,0.8001310007509722,4.397643297913434,27.406470077585283,27.11648215568018,PURE_DR
vw11,1,180,60,1.925457695335582,5.488455261874532,-2.6879304000511226,4.945952556873705,704651284,0.9974136435340906,4.6451758743441545,53.536010154578065,2.7291327250295025,True,1.0190556022246962,5.026854080775151,27.94466768999721,27.56555809400754,PURE_DR
vw11,1,180,65,2.198323486200296,6.108612029918126,-2.7561401292108734,5.526001189985433,704651284,0.9959234807708116,4.988601518185251,54.96765606520771,3.0458541103030976,True,1.1171714684580045,5.530407353535206,28.57161670195351,28.078090000141216,PURE_DR
vw11,1,180,70,2.366543800738549,6.628062494256273,-2.814096329576564,6.018854852015586,704651284,0.9941566618401483,5.216336464531007,55.95504268735107,3.2112376952888693,True,1.1139967337419017,5.947984744804971,29.297480237311255,28.664895516684425,PURE_DR
vw11,1,180,75,2.3401171302056096,6.992114249803884,-2.8566828510393454,6.38100632025578,704651284,0.9916725550684538,5.232607662210509,55.33075141314973,3.105141352726762,True,0.955196914573198,6.2580545060983015,30.123989829151544,29.3327705473501,PURE_DR
vw11,1,180,80,2.305550659255321,7.4858415957452005,-2.9144213643280863,6.872008793416164,704651284,0.9883497517759373,5.255939367630545,51.91087210951124,2.9954862293835998,True,0.7752479173182945,6.718528690240099,31.124904872857833,30.14656768399427,PURE_DR
vw11,1,180,85,2.31959629500536,8.166812035997417,-2.993215009011772,7.542061972921124,704651284,0.9828820392236413,5.349418341596219,52.803644387908854,2.937200981740692,True,0.6031473499836415,7.375133864016011,32.37040845668039,31.15396078045071,PURE_DR
vw11,1,180,90,2.301729684868299,8.814822065861035,-3.0686208699914066,8.183305782692173,704651284,0.9749662026816948,5.407354057021729,57.29555618632449,2.81196267421944,True,0.3925582577753526,8.026743023928473,33.84020630146364,32.32311499955095,PURE_DR
vw11,1,180,95,2.339448099595074,9.397984249849587,-3.13574692705886,8.754138978011936,704651284,0.960110440805816,5.512920942110785,61.23441601382403,2.694672781768972,True,0.21381738863331323,8.646500596408579,35.55552537555238,33.66919853276741,PURE_DR
vw11,1,180,100,2.4325507242618265,10.06894949667024,-3.212301776913587,9.405153672884978,704651284,0.9441969457216675,5.683747413080658,61.36993105003746,2.619332201039362,True,0.041639061738900196,9.397710560522565,37.65434351828331,35.29991887335217,PURE_DR
vw11,1,180,105,2.3374061647038213,10.893067141401088,-3.309188255411727,10.229066479930944,704651284,0.9226789827051337,5.6855013344218674,60.09668267404567,2.384085730097641,True,-0.21990100205518992,10.317273799925244,40.07511396075114,37.19293660005552,PURE_DR
vw11,1,180,110,2.2890569020954894,11.847392519735008,-3.4205391595453265,11.17598329860323,704651284,0.8908323022184033,5.748937078219339,61.55547098019305,2.1921745529356276,True,-0.4145353761050874,11.32760411153912,42.7671509700514,39.30958360348816,PURE_DR
vw11,1,180,115,2.4364712909009705,12.758492276576941,-3.5242062334368853,12.057557602595246,704651284,0.8361981794457084,6.001748575734933,67.38565130214705,2.078593113935842,True,-0.4408107303116733,12.343243653717824,45.92133427320063,41.85551533455444,PURE_DR
vw11,1,180,120,2.8257573905668707,13.419165558014939,-3.595527522197491,12.66406662362458,704651284,0.771138385608422,6.46552970232236,78.76877019188228,2.068373812213929,True,-0.27367556543865845,13.205299667151923,49.55613661599091,44.88956077218038,PURE_DR
vw11,1,180,125,3.218809433211975,13.935793326057818,-3.6500897205463554,13.128058036018354,704651284,0.6983036608319463,6.916228154368322,78.37122444285276,2.004724650899005,True,-0.015128396727743354,14.027695140810087,54.03258628673458,48.811520228223145,PURE_DR
vw11,1,180,130,3.629675460143913,14.587566721776247,-3.7200843785055935,13.723285522984195,704651284,0.6539157591658443,7.400402129371797,83.76060256770553,2.015451109147593,True,0.13759795226950056,15.002185176997562,59.67551405533433,53.539660038194356,PURE_DR
vw11,1,180,135,3.9855835648240827,15.036265933533606,-3.7672742235120924,14.124583188727254,704651284,0.5918624518653721,7.806277558051759,271.3321321213575,1.9465533239956303,True,0.5220037119704624,15.74338652832774,65.65387116887183,59.23411128938159,PURE_DR
vw11,1,180,140,4.478864543214993,15.430950961540244,-3.806325304431409,14.45666962841585,704651284,0.5526547708712968,8.342277562369743,271.79499791339515,1.9955335271813783,True,0.892545934850999,16.41075794319199,72.50062878922952,65.57430923923226,PURE_DR
vw11,1,180,145,5.269472448570894,15.630699902191546,-4.481155543602121,20.195357681210673,704651284,0.5114393989853102,10.766189989095855,-78.41732148037828,2.0663623241736855,True,1.6947299629141916,16.35516532933492,80.40331844356314,73.96512808447156,PURE_DR
vw11,1,180,150,6.031309827606287,15.086527083027319,-3.7452012240029466,13.936876634960274,704651284,0.5209406412588716,9.843874465624713,-75.11687343612594,2.5265259682559114,True,1.8412011215209354,17.043607749835505,90.5551567704245,82.09010397701489,PURE_DR
vw11,1,180,155,6.363589389372544,15.234193620944758,-3.757796810511498,14.043988227800854,704651284,0.5193002074098529,10.191125918419024,-69.20621513854286,2.7620151225233016,True,2.1726912909812235,17.394982681997746,100.61456706557797,92.56514110256764,PURE_DR
vw11,1,180,160,6.751648422857127,15.040956984079013,-3.730090502564775,13.808376589240758,704651284,0.5020733783469639,10.553961594133472,-63.92737384547567,2.9507911120333232,True,2.8509606511794154,17.20035957272015,113.73203882224703,106.99540993961212,PURE_DR
vw11,1,180,165,7.519946833793067,14.497211676249856,-3.6565426847837195,13.182933390773623,704651284,0.5023052761426203,11.25349925003468,-63.15930559313336,3.4400323051137964,True,3.556724186906017,16.67856634591421,130.2782346951473,124.32903418524457,PURE_DR
vw11,1,180,170,7.980062035440058,14.077984083547078,-3.6016410528691916,12.716055469692288,704651284,0.5101998627729756,11.661504876086468,-63.376871090990115,3.8262425575229218,True,3.929647525079191,16.12625986916145,148.92972952967082,143.54552006308302,PURE_DR
vw11,1,180,175,8.291873582027122,13.656277687590862,-3.54847469909149,12.26393417825506,704651284,0.5027929157823052,11.921932220331485,-63.18992498375899,3.9472760952882906,True,4.327491175886113,15.376995810454465,169.6160889039271,164.8844212248494,PURE_DR
vw11,1,180,180,8.689112643037456,12.465981205419995,-3.4049950001875597,11.043797340684725,704651284,0.5413150315905644,12.177440068874372,-55.08260339984175,4.603983625903055,True,4.400791686688314,13.713252644985493,192.06403194037514,187.7318308968263,PURE_DR
vw11,1,180,185,8.701734948934892,9.858529102434193,-3.1023865390389536,8.470445614771874,704651284,0.6750933471875749,11.885455812528464,-46.25671177464554,6.035378553281757,True,3.787766276415798,9.504054008678894,215.84488490682347,211.82314202983468,PURE_DR
vw11,1,180,190,7.538336030563457,5.308755855543898,-2.5905301708299135,4.117670865676647,704651284,0.8711367750518927,10.198657459627517,-41.13146667431355,6.417954602110869,True,2.938396708838675,1.4775705370393286,239.1634714833713,233.5795393850533,PURE_DR
vw11,1,180,195,6.537792450972093,-2.8128511870776376,-1.6621583663963078,-3.777108996591757,704651284,0.9364026165984162,8.256451206812141,-41.3460541044631,4.893907518300593,True,3.1649347682679725,-8.650484642277812,261.45469490227725,252.16679292720428,PURE_DR
vw11,1,180,200,6.987691583856301,-13.586771788292806,-0.40636345770276794,-14.456261798244924,704651284,0.9870343660097587,7.4450025409674385,-41.37906230007824,4.26140440930727,True,4.019630443671499,-20.652939415855034,280.81440356330904,267.0301891985822,PURE_DR
vw11,1,180,205,7.901665891528046,-26.25735013750001,1.0757530455429958,-27.060030533443665,704651284,0.9993617119379532,6.872945656631951,-35.06047016009328,3.6243264231067314,True,5.166115032111692,-33.587497190910426,296.1354447839113,279.245604525924,PURE_DR
vw11,1,180,210,8.203030481714576,-39.07837471126298,2.5669639766078998,-39.74113736234852,704651284,0.9999958479916821,5.674900878575706,-23.159730139696258,2.3831381586927587,True,6.085119286498609,-47.185461685752806,306.6184477974254,277.15712312069047,PURE_DR
vw11,1,180,215,8.889658653519913,-52.86546175965066,2.668678239447388,-40.6061051588022,704651284,0.9999999998833484,13.74745145759899,-24.874936222729723,1.5012745768600513,True,6.9970439216684746,-60.48816324060193,304.89740644770677,263.8072758734992,PURE_DR
vw11,1,180,220,9.53294441462949,-65.04634892825106,2.668678239447388,-40.6061051588022,704651284,0.9999999997725131,25.38589501344857,-22.34840474561752,0.8706172311479569,True,7.6414565764162505,-71.1373305254651,295.1757918319838,248.45286744640416,PURE_DR
vw11,1,180,225,10.526421306932088,-76.10433297852259,2.668678239447388,-40.6061051588022,704651284,0.9999999987534913,36.35750685147944,-28.991949742559445,0.5832490455977045,True,8.403012314815488,-80.83796264362843,286.1917405895083,240.04316005203245,PURE_DR
vw11,1,180,230,11.449974859507487,-84.71784682640481,2.668678239447388,-40.6061051588022,704651284,0.9999999787438087,44.97729341877729,-32.09755385806898,0.4059784249911723,True,9.017740819646956,-88.51121474463069,291.72032618409065,241.70436144871553,PURE_DR
vw11,1,180,235,12.081937160227046,-91.01234102337246,2.668678239447388,-40.6061051588022,704651284,0.9999986626229549,51.27765651377144,-36.590686020088924,0.25461080731881325,True,9.439628515658676,-94.24977263126856,319.4873059218508,250.90122125067154,PURE_DR
vw11,1,180,240,12.167176703413515,-93.87507214725028,2.668678239447388,-40.6061051588022,704651284,0.999928676614009,54.10918884151136,-50.036843218593724,0.14383637595333087,True,9.557669874424551,-96.79279703161801,385.03868751798416,278.5103890271331,PURE_DR
vw11,1,180,245,41302.804040208495,-41815.37081646694,41302.804040208495,-41815.37081646694,0,0.0,0.0,2.5444437451708134e-14,0.0,False,41302.804040208495,-41815.37081646694,767387598302.7776,767387598302.7776,PURE_DR
vw11,1,180,250,331051.67074682383,-171089.326797009,331051.67074682383,-171089.326797009,0,0.0,0.0,0.0,0.0,False,331051.67074682383,-171089.326797009,3300659612394.684,3300659612394.684,PURE_DR
vw11,1,180,255,-32173.58922506301,45976.37297460629,-32173.58922506301,45976.37297460629,0,0.0,0.0,0.0,0.0,False,-32173.58922506301,45976.37297460629,4190300217798.3975,4190300217798.3975,PURE_DR
vw11,1,180,260,261075.934464255,35908.11751593088,261075.934464255,35908.11751593088,0,0.0,0.0,0.0,0.0,False,261075.934464255,35908.11751593088,5124737461257.252,5124737461257.252,PURE_DR
vw11,1,180,265,149768.44214842425,42551.240208096875,149768.44214842425,42551.240208096875,0,0.0,0.0,0.0,0.0,False,149768.44214842425,42551.240208096875,5787237574581.275,5787237574581.275,PURE_DR
vw11,1,180,270,461064.3739020014,82565.18159213525,461064.3739020014,82565.18159213525,0,0.0,0.0,3.1805546814635168e-15,0.0,False,461064.3739020014,82565.18159213525,6623284373549.799,6623284373549.799,PURE_DR
vw11,1,180,275,140586.52120845675,-41542.91445343908,140586.52120845675,-41542.91445343908,0,0.0,0.0,2.5444437451708134e-14,0.0,False,140586.52120845675,-41542.91445343908,7203229772045.389,7203229772045.389,PURE_DR
vw11,1,180,280,-129291.51133858498,-137718.33305733092,-129291.51133858498,-137718.33305733092,0,0.0,0.0,0.0,0.0,False,-129291.51133858498,-137718.33305733092,7715919517924.978,7715919517924.978,PURE_DR
vw11,1,180,285,-429254.9978913347,-307309.7058434945,-429254.9978913347,-307309.7058434945,0,0.0,0.0,0.0,0.0,False,-429254.9978913347,-307309.7058434945,8511839152733.006,8511839152733.006,PURE_DR
vw11,1,180,290,-399319.970883542,-293941.4300271251,-399319.970883542,-293941.4300271251,0,0.0,0.0,0.0,0.0,False,-399319.970883542,-293941.4300271251,9018227585990.033,9018227585990.033,PURE_DR
vw11,1,180,295,-606805.6437442855,-409232.94538749184,-606805.6437442855,-409232.94538749184,0,0.0,0.0,0.0,0.0,False,-606805.6437442855,-409232.94538749184,9573628950062.209,9573628950062.209,PURE_DR
vw11,1,180,300,-216000.49522114987,-246234.81576920373,-216000.49522114987,-246234.81576920373,0,0.0,0.0,0.0,0.0,False,-216000.49522114987,-246234.81576920373,10073678232145.271,10073678232145.271,PURE_DR
vw11,1,180,305,-291030.75052963133,-304341.01294034265,-291030.75052963133,-304341.01294034265,0,0.0,0.0,0.0,0.0,False,-291030.75052963133,-304341.01294034265,10517767279542.498,10517767279542.498,PURE_DR
vw11,1,180,310,300080.16288306203,149074.04049015808,300080.16288306203,149074.04049015808,0,0.0,0.0,0.0,0.0,False,300080.16288306203,149074.04049015808,11412622712448.758,11412622712448.758,PURE_DR
vw11,1,180,315,24723.29965491346,-94972.51422870146,24723.29965491346,-94972.51422870146,0,0.0,0.0,0.0,0.0,False,24723.29965491346,-94972.51422870146,11969491567455.654,11969491567455.654,PURE_DR
vw11,1,180,320,-115507.5881552544,-233762.12595450104,-115507.5881552544,-233762.12595450104,0,0.0,0.0,0.0,0.0,False,-115507.5881552544,-233762.12595450104,12401479637648.29,12401479637648.29,PURE_DR
vw11,1,180,325,-190905.42360682652,-306456.09266242676,-190905.42360682652,-306456.09266242676,0,0.0,0.0,0.0,0.0,False,-190905.42360682652,-306456.09266242676,13079797886753.531,13079797886753.531,PURE_DR
vw11,1,180,330,2243.181128837126,-123008.61502882151,2243.181128837126,-123008.61502882151,0,0.0,0.0,0.0,0.0,False,2243.181128837126,-123008.61502882151,13901732156388.076,13901732156388.076,PURE_DR
vw11,1,180,335,-36473.16772991652,-158900.32330344108,-36473.16772991652,-158900.32330344108,0,0.0,0.0,0.0,0.0,False,-36473.16772991652,-158900.32330344108,14465304449966.809,14465304449966.809,PURE_DR
vw11,1,180,340,348872.2136623582,216364.81046351985,348872.2136623582,216364.81046351985,0,0.0,0.0,0.0,0.0,False,348872.2136623582,216364.81046351985,15301372484462.492,15301372484462.492,PURE_DR
vw11,1,180,345,97845.07622944865,-28421.542848441553,97845.07622944865,-28421.542848441553,0,0.0,0.0,2.5444437451708134e-14,0.0,False,97845.07622944865,-28421.542848441553,16355408973738.469,16355408973738.469,PURE_DR
vw11,1,180,350,556351.7728148723,441724.69404095697,556351.7728148723,441724.69404095697,0,0.0,0.0,0.0,0.0,False,556351.7728148723,441724.69404095697,17412870934697.18,17412870934697.18,PURE_DR
vw11,1,180,355,592146.0950093381,492107.4914535328,592146.0950093381,492107.4914535328,0,0.0,0.0,0.0,0.0,False,592146.0950093381,492107.4914535328,18041316650881.35,18041316650881.35,PURE_DR
vw11,1,180,360,816221.9720054227,762402.3323086997,816221.9720054227,762402.3323086997,0,0.0,0.0,0.0,0.0,False,816221.9720054227,762402.3323086997,19891332561580.617,19891332561580.617,PURE_DR
vw11,1,180,365,831115.0643667402,779072.0074146489,831115.0643667402,779072.0074146489,0,0.0,0.0,0.0,0.0,False,831115.0643667402,779072.0074146489,20684202888984.477,20684202888984.477,PURE_DR
vw11,1,180,370,963013.5027167996,926256.628915568,963013.5027167996,926256.628915568,0,0.0,0.0,0.0,0.0,False,963013.5027167996,926256.628915568,21554096472210.434,21554096472210.434,PURE_DR
vw11,1,180,375,785782.5058974694,739648.5010618458,785782.5058974694,739648.5010618458,0,0.0,0.0,2.5444437451708134e-14,0.0,False,785782.5058974694,739648.5010618458,22919940345336.246,22919940345336.246,PURE_DR
vw11,1,180,380,523546.7925469446,511837.1950559635,523546.7925469446,511837.1950559635,0,0.0,0.0,0.0,0.0,False,523546.7925469446,511837.1950559635,23353099822455.805,23353099822455.805,PURE_DR
vw11,1,180,385,429062.274478623,438580.9772343488,429062.274478623,438580.9772343488,0,0.0,0.0,0.0,0.0,False,429062.274478623,438580.9772343488,23918982769318.9,23918982769318.9,PURE_DR
vw11,1,180,390,910573.954684261,740940.271804715,910573.954684261,740940.271804715,0,0.0,0.0,0.0,0.0,False,910573.954684261,740940.271804715,25522195834252.895,25522195834252.895,PURE_DR
vw11,1,180,395,326939.468489698,368758.3058635829,326939.468489698,368758.3058635829,0,0.0,0.0,0.0,0.0,False,326939.468489698,368758.3058635829,27199944106223.72,27199944106223.72,PURE_DR
vw11,1,180,400,470999.89351921645,463015.717765684,470999.89351921645,463015.717765684,0,0.0,0.0,0.0,0.0,False,470999.89351921645,463015.717765684,28660728969204.535,28660728969204.535,PURE_DR
vw11,1,180,405,514417.5444821475,485280.4797478018,514417.5444821475,485280.4797478018,0,0.0,0.0,2.5444437451708134e-14,0.0,False,514417.5444821475,485280.4797478018,29228419363486.695,29228419363486.695,PURE_DR
vw11,1,180,410,1012813.2774882824,784264.1114447779,1012813.2774882824,784264.1114447779,0,0.0,0.0,0.0,0.0,False,1012813.2774882824,784264.1114447779,30574624144712.094,30574624144712.094,PURE_DR
vw11,1,180,415,1497748.0230780921,1056256.21067682,1497748.0230780921,1056256.21067682,0,0.0,0.0,2.5444437451708134e-14,0.0,False,1497748.0230780921,1056256.21067682,31872295046949.38,31872295046949.38,PURE_DR
vw11,1,180,420,1486893.0502882772,1046640.4194479217,1486893.0502882772,1046640.4194479217,0,0.0,0.0,0.0,0.0,False,1486893.0502882772,1046640.4194479217,32895355635300.63,32895355635300.63,PURE_DR
vw11,1,180,425,965418.5766555548,789365.8376648728,965418.5766555548,789365.8376648728,0,0.0,0.0,0.0,0.0,False,965418.5766555548,789365.8376648728,33972059434697.117,33972059434697.117,PURE_DR
vw11,1,180,430,629259.78984759,621249.1390937774,629259.78984759,621249.1390937774,0,0.0,0.0,0.0,0.0,False,629259.78984759,621249.1390937774,34890269021302.05,34890269021302.05,PURE_DR
vw11,1,180,435,173569.22418703817,362586.1297836728,173569.22418703817,362586.1297836728,0,0.0,0.0,0.0,0.0,False,173569.22418703817,362586.1297836728,35853744973791.58,35853744973791.58,PURE_DR
vw11,1,180,440,662671.5589402773,646937.784196121,662671.5589402773,646937.784196121,0,0.0,0.0,0.0,0.0,False,662671.5589402773,646937.784196121,38076649689471.61,38076649689471.61,PURE_DR
vw11,1,180,445,652688.416777038,648277.5722940929,652688.416777038,648277.5722940929,0,0.0,0.0,2.5444437451708134e-14,0.0,False,652688.416777038,648277.5722940929,39026337179357.125,39026337179357.125,PURE_DR
vw11,1,180,450,1470904.5101091813,1228993.8879260924,1470904.5101091813,1228993.8879260924,0,0.0,0.0,0.0,0.0,False,1470904.5101091813,1228993.8879260924,42014772433393.984,42014772433393.984,PURE_DR
vw11,1,180,455,768378.359968078,724565.111923751,768378.359968078,724565.111923751,0,0.0,0.0,0.0,0.0,False,768378.359968078,724565.111923751,43990862875676.81,43990862875676.81,PURE_DR
vw11,1,180,460,1407982.4369292206,1134645.1186254479,1407982.4369292206,1134645.1186254479,0,0.0,0.0,0.0,0.0,False,1407982.4369292206,1134645.1186254479,45387311305310.86,45387311305310.86,PURE_DR
vw11,1,180,465,1220286.7038089246,1019241.867097154,1220286.7038089246,1019241.867097154,0,0.0,0.0,0.0,0.0,False,1220286.7038089246,1019241.867097154,46597814854888.71,46597814854888.71,PURE_DR
vw11,1,180,470,1496134.0734686847,1201950.7018001245,1496134.0734686847,1201950.7018001245,0,0.0,0.0,0.0,0.0,False,1496134.0734686847,1201950.7018001245,48172723122161.17,48172723122161.17,PURE_DR
vw11,1,180,475,1603539.7210109227,1271125.2590923691,1603539.7210109227,1271125.2590923691,0,0.0,0.0,2.5444437451708134e-14,0.0,False,1603539.7210109227,1271125.2590923691,50254998800608.11,50254998800608.11,PURE_DR
vw11,1,180,480,1769306.6963195438,1355370.8449337028,1769306.6963195438,1355370.8449337028,0,0.0,0.0,3.1805546814635168e-15,0.0,False,1769306.6963195438,1355370.8449337028,51061403956514.38,51061403956514.38,PURE_DR
vw11,1,180,485,1863137.3954462286,1403684.0980579446,1863137.3954462286,1403684.0980579446,0,0.0,0.0,0.0,0.0,False,1863137.3954462286,1403684.0980579446,52078480927745.56,52078480927745.56,PURE_DR
vw11,1,180,490,2352532.110803693,1638979.5659875656,2352532.110803693,1638979.5659875656,0,0.0,0.0,3.1805546814635168e-15,0.0,False,2352532.110803693,1638979.5659875656,53379302859700.31,53379302859700.31,PURE_DR
vw11,1,180,495,2237117.893440258,1581745.2329921892,2237117.893440258,1581745.2329921892,0,0.0,0.0,2.5444437451708134e-14,0.0,False,2237117.893440258,1581745.2329921892,55184166212921.91,55184166212921.91,PURE_DR
vw11,1,180,500,2300338.8154422566,1609762.372725,2300338.8154422566,1609762.372725,0,0.0,0.0,3.1805546814635168e-15,0.0,False,2300338.8154422566,1609762.372725,56979648730404.35,56979648730404.35,PURE_DR
vw11,1,180,505,1093957.7907904696,1069232.3988455466,1093957.7907904696,1069232.3988455466,0,0.0,0.0,0.0,0.0,False,1093957.7907904696,1069232.3988455466,58475916490557.62,58475916490557.62,PURE_DR
vw11,1,180,510,935625.7238608648,1006510.7759810851,935625.7238608648,1006510.7759810851,0,0.0,0.0,0.0,0.0,False,935625.7238608648,1006510.7759810851,59372092124894.99,59372092124894.99,PURE_DR
vw11,1,180,515,366354.5600544596,775157.346604903,366354.5600544596,775157.346604903,0,0.0,0.0,0.0,0.0,False,366354.5600544596,775157.346604903,60796991575126.16,60796991575126.16,PURE_DR
vw11,1,180,520,774521.9069601916,971734.3546883893,774521.9069601916,971734.3546883893,0,0.0,0.0,0.0,0.0,False,774521.9069601916,971734.3546883893,61555688427325.08,61555688427325.08,PURE_DR
vw11,1,180,525,589376.9508103178,858999.6243842359,589376.9508103178,858999.6243842359,0,0.0,0.0,0.0,0.0,False,589376.9508103178,858999.6243842359,63469655570157.6,63469655570157.6,PURE_DR
vw11,1,180,530,273555.86448306387,647762.6360999086,273555.86448306387,647762.6360999086,0,0.0,0.0,6.3611093629270335e-15,0.0,False,273555.86448306387,647762.6360999086,64339920661462.016,64339920661462.016,PURE_DR
vw11,1,180,535,114983.40973786937,548048.9175378369,114983.40973786937,548048.9175378369,0,0.0,0.0,0.0,0.0,False,114983.40973786937,548048.9175378369,64986700668366.93,64986700668366.93,PURE_DR
vw11,1,180,540,275988.5524350308,643637.4347486955,275988.5524350308,643637.4347486955,0,0.0,0.0,3.1805546814635168e-15,0.0,False,275988.5524350308,643637.4347486955,65738004362399.58,65738004362399.58,PURE_DR
vw11,1,180,545,162599.71506368817,582635.2035849825,162599.71506368817,582635.2035849825,0,0.0,0.0,0.0,0.0,False,162599.71506368817,582635.2035849825,66890410614397.97,66890410614397.97,PURE_DR
vw11,1,180,550,498327.04767876916,732481.1478489554,498327.04767876916,732481.1478489554,0,0.0,0.0,0.0,0.0,False,498327.04767876916,732481.1478489554,67518300627607.41,67518300627607.41,PURE_DR
vw11,1,180,555,508120.7627849469,735774.0110707728,508120.7627849469,735774.0110707728,0,0.0,0.0,0.0,0.0,False,508120.7627849469,735774.0110707728,68348520877599.44,68348520877599.44,PURE_DR
vw11,1,180,560,683677.4321849886,816652.7582735373,683677.4321849886,816652.7582735373,0,0.0,0.0,0.0,0.0,False,683677.4321849886,816652.7582735373,70354613737889.17,70354613737889.17,PURE_DR
vw11,1,180,565,214111.94748313134,605119.1957201749,214111.94748313134,605119.1957201749,0,0.0,0.0,0.0,0.0,False,214111.94748313134,605119.1957201749,70920372042188.81,70920372042188.81,PURE_DR
vw11,1,180,570,486946.70140445477,723713.9030718643,486946.70140445477,723713.9030718643,0,0.0,0.0,0.0,0.0,False,486946.70140445477,723713.9030718643,72004384668011.16,72004384668011.16,PURE_DR
vw11,1,180,575,9561.289540764074,549811.5122358648,9561.289540764074,549811.5122358648,0,0.0,0.0,0.0,0.0,False,9561.289540764074,549811.5122358648,72684371529784.94,72684371529784.94,PURE_DR
vw11,1,180,580,646461.5363964493,769206.3669532306,646461.5363964493,769206.3669532306,0,0.0,0.0,0.0,0.0,False,646461.5363964493,769206.3669532306,74382463461231.05,74382463461231.05,PURE_DR
vw11,1,180,585,98285.49443141882,556660.3316126261,98285.49443141882,556660.3316126261,0,0.0,0.0,0.0,0.0,False,98285.49443141882,556660.3316126261,75049665598837.16,75049665598837.16,PURE_DR
vw11,1,180,590,516270.5353475745,725969.1456046505,516270.5353475745,725969.1456046505,0,0.0,0.0,0.0,0.0,False,516270.5353475745,725969.1456046505,75914884445340.0,75914884445340.0,PURE_DR
vw11,1,180,595,765141.6743284946,824743.6888603861,765141.6743284946,824743.6888603861,0,0.0,0.0,0.0,0.0,False,765141.6743284946,824743.6888603861,76553292923824.39,76553292923824.39,PURE_DR
vw11,1,180,600,1287558.761703894,1010799.3589930655,1287558.761703894,1010799.3589930655,0,0.0,0.0,0.0,0.0,False,1287558.761703894,1010799.3589930655,77475112632446.9,77475112632446.9,PURE_DR
vw11,1,180,605,819146.8108658529,884943.7500568588,819146.8108658529,884943.7500568588,0,0.0,0.0,0.0,0.0,False,819146.8108658529,884943.7500568588,78192845658007.6,78192845658007.6,PURE_DR
vw11,1,180,610,1152568.3157212387,974087.7586388012,1152568.3157212387,974087.7586388012,0,0.0,0.0,0.0,0.0,False,1152568.3157212387,974087.7586388012,78845955268819.33,78845955268819.33,PURE_DR
vw11,1,180,615,1026107.0773857048,937853.5503744441,1026107.0773857048,937853.5503744441,0,0.0,0.0,2.5444437451708134e-14,0.0,False,1026107.0773857048,937853.5503744441,79331818548819.38,79331818548819.38,PURE_DR
vw11,1,180,620,1355105.3421902454,1047408.0287740506,1355105.3421902454,1047408.0287740506,0,0.0,0.0,0.0,0.0,False,1355105.3421902454,1047408.0287740506,80214239077465.44,80214239077465.44,PURE_DR
vw11,1,180,625,1414950.482124088,1066758.1490864626,1414950.482124088,1066758.1490864626,0,0.0,0.0,0.0,0.0,False,1414950.482124088,1066758.1490864626,80486726297017.23,80486726297017.23,PURE_DR
vw11,1,180,630,1708227.2863387337,1153210.9274011152,1708227.2863387337,1153210.9274011152,0,0.0,0.0,0.0,0.0,False,1708227.2863387337,1153210.9274011152,80908992069498.94,80908992069498.94,PURE_DR
vw11,1,180,635,1472356.6789919862,1085712.1511090843,1472356.6789919862,1085712.1511090843,0,0.0,0.0,0.0,0.0,False,1472356.6789919862,1085712.1511090843,81460567346777.94,81460567346777.94,PURE_DR
vw11,1,180,640,1492714.996756396,1093405.0593729967,1492714.996756396,1093405.0593729967,0,0.0,0.0,0.0,0.0,False,1492714.996756396,1093405.0593729967,81798452252587.98,81798452252587.98,PURE_DR
vw11,1,180,645,1464759.8977832824,1085643.5260921372,1464759.8977832824,1085643.5260921372,0,0.0,0.0,0.0,0.0,False,1464759.8977832824,1085643.5260921372,82200121981635.75,82200121981635.75,PURE_DR
vw11,1,180,650,1618461.107435264,1128216.5175726344,1618461.107435264,1128216.5175726344,0,0.0,0.0,0.0,0.0,False,1618461.107435264,1128216.5175726344,82623411245443.25,82623411245443.25,PURE_DR
vw11,1,180,655,1358241.677698859,1043938.1685927069,1358241.677698859,1043938.1685927069,0,0.0,0.0,0.0,0.0,False,1358241.677698859,1043938.1685927069,83036156838352.28,83036156838352.28,PURE_DR
vw11,1,180,660,1612537.2057473487,1129378.526706441,1612537.2057473487,1129378.526706441,0,0.0,0.0,3.1805546814635168e-15,0.0,False,1612537.2057473487,1129378.526706441,83373475388637.3,83373475388637.3,PURE_DR
vw11,1,180,665,1685256.6685011708,1153561.5317765488,1685256.6685011708,1153561.5317765488,0,0.0,0.0,0.0,0.0,False,1685256.6685011708,1153561.5317765488,83765489582838.95,83765489582838.95,PURE_DR
vw11,1,180,670,2160056.9168362967,1282065.838856329,2160056.9168362967,1282065.838856329,0,0.0,0.0,0.0,0.0,False,2160056.9168362967,1282065.838856329,84032019521097.83,84032019521097.83,PURE_DR
vw11,1,180,675,2416424.618849083,1342431.7792932936,2416424.618849083,1342431.7792932936,0,0.0,0.0,0.0,0.0,False,2416424.618849083,1342431.7792932936,84471583431698.84,84471583431698.84,PURE_DR
vw11,1,180,680,2518926.195887626,1370623.09948074,2518926.195887626,1370623.09948074,0,0.0,0.0,0.0,0.0,False,2518926.195887626,1370623.09948074,84650473890864.81,84650473890864.81,PURE_DR
vw11,1,180,685,2378865.0092815845,1328127.0883628724,2378865.0092815845,1328127.0883628724,0,0.0,0.0,0.0,0.0,False,2378865.0092815845,1328127.0883628724,84970674644926.81,84970674644926.81,PURE_DR
vw11,1,180,690,2654107.0763166407,1414700.4804165424,2654107.0763166407,1414700.4804165424,0,0.0,0.0,0.0,0.0,False,2654107.0763166407,1414700.4804165424,85421752781846.31,85421752781846.31,PURE_DR
vw11,1,180,695,2725886.8326637545,1436876.5949172324,2725886.8326637545,1436876.5949172324,0,0.0,0.0,0.0,0.0,False,2725886.8326637545,1436876.5949172324,85673203231731.88,85673203231731.88,PURE_DR
vw11,1,180,700,2637167.4509991677,1410166.6673475085,2637167.4509991677,1410166.6673475085,0,0.0,0.0,0.0,0.0,False,2637167.4509991677,1410166.6673475085,86111076133850.28,86111076133850.28,PURE_DR
vw11,1,180,705,2502263.493120704,1368611.4010506961,2502263.493120704,1368611.4010506961,0,0.0,0.0,2.5444437451708134e-14,0.0,False,2502263.493120704,1368611.4010506961,86375276242587.44,86375276242587.44,PURE_DR
vw11,1,180,710,2835996.4422105085,1469011.764393486,2835996.4422105085,1469011.764393486,0,0.0,0.0,0.0,0.0,False,2835996.4422105085,1469011.764393486,86848080086400.36,86848080086400.36,PURE_DR
vw11,1,180,715,2830490.343568051,1467482.1231526386,2830490.343568051,1467482.1231526386,0,0.0,0.0,0.0,0.0,False,2830490.343568051,1467482.1231526386,86848691288791.31,86848691288791.31,PURE_DR
vw11,1,180,720,2822111.990685451,1464974.7338362022,2822111.990685451,1464974.7338362022,0,0.0,0.0,0.0,0.0,False,2822111.990685451,1464974.7338362022,86852151726014.3,86852151726014.3,PURE_DR
vw11,1,180,725,2802750.5986426547,1459231.3803748845,2802750.5986426547,1459231.3803748845,0,0.0,0.0,2.5444437451708134e-14,0.0,False,2802750.5986426547,1459231.3803748845,86854148406908.86,86854148406908.86,PURE_DR
vw11,1,180,730,2864958.858242854,1478282.9781843596,2864958.858242854,1478282.9781843596,0,0.0,0.0,3.1805546814635168e-15,0.0,False,2864958.858242854,1478282.9781843596,86866276487501.88,86866276487501.88,PURE_DR
vw11,1,180,735,2765308.035154829,1445698.1897029183,2765308.035154829,1445698.1897029183,0,0.0,0.0,0.0,0.0,False,2765308.035154829,1445698.1897029183,86886393462909.47,86886393462909.47,PURE_DR
vw11,1,180,740,2972388.211441261,1522054.4457089952,2972388.211441261,1522054.4457089952,0,0.0,0.0,0.0,0.0,False,2972388.211441261,1522054.4457089952,86964724045195.3,86964724045195.3,PURE_DR
vw11,1,180,745,2770564.719765888,1435396.1215847877,2770564.719765888,1435396.1215847877,0,0.0,0.0,0.0,0.0,False,2770564.719765888,1435396.1215847877,87184367040058.6,87184367040058.6,PURE_DR
vw11,1,180,750,2934544.5300481687,1494534.9179103186,2934544.5300481687,1494534.9179103186,0,0.0,0.0,0.0,0.0,False,2934544.5300481687,1494534.9179103186,87419614871470.75,87419614871470.75,PURE_DR
vw11,1,180,755,2741798.848744725,1434792.4254754717,2741798.848744725,1434792.4254754717,0,0.0,0.0,0.0,0.0,False,2741798.848744725,1434792.4254754717,87806225939717.31,87806225939717.31,PURE_DR
vw11,1,180,760,2868515.49882309,1468833.2501755669,2868515.49882309,1468833.2501755669,0,0.0,0.0,1.5902773407317584e-15,0.0,False,2868515.49882309,1468833.2501755669,87966324057453.7,87966324057453.7,PURE_DR
vw11,1,180,765,2627385.019980028,1422310.2382978275,2627385.019980028,1422310.2382978275,0,0.0,0.0,0.0,0.0,False,2627385.019980028,1422310.2382978275,88259957122613.25,88259957122613.25,PURE_DR
vw11,1,180,770,2705308.410765983,1435224.6147301104,2705308.410765983,1435224.6147301104,0,0.0,0.0,0.0,0.0,False,2705308.410765983,1435224.6147301104,88482570715076.34,88482570715076.34,PURE_DR
vw11,1,180,775,2649393.398314487,1424415.4610240674,2649393.398314487,1424415.4610240674,0,0.0,0.0,0.0,0.0,False,2649393.398314487,1424415.4610240674,88738908936649.6,88738908936649.6,PURE_DR
vw11,1,180,780,2744696.8399496684,1433982.3111740244,2744696.8399496684,1433982.3111740244,0,0.0,0.0,7.951386703658792e-16,0.0,False,2744696.8399496684,1433982.3111740244,88930274939487.34,88930274939487.34,PURE_DR
vw11,1,180,785,2596894.6093281284,1430243.177570388,2596894.6093281284,1430243.177570388,0,0.0,0.0,0.0,0.0,False,2596894.6093281284,1430243.177570388,89061852052352.38,89061852052352.38,PURE_DR
vw11,1,180,790,3205519.916695722,1356218.849153702,3205519.916695722,1356218.849153702,0,0.0,0.0,0.0,0.0,False,3205519.916695722,1356218.849153702,89369844536997.81,89369844536997.81,PURE_DR
vw11,1,180,795,3089851.3041338017,1369383.3205921035,3089851.3041338017,1369383.3205921035,0,0.0,0.0,0.0,0.0,False,3089851.3041338017,1369383.3205921035,89568000907622.8,89568000907622.8,PURE_DR
vw11,1,180,800,3118925.365587141,1358211.003572834,3118925.365587141,1358211.003572834,0,0.0,0.0,0.0,0.0,False,3118925.365587141,1358211.003572834,89988240981886.62,89988240981886.62,PURE_DR
vw11,1,180,805,2699552.053673676,1570172.3977561817,2699552.053673676,1570172.3977561817,0,0.0,0.0,0.0,0.0,False,2699552.053673676,1570172.3977561817,90201877275477.25,90201877275477.25,PURE_DR
vw11,1,180,810,3049096.693000822,1377641.543952344,3049096.693000822,1377641.543952344,0,0.0,0.0,0.0,0.0,False,3049096.693000822,1377641.543952344,90892806381399.94,90892806381399.94,PURE_DR
vw11,1,180,815,2973037.6957780696,1421837.63439734,2973037.6957780696,1421837.63439734,0,0.0,0.0,0.0,0.0,False,2973037.6957780696,1421837.63439734,91616753543669.75,91616753543669.75,PURE_DR
vw11,1,180,820,3485877.0225731884,1169023.5420831414,3485877.0225731884,1169023.5420831414,0,0.0,0.0,0.0,0.0,False,3485877.0225731884,1169023.5420831414,92286355804320.47,92286355804320.47,PURE_DR
vw11,1,180,825,2882796.8052197606,1495733.7220209006,2882796.8052197606,1495733.7220209006,0,0.0,0.0,0.0,0.0,False,2882796.8052197606,1495733.7220209006,93970420522976.56,93970420522976.56,PURE_DR
vw11,1,180,830,3130048.447833517,1349195.5312676064,3130048.447833517,1349195.5312676064,0,0.0,0.0,0.0,0.0,False,3130048.447833517,1349195.5312676064,95080818120967.28,95080818120967.28,PURE_DR
vw11,1,180,835,3206654.685345659,1304730.430683336,3206654.685345659,1304730.430683336,0,0.0,0.0,0.0,0.0,False,3206654.685345659,1304730.430683336,96494395930049.97,96494395930049.97,PURE_DR
vw11,1,180,840,3812126.3554655733,721401.5637156942,3812126.3554655733,721401.5637156942,0,0.0,0.0,0.0,0.0,False,3812126.3554655733,721401.5637156942,97719540586293.6,97719540586293.6,PURE_DR
vw11,1,180,845,3961341.0420594984,572672.5773160431,3961341.0420594984,572672.5773160431,0,0.0,0.0,0.0,0.0,False,3961341.0420594984,572672.5773160431,99400182871708.77,99400182871708.77,PURE_DR
vw11,1,180,850,4772104.392692639,-350130.5324957749,4772104.392692639,-350130.5324957749,0,0.0,0.0,0.0,0.0,False,4772104.392692639,-350130.5324957749,101244992650866.64,101244992650866.64,PURE_DR
vw11,1,180,855,4822599.016221117,-433177.20067669154,4822599.016221117,-433177.20067669154,0,0.0,0.0,0.0,0.0,False,4822599.016221117,-433177.20067669154,104031251225277.67,104031251225277.67,PURE_DR
vw11,1,180,860,5180719.973985968,-970648.700145615,5180719.973985968,-970648.700145615,0,0.0,0.0,0.0,0.0,False,5180719.973985968,-970648.700145615,107260210229611.39,107260210229611.39,PURE_DR
vw11,1,180,865,4832604.133859374,-443867.777828832,4832604.133859374,-443867.777828832,0,0.0,0.0,0.0,0.0,False,4832604.133859374,-443867.777828832,108912407887826.08,108912407887826.08,PURE_DR
vw11,1,180,870,5698448.875280807,-1680987.384912146,5698448.875280807,-1680987.384912146,0,0.0,0.0,0.0,0.0,False,5698448.875280807,-1680987.384912146,112181403377454.8,112181403377454.8,PURE_DR
vw11,1,180,875,5358628.163251761,-1176231.4170226608,5358628.163251761,-1176231.4170226608,0,0.0,0.0,0.0,0.0,False,5358628.163251761,-1176231.4170226608,113207251154848.67,113207251154848.67,PURE_DR
vw11,1,180,880,5127228.706967331,-838257.3450661568,5127228.706967331,-838257.3450661568,0,0.0,0.0,0.0,0.0,False,5127228.706967331,-838257.3450661568,114899478857666.23,114899478857666.23,PURE_DR
vw11,1,180,885,4634272.807087497,-83365.94983563201,4634272.807087497,-83365.94983563201,0,0.0,0.0,0.0,0.0,False,4634272.807087497,-83365.94983563201,117056229561801.38,117056229561801.38,PURE_DR
vw11,1,180,890,4797461.442156623,-344531.40442742663,4797461.442156623,-344531.40442742663,0,0.0,0.0,0.0,0.0,False,4797461.442156623,-344531.40442742663,118922729791869.22,118922729791869.22,PURE_DR
vw11,1,180,895,4748125.157815989,-262690.9972311757,4748125.157815989,-262690.9972311757,0,0.0,0.0,0.0,0.0,False,4748125.157815989,-262690.9972311757,120544742280976.3,120544742280976.3,PURE_DR
vw11,1,180,900,4885714.515196683,-540485.0785755911,4885714.515196683,-540485.0785755911,0,0.0,0.0,5.088887490341627e-14,0.0,False,4885714.515196683,-540485.0785755911,121922465664551.88,121922465664551.88,PURE_DR
vw11,1,180,905,4686069.20083861,-108205.42392242105,4686069.20083861,-108205.42392242105,0,0.0,0.0,0.0,0.0,False,4686069.20083861,-108205.42392242105,124073720516848.94,124073720516848.94,PURE_DR
vw11,1,180,910,4815174.757391043,-446550.3988327273,4815174.757391043,-446550.3988327273,0,0.0,0.0,0.0,0.0,False,4815174.757391043,-446550.3988327273,125814117938678.6,125814117938678.6,PURE_DR
vw11,1,180,915,4681912.428764166,-21556.988495814774,4681912.428764166,-21556.988495814774,0,0.0,0.0,1.2722218725854067e-14,0.0,False,4681912.428764166,-21556.988495814774,128908044750734.19,128908044750734.19,PURE_DR
vw11,1,180,920,4775449.291613859,-413839.4781748758,4775449.291613859,-413839.4781748758,0,0.0,0.0,0.0,0.0,False,4775449.291613859,-413839.4781748758,130975065544894.42,130975065544894.42,PURE_DR
vw11,1,180,925,4710425.325981297,-132722.44405235452,4710425.325981297,-132722.44405235452,0,0.0,0.0,0.0,0.0,False,4710425.325981297,-132722.44405235452,132279790441453.22,132279790441453.22,PURE_DR
vw11,1,180,930,4707186.88359269,-132303.04484371786,4707186.88359269,-132303.04484371786,0,0.0,0.0,0.0,0.0,False,4707186.88359269,-132303.04484371786,134170743621546.88,134170743621546.88,PURE_DR
vw11,1,180,935,4680283.632062139,32249.16441970327,4680283.632062139,32249.16441970327,0,0.0,0.0,0.0,0.0,False,4680283.632062139,32249.16441970327,135962249136180.56,135962249136180.56,PURE_DR
vw11,1,180,940,4728351.794330471,-502075.50864193536,4728351.794330471,-502075.50864193536,0,0.0,0.0,0.0,0.0,False,4728351.794330471,-502075.50864193536,137794997847994.83,137794997847994.83,PURE_DR
vw11,1,180,945,4650568.64455591,236625.6948089595,4650568.64455591,236625.6948089595,0,0.0,0.0,0.0,0.0,False,4650568.64455591,236625.6948089595,139841550469579.72,139841550469579.72,PURE_DR
vw11,1,180,950,4704634.715534139,-235473.4861515434,4704634.715534139,-235473.4861515434,0,0.0,0.0,0.0,0.0,False,4704634.715534139,-235473.4861515434,141313864903519.56,141313864903519.56,PURE_DR
vw11,1,180,955,4647471.501016789,595312.2503571241,4647471.501016789,595312.2503571241,0,0.0,0.0,1.2722218725854067e-14,0.0,False,4647471.501016789,595312.2503571241,143794733669410.97,143794733669410.97,PURE_DR
vw11,1,180,960,4709243.730587212,-664806.5499288586,4709243.730587212,-664806.5499288586,0,0.0,0.0,0.0,0.0,False,4709243.730587212,-664806.5499288586,145985945577506.44,145985945577506.44,PURE_DR
vw11,1,180,965,4719550.673173554,-555297.7992949107,4719550.673173554,-555297.7992949107,0,0.0,0.0,0.0,0.0,False,4719550.673173554,-555297.7992949107,147591590825873.25,147591590825873.25,PURE_DR
vw11,1,180,970,4727703.031482468,-229712.29050352392,4727703.031482468,-229712.29050352392,0,0.0,0.0,0.0,0.0,False,4727703.031482468,-229712.29050352392,148837839085766.28,148837839085766.28,PURE_DR
vw11,1,180,975,4726672.51588348,-25987.290440053508,4726672.51588348,-25987.290440053508,0,0.0,0.0,1.2722218725854067e-14,0.0,False,4726672.51588348,-25987.290440053508,150561745830858.38,150561745830858.38,PURE_DR
vw11,1,180,980,4659122.280806538,-1026599.2693375194,4659122.280806538,-1026599.2693375194,0,0.0,0.0,0.0,0.0,False,4659122.280806538,-1026599.2693375194,151895348346432.16,151895348346432.16,PURE_DR
vw11,1,180,985,4655374.169625384,-1065189.8209885303,4655374.169625384,-1065189.8209885303,0,0.0,0.0,1.2722218725854067e-14,0.0,False,4655374.169625384,-1065189.8209885303,152899014412969.8,152899014412969.8,PURE_DR
vw11,1,180,990,4563910.874405181,-1738270.3053881736,4563910.874405181,-1738270.3053881736,0,0.0,0.0,0.0,0.0,False,4563910.874405181,-1738270.3053881736,153559481124325.56,153559481124325.56,PURE_DR
vw11,1,180,995,4642343.70053561,-1121888.2034265797,4642343.70053561,-1121888.2034265797,0,0.0,0.0,0.0,0.0,False,4642343.70053561,-1121888.2034265797,154723745764991.22,154723745764991.22,PURE_DR
vw11,1,180,1000,4485114.482155928,-2216312.6214717566,4485114.482155928,-2216312.6214717566,0,0.0,0.0,0.0,0.0,False,4485114.482155928,-2216312.6214717566,156539200533204.06,156539200533204.06,PURE_DR
vw11,1,180,1005,4532508.1273076255,-2002830.9274003692,4532508.1273076255,-2002830.9274003692,0,0.0,0.0,0.0,0.0,False,4532508.1273076255,-2002830.9274003692,157706874749311.56,157706874749311.56,PURE_DR
vw11,1,180,1010,4436147.739844422,-2355092.5323577486,4436147.739844422,-2355092.5323577486,0,0.0,0.0,0.0,0.0,False,4436147.739844422,-2355092.5323577486,158756031704865.5,158756031704865.5,PURE_DR
vw11,1,180,1015,4603098.654879304,-1682315.0978676032,4603098.654879304,-1682315.0978676032,0,0.0,0.0,1.2722218725854067e-14,0.0,False,4603098.654879304,-1682315.0978676032,160039317924140.1,160039317924140.1,PURE_DR
vw11,1,180,1020,4610235.226410898,-1670696.7597718725,4610235.226410898,-1670696.7597718725,0,0.0,0.0,0.0,0.0,False,4610235.226410898,-1670696.7597718725,161861397811311.3,161861397811311.3,PURE_DR
vw11,1,180,1025,4643722.98238499,-1063011.534417604,4643722.98238499,-1063011.534417604,0,0.0,0.0,0.0,0.0,False,4643722.98238499,-1063011.534417604,162835572786216.28,162835572786216.28,PURE_DR
vw11,1,180,1030,4642710.877225807,-827498.3057359194,4642710.877225807,-827498.3057359194,0,0.0,0.0,0.0,0.0,False,4642710.877225807,-827498.3057359194,164225142343237.38,164225142343237.38,PURE_DR
vw11,1,180,1035,4681379.294065175,-98302.11848301144,4681379.294065175,-98302.11848301144,0,0.0,0.0,0.0,0.0,False,4681379.294065175,-98302.11848301144,165912689453729.16,165912689453729.16,PURE_DR
vw11,1,180,1040,4633565.029903295,-611602.3881514978,4633565.029903295,-611602.3881514978,0,0.0,0.0,0.0,0.0,False,4633565.029903295,-611602.3881514978,167368745370426.25,167368745370426.25,PURE_DR
vw11,1,180,1045,4605813.129279081,-836376.5839539701,4605813.129279081,-836376.5839539701,0,0.0,0.0,1.2722218725854067e-14,0.0,False,4605813.129279081,-836376.5839539701,168811707929763.7,168811707929763.7,PURE_DR
vw11,1,180,1050,4564788.43480489,-1489825.0092307972,4564788.43480489,-1489825.0092307972,0,0.0,0.0,0.0,0.0,False,4564788.43480489,-1489825.0092307972,169597850787597.2,169597850787597.2,PURE_DR
vw11,1,180,1055,4553975.61338034,-1725173.899800845,4553975.61338034,-1725173.899800845,0,0.0,0.0,0.0,0.0,False,4553975.61338034,-1725173.899800845,170566034616624.8,170566034616624.8,PURE_DR
vw11,1,180,1060,4521308.672219305,-2191833.1562012467,4521308.672219305,-2191833.1562012467,0,0.0,0.0,0.0,0.0,False,4521308.672219305,-2191833.1562012467,172103027341447.12,172103027341447.12,PURE_DR
vw11,1,180,1065,4532222.9537756005,-2068465.8871600241,4532222.9537756005,-2068465.8871600241,0,0.0,0.0,0.0,0.0,False,4532222.9537756005,-2068465.8871600241,172628780283012.62,172628780283012.62,PURE_DR
vw11,1,180,1070,4505121.424622274,-2451719.7567180796,4505121.424622274,-2451719.7567180796,0,0.0,0.0,0.0,0.0,False,4505121.424622274,-2451719.7567180796,173755737573749.0,173755737573749.0,PURE_DR
vw11,1,180,1075,4573869.006804095,-2124062.0070352764,4573869.006804095,-2124062.0070352764,0,0.0,0.0,0.0,0.0,False,4573869.006804095,-2124062.0070352764,174803647812701.03,174803647812701.03,PURE_DR
vw11,1,180,1080,4589617.126088509,-2065660.6844551638,4589617.126088509,-2065660.6844551638,0,0.0,0.0,0.0,0.0,False,4589617.126088509,-2065660.6844551638,176171584564858.72,176171584564858.72,PURE_DR
vw11,1,180,1085,4733080.251451099,-1409958.1436552277,4733080.251451099,-1409958.1436552277,0,0.0,0.0,0.0,0.0,False,4733080.251451099,-1409958.1436552277,177221025459031.3,177221025459031.3,PURE_DR
vw11,1,180,1090,4652223.632213515,-1732992.885506357,4652223.632213515,-1732992.885506357,0,0.0,0.0,0.0,0.0,False,4652223.632213515,-1732992.885506357,177961283014860.5,177961283014860.5,PURE_DR
vw11,1,180,1095,4943097.229994449,-1002554.2046331473,4943097.229994449,-1002554.2046331473,0,0.0,0.0,0.0,0.0,False,4943097.229994449,-1002554.2046331473,178763320511184.44,178763320511184.44,PURE_DR
vw11,1,180,1100,4814815.481545062,-1274994.9188641738,4814815.481545062,-1274994.9188641738,0,0.0,0.0,0.0,0.0,False,4814815.481545062,-1274994.9188641738,179382768442610.88,179382768442610.88,PURE_DR
vw11,1,180,1105,4692937.755950056,-1504686.6100525206,4692937.755950056,-1504686.6100525206,0,0.0,0.0,0.0,0.0,False,4692937.755950056,-1504686.6100525206,179776733256682.7,179776733256682.7,PURE_DR
vw11,1,180,1110,4375893.78195904,-1972436.8108364765,4375893.78195904,-1972436.8108364765,0,0.0,0.0,0.0,0.0,False,4375893.78195904,-1972436.8108364765,181655294157843.88,181655294157843.88,PURE_DR
vw11,1,180,1115,4876913.298994123,-1335556.0858598875,4876913.298994123,-1335556.0858598875,0,0.0,0.0,0.0,0.0,False,4876913.298994123,-1335556.0858598875,182992956616461.72,182992956616461.72,PURE_DR
vw11,1,180,1120,4441486.326590274,-1865906.3601549782,4441486.326590274,-1865906.3601549782,0,0.0,0.0,0.0,0.0,False,4441486.326590274,-1865906.3601549782,184267458140416.38,184267458140416.38,PURE_DR
vw11,1,180,1125,4631014.151113655,-1632789.786558874,4631014.151113655,-1632789.786558874,0,0.0,0.0,6.3611093629270335e-15,0.0,False,4631014.151113655,-1632789.786558874,185957836651741.44,185957836651741.44,PURE_DR
vw11,1,180,1130,4120447.174627002,-2248672.0166155463,4120447.174627002,-2248672.0166155463,0,0.0,0.0,0.0,0.0,False,4120447.174627002,-2248672.0166155463,187526101430490.28,187526101430490.28,PURE_DR
vw11,1,180,1135,4322896.308841187,-2002752.1919520595,4322896.308841187,-2002752.1919520595,0,0.0,0.0,0.0,0.0,False,4322896.308841187,-2002752.1919520595,188628303273789.28,188628303273789.28,PURE_DR
vw11,1,180,1140,4168264.3158039427,-2184415.331063368,4168264.3158039427,-2184415.331063368,0,0.0,0.0,0.0,0.0,False,4168264.3158039427,-2184415.331063368,189353192677139.75,189353192677139.75,PURE_DR
vw11,1,180,1145,3967247.175844801,-2418867.860557176,3967247.175844801,-2418867.860557176,0,0.0,0.0,0.0,0.0,False,3967247.175844801,-2418867.860557176,190227025251944.62,190227025251944.62,PURE_DR
vw11,1,180,1150,3539482.4990942776,-2884674.0672467505,3539482.4990942776,-2884674.0672467505,0,0.0,0.0,2.5444437451708134e-14,0.0,False,3539482.4990942776,-2884674.0672467505,192256219530128.2,192256219530128.2,PURE_DR
vw11,1,180,1155,3980672.625279105,-2478993.8044295534,3980672.625279105,-2478993.8044295534,0,0.0,0.0,0.0,0.0,False,3980672.625279105,-2478993.8044295534,193643109910630.47,193643109910630.47,PURE_DR
vw11,1,180,1160,3918940.130625766,-2527628.47833589,3918940.130625766,-2527628.47833589,0,0.0,0.0,0.0,0.0,False,3918940.130625766,-2527628.47833589,194496245883469.44,194496245883469.44,PURE_DR
vw11,1,180,1165,4696954.472919905,-1980627.9724711964,4696954.472919905,-1980627.9724711964,0,0.0,0.0,0.0,0.0,False,4696954.472919905,-1980627.9724711964,196585119332107.62,196585119332107.62,PURE_DR
vw11,1,180,1170,4273814.517784886,-2265259.905884857,4273814.517784886,-2265259.905884857,0,0.0,0.0,0.0,0.0,False,4273814.517784886,-2265259.905884857,196937909419456.25,196937909419456.25,PURE_DR
vw11,1,180,1175,4478355.725990183,-2116463.7282376606,4478355.725990183,-2116463.7282376606,0,0.0,0.0,0.0,0.0,False,4478355.725990183,-2116463.7282376606,198270061234539.7,198270061234539.7,PURE_DR
vw11,1,180,1180,3391497.6338949474,-2934060.7382477643,3391497.6338949474,-2934060.7382477643,0,0.0,0.0,2.5444437451708134e-14,0.0,False,3391497.6338949474,-2934060.7382477643,200118281910885.72,200118281910885.72,PURE_DR
vw11,1,180,1185,4191819.6493620616,-2367875.6137958956,4191819.6493620616,-2367875.6137958956,0,0.0,0.0,0.0,0.0,False,4191819.6493620616,-2367875.6137958956,201700858160042.0,201700858160042.0,PURE_DR
vw11,1,180,1190,3646470.264966659,-2697210.7352022924,3646470.264966659,-2697210.7352022924,0,0.0,0.0,0.0,0.0,False,3646470.264966659,-2697210.7352022924,202507021336168.3,202507021336168.3,PURE_DR
vw11,1,180,1195,3034788.71682024,-2981740.8867044193,3034788.71682024,-2981740.8867044193,0,0.0,0.0,3.1805546814635168e-15,0.0,False,3034788.71682024,-2981740.8867044193,204338254535968.62,204338254535968.62,PURE_DR
vw11,1,180,1200,2780145.5103814774,-3083628.1946954997,2780145.5103814774,-3083628.1946954997,0,0.0,0.0,0.0,0.0,False,2780145.5103814774,-3083628.1946954997,205650535621830.9,205650535621830.9,PURE_DR
vw11,1,180,1205,3159566.5880980077,-2894354.0154616097,3159566.5880980077,-2894354.0154616097,0,0.0,0.0,0.0,0.0,False,3159566.5880980077,-2894354.0154616097,205888601010223.66,205888601010223.66,PURE_DR
vw11,1,180,1210,2976782.0715820123,-2992184.952866492,2976782.0715820123,-2992184.952866492,0,0.0,0.0,0.0,0.0,False,2976782.0715820123,-2992184.952866492,206403966508474.2,206403966508474.2,PURE_DR
vw11,1,180,1215,3174444.198517719,-2887387.3490925315,3174444.198517719,-2887387.3490925315,0,0.0,0.0,0.0,0.0,False,3174444.198517719,-2887387.3490925315,207345268077674.06,207345268077674.06,PURE_DR
vw11,1,180,1220,2853625.7326184,-3048664.712613264,2853625.7326184,-3048664.712613264,0,0.0,0.0,0.0,0.0,False,2853625.7326184,-3048664.712613264,208509446741476.3,208509446741476.3,PURE_DR
vw11,1,180,1225,3250875.791414212,-2831310.8730049245,3250875.791414212,-2831310.8730049245,0,0.0,0.0,0.0,0.0,False,3250875.791414212,-2831310.8730049245,208739282072247.5,208739282072247.5,PURE_DR
vw11,1,180,1230,3184891.061199039,-2876039.251632046,3184891.061199039,-2876039.251632046,0,0.0,0.0,0.0,0.0,False,3184891.061199039,-2876039.251632046,209445006768075.44,209445006768075.44,PURE_DR
vw11,1,180,1235,2935818.758172719,-3014152.365420258,2935818.758172719,-3014152.365420258,0,0.0,0.0,0.0,0.0,False,2935818.758172719,-3014152.365420258,210028080384114.56,210028080384114.56,PURE_DR
vw11,1,180,1240,2776780.018807109,-3112257.1747637554,2776780.018807109,-3112257.1747637554,0,0.0,0.0,0.0,0.0,False,2776780.018807109,-3112257.1747637554,210893601566970.2,210893601566970.2,PURE_DR
vw11,1,180,1245,3341321.999386224,-2790995.4450523886,3341321.999386224,-2790995.4450523886,0,0.0,0.0,0.0,0.0,False,3341321.999386224,-2790995.4450523886,211777450075811.56,211777450075811.56,PURE_DR
vw11,1,180,1250,2918945.2386070704,-3000940.921671284,2918945.2386070704,-3000940.921671284,0,0.0,0.0,0.0,0.0,False,2918945.2386070704,-3000940.921671284,213529878417838.2,213529878417838.2,PURE_DR
vw11,1,180,1255,3315836.980319164,-2870728.1342765796,3315836.980319164,-2870728.1342765796,0,0.0,0.0,0.0,0.0,False,3315836.980319164,-2870728.1342765796,214595006520794.5,214595006520794.5,PURE_DR
vw11,1,180,1260,2862930.2734047733,-2987603.96048991,2862930.2734047733,-2987603.96048991,0,0.0,0.0,2.5444437451708134e-14,0.0,False,2862930.2734047733,-2987603.96048991,215060330960753.2,215060330960753.2,PURE_DR
vw11,1,180,1265,3172634.37887818,-2914540.5591423735,3172634.37887818,-2914540.5591423735,0,0.0,0.0,1.5902773407317584e-15,0.0,False,3172634.37887818,-2914540.5591423735,216239653757746.56,216239653757746.56,PURE_DR
vw11,1,180,1270,2370815.0489563397,-3028274.9833485982,2370815.0489563397,-3028274.9833485982,0,0.0,0.0,0.0,0.0,False,2370815.0489563397,-3028274.9833485982,218250250313980.3,218250250313980.3,PURE_DR
vw11,1,180,1275,2734528.6161659327,-3011281.5288397125,2734528.6161659327,-3011281.5288397125,0,0.0,0.0,5.088887490341627e-14,0.0,False,2734528.6161659327,-3011281.5288397125,221724713044025.12,221724713044025.12,PURE_DR
vw11,1,180,1280,1234756.4221771741,-2860903.173152105,1234756.4221771741,-2860903.173152105,0,0.0,0.0,0.0,0.0,False,1234756.4221771741,-2860903.173152105,223511309786970.25,223511309786970.25,PURE_DR
vw11,1,180,1285,1459003.3853387618,-2884856.1391503178,1459003.3853387618,-2884856.1391503178,0,0.0,0.0,0.0,0.0,False,1459003.3853387618,-2884856.1391503178,225670298394937.94,225670298394937.94,PURE_DR
vw11,1,180,1290,1207667.49403891,-2828959.519283232,1207667.49403891,-2828959.519283232,0,0.0,0.0,2.5444437451708134e-14,0.0,False,1207667.49403891,-2828959.519283232,226314824887919.1,226314824887919.1,PURE_DR
vw11,1,180,1295,1554417.45400593,-2963188.1243380853,1554417.45400593,-2963188.1243380853,0,0.0,0.0,0.0,0.0,False,1554417.45400593,-2963188.1243380853,227160994406549.94,227160994406549.94,PURE_DR
vw11,1,180,1300,1762060.5398079155,-3081901.383858024,1762060.5398079155,-3081901.383858024,0,0.0,0.0,0.0,0.0,False,1762060.5398079155,-3081901.383858024,228062920129432.53,228062920129432.53,PURE_DR
vw11,1,180,1305,1946919.1907901277,-3198125.513624704,1946919.1907901277,-3198125.513624704,0,0.0,0.0,0.0,0.0,False,1946919.1907901277,-3198125.513624704,228292456852111.28,228292456852111.28,PURE_DR
vw11,1,180,1310,1559690.6092491392,-2892835.6226727017,1559690.6092491392,-2892835.6226727017,0,0.0,0.0,0.0,0.0,False,1559690.6092491392,-2892835.6226727017,228869742470205.1,228869742470205.1,PURE_DR
vw11,1,180,1315,1763898.8436190055,-3102875.8743230198,1763898.8436190055,-3102875.8743230198,0,0.0,0.0,0.0,0.0,False,1763898.8436190055,-3102875.8743230198,229558581069503.03,229558581069503.03,PURE_DR
vw11,1,180,1320,1690935.9539195627,-3026191.1815104466,1690935.9539195627,-3026191.1815104466,0,0.0,0.0,0.0,0.0,False,1690935.9539195627,-3026191.1815104466,230415243279795.7,230415243279795.7,PURE_DR
vw11,1,180,1325,1749134.6952135917,-3115966.6195359207,1749134.6952135917,-3115966.6195359207,0,0.0,0.0,0.0,0.0,False,1749134.6952135917,-3115966.6195359207,231171207297012.2,231171207297012.2,PURE_DR
vw11,1,180,1330,1498165.0357751343,-2743168.7107139714,1498165.0357751343,-2743168.7107139714,0,0.0,0.0,0.0,0.0,False,1498165.0357751343,-2743168.7107139714,232044943406156.75,232044943406156.75,PURE_DR
vw11,1,180,1335,1851037.3927596253,-3414179.8551432285,1851037.3927596253,-3414179.8551432285,0,0.0,0.0,0.0,0.0,False,1851037.3927596253,-3414179.8551432285,233013799961104.9,233013799961104.9,PURE_DR
vw11,1,180,1340,1751793.4199105557,-3179270.2656564405,1751793.4199105557,-3179270.2656564405,0,0.0,0.0,1.2722218725854067e-14,0.0,False,1751793.4199105557,-3179270.2656564405,234133515298378.88,234133515298378.88,PURE_DR
vw11,1,180,1345,1939477.2771599677,-3705866.167396058,1939477.2771599677,-3705866.167396058,0,0.0,0.0,0.0,0.0,False,1939477.2771599677,-3705866.167396058,234897256631847.97,234897256631847.97,PURE_DR
vw11,1,180,1350,1874614.620304529,-3407470.2099735644,1874614.620304529,-3407470.2099735644,0,0.0,0.0,0.0,0.0,False,1874614.620304529,-3407470.2099735644,236250502342634.0,236250502342634.0,PURE_DR
vw11,1,180,1355,1960689.4556046561,-4013049.512910672,1960689.4556046561,-4013049.512910672,0,0.0,0.0,0.0,0.0,False,1960689.4556046561,-4013049.512910672,237160508454269.94,237160508454269.94,PURE_DR
vw11,1,180,1360,1964959.5802415877,-3882380.5253287046,1964959.5802415877,-3882380.5253287046,0,0.0,0.0,0.0,0.0,False,1964959.5802415877,-3882380.5253287046,237740426878143.75,237740426878143.75,PURE_DR
vw11,1,180,1365,1925452.3407477317,-4397638.4992976505,1925452.3407477317,-4397638.4992976505,0,0.0,0.0,0.0,0.0,False,1925452.3407477317,-4397638.4992976505,238760289547100.22,238760289547100.22,PURE_DR
vw11,1,180,1370,2001980.0646779907,-4095853.596100201,2001980.0646779907,-4095853.596100201,0,0.0,0.0,1.2722218725854067e-14,0.0,False,2001980.0646779907,-4095853.596100201,239396895146754.97,239396895146754.97,PURE_DR
vw11,1,180,1375,2003960.4525057522,-4088760.267077683,2003960.4525057522,-4088760.267077683,0,0.0,0.0,0.0,0.0,False,2003960.4525057522,-4088760.267077683,239397636615615.75,239397636615615.75,PURE_DR
vw11,1,180,1380,2004646.085608304,-4086336.6742919665,2004646.085608304,-4086336.6742919665,0,0.0,0.0,0.0,0.0,False,2004646.085608304,-4086336.6742919665,239397862458743.75,239397862458743.75,PURE_DR
vw11,1,180,1385,2004900.1055008976,-4085465.9470599974,2004900.1055008976,-4085465.9470599974,0,0.0,0.0,0.0,0.0,False,2004900.1055008976,-4085465.9470599974,239399058411059.62,239399058411059.62,PURE_DR
vw11,1,180,1390,2002283.2728418405,-4094668.471378419,2002283.2728418405,-4094668.471378419,0,0.0,0.0,1.2722218725854067e-14,0.0,False,2002283.2728418405,-4094668.471378419,239401962672499.8,239401962672499.8,PURE_DR
vw11,1,180,1395,2000362.4097204295,-4101517.127296793,2000362.4097204295,-4101517.127296793,0,0.0,0.0,0.0,0.0,False,2000362.4097204295,-4101517.127296793,239403927432275.84,239403927432275.84,PURE_DR
vw11,1,180,1400,2011469.0892121762,-4061215.777975723,2011469.0892121762,-4061215.777975723,0,0.0,0.0,0.0,0.0,False,2011469.0892121762,-4061215.777975723,239429137049886.22,239429137049886.22,PURE_DR
vw11,1,180,1405,1992757.1128673893,-4125924.7100510704,1992757.1128673893,-4125924.7100510704,0,0.0,0.0,0.0,0.0,False,1992757.1128673893,-4125924.7100510704,239465676354359.72,239465676354359.72,PURE_DR
vw11,1,180,1410,2035969.6362546112,-3989466.3733104593,2035969.6362546112,-3989466.3733104593,0,0.0,0.0,0.0,0.0,False,2035969.6362546112,-3989466.3733104593,239524412943900.94,239524412943900.94,PURE_DR
vw11,1,180,1415,1971107.01015351,-4198148.191930774,1971107.01015351,-4198148.191930774,0,0.0,0.0,0.0,0.0,False,1971107.01015351,-4198148.191930774,239637500551654.6,239637500551654.6,PURE_DR
vw11,1,180,1420,2059241.6113581355,-3887828.9243605253,2059241.6113581355,-3887828.9243605253,0,0.0,0.0,0.0,0.0,False,2059241.6113581355,-3887828.9243605253,239811772151098.06,239811772151098.06,PURE_DR
vw11,1,180,1425,2027403.4252768634,-4028812.153786308,2027403.4252768634,-4028812.153786308,0,0.0,0.0,0.0,0.0,False,2027403.4252768634,-4028812.153786308,240014948230297.8,240014948230297.8,PURE_DR
vw11,1,180,1430,2050000.1588099434,-3897695.748517844,2050000.1588099434,-3897695.748517844,0,0.0,0.0,0.0,0.0,False,2050000.1588099434,-3897695.748517844,240195178112003.84,240195178112003.84,PURE_DR
vw11,1,180,1435,1940224.4058163057,-4333564.543921328,1940224.4058163057,-4333564.543921328,0,0.0,0.0,0.0,0.0,False,1940224.4058163057,-4333564.543921328,240920885779551.28,240920885779551.28,PURE_DR
vw11,1,180,1440,1890333.1679203084,-4516268.437981304,1890333.1679203084,-4516268.437981304,0,0.0,0.0,0.0,0.0,False,1890333.1679203084,-4516268.437981304,241409767723171.7,241409767723171.7,PURE_DR
vw11,1,180,1445,1851998.2413455944,-4694376.216084369,1851998.2413455944,-4694376.216084369,0,0.0,0.0,0.0,0.0,False,1851998.2413455944,-4694376.216084369,242359958100339.3,242359958100339.3,PURE_DR
vw11,1,180,1450,1925701.8065351734,-4334213.328383893,1925701.8065351734,-4334213.328383893,0,0.0,0.0,0.0,0.0,False,1925701.8065351734,-4334213.328383893,243388351206870.44,243388351206870.44,PURE_DR
vw11,1,180,1455,1942085.6810929943,-4245506.114017991,1942085.6810929943,-4245506.114017991,0,0.0,0.0,0.0,0.0,False,1942085.6810929943,-4245506.114017991,244096522270599.25,244096522270599.25,PURE_DR
vw11,1,180,1460,2001179.898847492,-4034573.255193922,2001179.898847492,-4034573.255193922,0,0.0,0.0,0.0,0.0,False,2001179.898847492,-4034573.255193922,245636860146878.88,245636860146878.88,PURE_DR
vw11,1,180,1465,2039697.6200280462,-3900713.39099139,2039697.6200280462,-3900713.39099139,0,0.0,0.0,0.0,0.0,False,2039697.6200280462,-3900713.39099139,246420304471232.75,246420304471232.75,PURE_DR
vw11,1,180,1470,2131705.3818267477,-3647320.853834673,2131705.3818267477,-3647320.853834673,0,0.0,0.0,0.0,0.0,False,2131705.3818267477,-3647320.853834673,247593232226181.22,247593232226181.22,PURE_DR
vw11,1,180,1475,2080112.8223945494,-3794851.22923561,2080112.8223945494,-3794851.22923561,0,0.0,0.0,0.0,0.0,False,2080112.8223945494,-3794851.22923561,248393278722451.56,248393278722451.56,PURE_DR
vw11,1,180,1480,2243276.8241041917,-3456821.416575979,2243276.8241041917,-3456821.416575979,0,0.0,0.0,0.0,0.0,False,2243276.8241041917,-3456821.416575979,249159620110385.88,249159620110385.88,PURE_DR
vw11,1,180,1485,1970527.1489741742,-3942979.851317129,1970527.1489741742,-3942979.851317129,0,0.0,0.0,0.0,0.0,False,1970527.1489741742,-3942979.851317129,250514498948916.06,250514498948916.06,PURE_DR
vw11,1,180,1490,2089710.9457898764,-3733091.023671749,2089710.9457898764,-3733091.023671749,0,0.0,0.0,0.0,0.0,False,2089710.9457898764,-3733091.023671749,251762237875369.1,251762237875369.1,PURE_DR
vw11,1,180,1495,2076795.2368302466,-3766492.981423771,2076795.2368302466,-3766492.981423771,0,0.0,0.0,0.0,0.0,False,2076795.2368302466,-3766492.981423771,252110398401048.56,252110398401048.56,PURE_DR
vw11,1,180,1500,2206969.246370458,-3393600.1912014284,2206969.246370458,-3393600.1912014284,0,0.0,0.0,1.2722218725854067e-14,0.0,False,2206969.246370458,-3393600.1912014284,253248642640815.12,253248642640815.12,PURE_DR
vw11,1,180,1505,2178955.9414886814,-3469727.1997264386,2178955.9414886814,-3469727.1997264386,0,0.0,0.0,0.0,0.0,False,2178955.9414886814,-3469727.1997264386,254287816743289.62,254287816743289.62,PURE_DR
vw11,1,180,1510,2473584.1377824903,-2862546.069130688,2473584.1377824903,-2862546.069130688,0,0.0,0.0,0.0,0.0,False,2473584.1377824903,-2862546.069130688,255976706067241.28,255976706067241.28,PURE_DR
vw11,1,180,1515,2580872.1726059453,-2684727.8883126676,2580872.1726059453,-2684727.8883126676,0,0.0,0.0,0.0,0.0,False,2580872.1726059453,-2684727.8883126676,257057563628476.2,257057563628476.2,PURE_DR
vw11,1,180,1520,2727075.910007985,-2423325.796105158,2727075.910007985,-2423325.796105158,0,0.0,0.0,0.0,0.0,False,2727075.910007985,-2423325.796105158,258229656838195.2,258229656838195.2,PURE_DR
vw11,1,180,1525,2926546.9905719045,-2044300.3901335548,2926546.9905719045,-2044300.3901335548,0,0.0,0.0,0.0,0.0,False,2926546.9905719045,-2044300.3901335548,259319356686501.44,259319356686501.44,PURE_DR
vw11,1,180,1530,3520804.75349268,-919372.7659143199,3520804.75349268,-919372.7659143199,0,0.0,0.0,0.0,0.0,False,3520804.75349268,-919372.7659143199,260924937958458.7,260924937958458.7,PURE_DR
vw11,1,180,1535,3197252.8602671903,-1557735.8566758938,3197252.8602671903,-1557735.8566758938,0,0.0,0.0,0.0,0.0,False,3197252.8602671903,-1557735.8566758938,262458459432543.0,262458459432543.0,PURE_DR
vw11,1,180,1540,3356237.826323051,-1244648.0916979867,3356237.826323051,-1244648.0916979867,0,0.0,0.0,1.2722218725854067e-14,0.0,False,3356237.826323051,-1244648.0916979867,263868695122293.75,263868695122293.75,PURE_DR
vw11,1,180,1545,3167172.88410365,-1693669.0079484188,3167172.88410365,-1693669.0079484188,0,0.0,0.0,0.0,0.0,False,3167172.88410365,-1693669.0079484188,265115225645006.94,265115225645006.94,PURE_DR
vw11,1,180,1550,3176742.527298168,-1675184.7274358417,3176742.527298168,-1675184.7274358417,0,0.0,0.0,0.0,0.0,False,3176742.527298168,-1675184.7274358417,266920689226711.44,266920689226711.44,PURE_DR
vw11,1,180,1555,3055751.32774006,-2510770.1038709,3055751.32774006,-2510770.1038709,0,0.0,0.0,0.0,0.0,False,3055751.32774006,-2510770.1038709,268132861781151.0,268132861781151.0,PURE_DR
vw11,1,180,1560,3082817.1093145674,-2195075.814476863,3082817.1093145674,-2195075.814476863,0,0.0,0.0,0.0,0.0,False,3082817.1093145674,-2195075.814476863,268766550740583.88,268766550740583.88,PURE_DR
vw11,1,180,1565,3067353.8904693592,-2348151.5564726386,3067353.8904693592,-2348151.5564726386,0,0.0,0.0,0.0,0.0,False,3067353.8904693592,-2348151.5564726386,269426906808334.44,269426906808334.44,PURE_DR
vw11,1,180,1570,3049068.837528657,-2513440.8797162585,3049068.837528657,-2513440.8797162585,0,0.0,0.0,0.0,0.0,False,3049068.837528657,-2513440.8797162585,270286375303083.25,270286375303083.25,PURE_DR
vw11,1,180,1575,3058996.116819897,-2669152.9812775836,3058996.116819897,-2669152.9812775836,0,0.0,0.0,0.0,0.0,False,3058996.116819897,-2669152.9812775836,271627545345087.06,271627545345087.06,PURE_DR
vw11,1,180,1580,2999885.57461312,-2209634.03804209,2999885.57461312,-2209634.03804209,0,0.0,0.0,0.0,0.0,False,2999885.57461312,-2209634.03804209,272841909228367.75,272841909228367.75,PURE_DR
vw11,1,180,1585,3127212.0162124056,-2873544.3904150724,3127212.0162124056,-2873544.3904150724,0,0.0,0.0,0.0,0.0,False,3127212.0162124056,-2873544.3904150724,273502169271526.94,273502169271526.94,PURE_DR
vw11,1,180,1590,3029656.888587443,-2229025.002711515,3029656.888587443,-2229025.002711515,0,0.0,0.0,0.0,0.0,False,3029656.888587443,-2229025.002711515,274384606846966.56,274384606846966.56,PURE_DR
vw11,1,180,1595,3064595.233101785,-2409495.139285671,3064595.233101785,-2409495.139285671,0,0.0,0.0,0.0,0.0,False,3064595.233101785,-2409495.139285671,275113895238000.62,275113895238000.62,PURE_DR
vw11,1,180,1600,3082499.2833553487,-2469381.904767584,3082499.2833553487,-2469381.904767584,0,0.0,0.0,0.0,0.0,False,3082499.2833553487,-2469381.904767584,275724203382289.66,275724203382289.66,PURE_DR
vw11,1,180,1605,3254583.4405677957,-2921438.705237722,3254583.4405677957,-2921438.705237722,0,0.0,0.0,0.0,0.0,False,3254583.4405677957,-2921438.705237722,276508887272043.06,276508887272043.06,PURE_DR
vw11,1,180,1610,3054542.878286664,-2429047.885488914,3054542.878286664,-2429047.885488914,0,0.0,0.0,0.0,0.0,False,3054542.878286664,-2429047.885488914,277739832440115.25,277739832440115.25,PURE_DR
vw11,1,180,1615,3264394.5128292874,-2873340.89549171,3264394.5128292874,-2873340.89549171,0,0.0,0.0,0.0,0.0,False,3264394.5128292874,-2873340.89549171,278222316509890.5,278222316509890.5,PURE_DR
vw11,1,180,1620,3286549.7802884453,-2925567.4793122234,3286549.7802884453,-2925567.4793122234,0,0.0,0.0,0.0,0.0,False,3286549.7802884453,-2925567.4793122234,278983373728256.78,278983373728256.78,PURE_DR
vw11,1,180,1625,3524519.5386103117,-3318691.7418663916,3524519.5386103117,-3318691.7418663916,0,0.0,0.0,0.0,0.0,False,3524519.5386103117,-3318691.7418663916,280177058117380.25,280177058117380.25,PURE_DR
vw11,1,180,1630,3421156.1418894646,-3172440.483755028,3421156.1418894646,-3172440.483755028,0,0.0,0.0,0.0,0.0,False,3421156.1418894646,-3172440.483755028,280819470990966.88,280819470990966.88,PURE_DR
vw11,1,180,1635,3608454.3212407143,-3405303.309718368,3608454.3212407143,-3405303.309718368,0,0.0,0.0,5.088887490341627e-14,0.0,False,3608454.3212407143,-3405303.309718368,281295741449020.7,281295741449020.7,PURE_DR
vw11,1,180,1640,3363690.251045228,-3117198.0099259997,3363690.251045228,-3117198.0099259997,0,0.0,0.0,0.0,0.0,False,3363690.251045228,-3117198.0099259997,282420300348606.06,282420300348606.06,PURE_DR
vw11,1,180,1645,3491722.9855790217,-3272443.320699932,3491722.9855790217,-3272443.320699932,0,0.0,0.0,0.0,0.0,False,3491722.9855790217,-3272443.320699932,283054211422263.06,283054211422263.06,PURE_DR
vw11,1,180,1650,3600810.5651730606,-3414773.4748689802,3600810.5651730606,-3414773.4748689802,0,0.0,0.0,0.0,0.0,False,3600810.5651730606,-3414773.4748689802,284698186172112.9,284698186172112.9,PURE_DR
vw11,1,180,1655,3608907.3488347833,-3431298.940847122,3608907.3488347833,-3431298.940847122,0,0.0,0.0,0.0,0.0,False,3608907.3488347833,-3431298.940847122,285117403575380.5,285117403575380.5,PURE_DR
vw11,1,180,1660,3391679.0563944518,-3147431.903359012,3391679.0563944518,-3147431.903359012,0,0.0,0.0,0.0,0.0,False,3391679.0563944518,-3147431.903359012,287664722684370.06,287664722684370.06,PURE_DR
vw11,1,180,1665,3321459.87545687,-3052768.981515701,3321459.87545687,-3052768.981515701,0,0.0,0.0,0.0,0.0,False,3321459.87545687,-3052768.981515701,288258702778427.6,288258702778427.6,PURE_DR
vw11,1,180,1670,3619897.6915028067,-3545263.499640412,3619897.6915028067,-3545263.499640412,0,0.0,0.0,0.0,0.0,False,3619897.6915028067,-3545263.499640412,289010042561779.25,289010042561779.25,PURE_DR
vw11,1,180,1675,3625474.1916232714,-3558748.3271211935,3625474.1916232714,-3558748.3271211935,0,0.0,0.0,0.0,0.0,False,3625474.1916232714,-3558748.3271211935,290552686995301.3,290552686995301.3,PURE_DR
vw11,1,180,1680,3441737.869960928,-3299270.4988396065,3441737.869960928,-3299270.4988396065,0,0.0,0.0,0.0,0.0,False,3441737.869960928,-3299270.4988396065,292545763232910.1,292545763232910.1,PURE_DR
vw11,1,180,1685,3835476.487228625,-3837344.2642122023,3835476.487228625,-3837344.2642122023,0,0.0,0.0,0.0,0.0,False,3835476.487228625,-3837344.2642122023,294623415590155.2,294623415590155.2,PURE_DR
vw11,1,180,1690,3722018.6528534545,-3669299.3201807328,3722018.6528534545,-3669299.3201807328,0,0.0,0.0,0.0,0.0,False,3722018.6528534545,-3669299.3201807328,295001333868015.1,295001333868015.1,PURE_DR
vw11,1,180,1695,4060545.922897713,-4072224.4199772268,4060545.922897713,-4072224.4199772268,0,0.0,0.0,0.0,0.0,False,4060545.922897713,-4072224.4199772268,295938548112719.9,295938548112719.9,PURE_DR
vw11,1,180,1700,3724426.9802819085,-3823446.8988428377,3724426.9802819085,-3823446.8988428377,0,0.0,0.0,0.0,0.0,False,3724426.9802819085,-3823446.8988428377,296848608634153.06,296848608634153.06,PURE_DR
vw11,1,180,1705,3784322.292082001,-3855413.738242781,3784322.292082001,-3855413.738242781,0,0.0,0.0,5.088887490341627e-14,0.0,False,3784322.292082001,-3855413.738242781,297851525061952.8,297851525061952.8,PURE_DR
vw11,1,180,1710,3504602.2196643855,-3698459.9438729854,3504602.2196643855,-3698459.9438729854,0,0.0,0.0,0.0,0.0,False,3504602.2196643855,-3698459.9438729854,300404529996195.1,300404529996195.1,PURE_DR
vw11,1,180,1715,3900483.309518285,-3942884.848042022,3900483.309518285,-3942884.848042022,0,0.0,0.0,0.0,0.0,False,3900483.309518285,-3942884.848042022,302217683915837.25,302217683915837.25,PURE_DR
vw11,1,180,1720,2984207.8186585796,-3416101.945701247,2984207.8186585796,-3416101.945701247,0,0.0,0.0,0.0,0.0,False,2984207.8186585796,-3416101.945701247,303892227770759.7,303892227770759.7,PURE_DR
vw11,1,180,1725,3512340.2714431984,-3649974.341774082,3512340.2714431984,-3649974.341774082,0,0.0,0.0,5.088887490341627e-14,0.0,False,3512340.2714431984,-3649974.341774082,305661356287230.94,305661356287230.94,PURE_DR
vw11,1,180,1730,3374712.4497604975,-3609787.5139367725,3374712.4497604975,-3609787.5139367725,0,0.0,0.0,0.0,0.0,False,3374712.4497604975,-3609787.5139367725,307166574357399.5,307166574357399.5,PURE_DR
vw11,1,180,1735,3813556.567503641,-3691420.9278556495,3813556.567503641,-3691420.9278556495,0,0.0,0.0,0.0,0.0,False,3813556.567503641,-3691420.9278556495,308106712086347.56,308106712086347.56,PURE_DR
vw11,1,180,1740,3574442.5889300634,-3681323.075321484,3574442.5889300634,-3681323.075321484,0,0.0,0.0,2.5444437451708134e-14,0.0,False,3574442.5889300634,-3681323.075321484,309205692325948.06,309205692325948.06,PURE_DR
vw11,1,180,1745,3768143.9088995117,-3676990.1191319637,3768143.9088995117,-3676990.1191319637,0,0.0,0.0,0.0,0.0,False,3768143.9088995117,-3676990.1191319637,309801287629166.6,309801287629166.6,PURE_DR
vw11,1,180,1750,4557443.315430515,-3600881.2833983856,4557443.315430515,-3600881.2833983856,0,0.0,0.0,0.0,0.0,False,4557443.315430515,-3600881.2833983856,311367412659440.6,311367412659440.6,PURE_DR
vw11,1,180,1755,4525619.162822861,-3594505.8715478643,4525619.162822861,-3594505.8715478643,0,0.0,0.0,0.0,0.0,False,4525619.162822861,-3594505.8715478643,312606636900242.06,312606636900242.06,PURE_DR
vw11,1,180,1760,4475472.154913246,-3603995.9496684927,4475472.154913246,-3603995.9496684927,0,0.0,0.0,0.0,0.0,False,4475472.154913246,-3603995.9496684927,313693465397413.75,313693465397413.75,PURE_DR
vw11,1,180,1765,5018955.926796178,-3490775.013366302,5018955.926796178,-3490775.013366302,0,0.0,0.0,0.0,0.0,False,5018955.926796178,-3490775.013366302,315608387903846.94,315608387903846.94,PURE_DR
vw11,1,180,1770,4687539.769747037,-3593368.4198941146,4687539.769747037,-3593368.4198941146,0,0.0,0.0,0.0,0.0,False,4687539.769747037,-3593368.4198941146,316700580157184.3,316700580157184.3,PURE_DR
vw11,1,180,1775,4912529.042218865,-3507979.4387743543,4912529.042218865,-3507979.4387743543,0,0.0,0.0,3.1805546814635168e-15,0.0,False,4912529.042218865,-3507979.4387743543,317096799548644.25,317096799548644.25,PURE_DR
vw11,1,180,1780,4326871.35566211,-3758865.3629283225,4326871.35566211,-3758865.3629283225,0,0.0,0.0,0.0,0.0,False,4326871.35566211,-3758865.3629283225,318584523795158.25,318584523795158.25,PURE_DR
vw11,1,180,1785,5071600.713802011,-3374725.409517474,5071600.713802011,-3374725.409517474,0,0.0,0.0,0.0,0.0,False,5071600.713802011,-3374725.409517474,320573216650740.4,320573216650740.4,PURE_DR
vw11,1,180,1790,3974798.371276208,-4057563.409161589,3974798.371276208,-4057563.409161589,0,0.0,0.0,0.0,0.0,False,3974798.371276208,-4057563.409161589,322675158659650.7,322675158659650.7,PURE_DR
vw11,1,180,1795,4363852.783915413,-3754983.13666806,4363852.783915413,-3754983.13666806,0,0.0,0.0,0.0,0.0,False,4363852.783915413,-3754983.13666806,323995061752222.75,323995061752222.75,PURE_DR
vw12,1,180,0,2.4012601051363163,0.9159689164953306,-2.15108161741248,0.38064484500859663,704651284,0.9689539932321537,4.583708871685862,75.16774080076387,0.6634046315994528,True,-1.1943739520943013,0.4945479216693435,50.06287866792542,30.306941937730837,PURE_DR
vw12,1,180,5,10.364595490857027,5.750907435663976,-2.6032661230636585,4.22597611443754,704651284,0.9479958960970669,13.05721449514616,69.83174172510128,13.43347522495405,False,10.364595490857027,5.750907435663976,32.40750868579611,32.40750868579611,PURE_DR
vw12,1,180,10,21.65711807925254,11.186288516735658,-3.0796869268185514,8.277410409929276,704651284,0.6420397526451591,24.907249823066405,70.79351041168104,28.080749210724328,False,21.65711807925254,11.186288516735658,37.42431198742923,37.42431198742923,PURE_DR
vw12,1,180,15,33.10953705525026,16.534388473955914,-4.481155543602121,20.195357681210673,704651284,0.6718240187560769,37.768543334339526,74.97622694392322,59.50753732695979,False,33.10953705525026,16.534388473955914,45.44702133828929,45.44702133828929,PURE_DR
vw12,1,180,20,43.96253092916518,21.019889337981837,-3.9160430683046337,15.389698387607773,704651284,0.989992488517504,48.20847330261421,75.0588135812734,132.05131405025503,False,43.96253092916518,21.019889337981837,56.16267645469155,56.16267645469155,PURE_DR
vw12,1,180,25,54.78219150847342,25.231137100278286,56.61320327179164,-8.74815617164978,369994442,0.35671783140680696,34.02859055760472,-18.251299547097418,11.191517627943359,False,54.78219150847342,25.231137100278286,69.53698370618159,69.53698370618159,PURE_DR
vw12,1,180,30,65.47163761524602,29.066367369770976,58.12158815724521,-8.666875185409886,369994442,0.362751550654045,38.442435156519025,-15.562717197241643,12.19141375623128,False,65.47163761524602,29.066367369770976,85.37302093485448,85.37302093485448,PURE_DR
vw12,1,180,35,76.02999343462835,32.07510523828564,67.41452954951775,-10.545384814294966,369994442,0.505040878560206,43.48255271114804,332.55822960945034,20.216825392792167,False,76.02999343462835,32.07510523828564,103.32993785322557,103.32993785322557,PURE_DR
vw12,1,180,40,86.02220730303166,35.29370668148253,85.53095260103791,57.35588427949093,369994530,0.527258809567822,22.067646262080025,-18.744310933894937,4.152696970068936,True,81.43417071595944,53.03296855967115,123.28039672730397,42.43378207492401,PURE_DR
vw12,1,180,45,90.83227899955509,56.648129604257306,90.7951478488632,57.47819824946166,369994530,0.46644092789467834,0.8308987171148476,-19.11127450272624,0.01035441406617573,True,90.68863332891215,57.11509114474345,67.49643190673261,44.444701749701,PURE_DR
vw12,1,180,50,99.34953922828026,60.73536481937981,99.47786665525456,57.86659906700615,369994530,0.8732335714188543,2.871634529411057,-19.830060281192168,0.14671785474848548,True,100.18181061015841,58.31727460010001,83.65844658338558,39.0842127733217,PURE_DR
vw12,1,180,55,106.85615134729638,60.1040724074046,106.94130500766032,58.20045826737936,369994530,0.4978555150860139,1.9055177616536176,-11.696271506517597,0.029331211199403587,True,107.36902014671101,58.608120989910084,146.41278469390795,61.14848954036481,PURE_DR
vw12,1,180,60,-373745.8018052088,-119441.39943913791,-373745.8018052088,-119441.39943913791,0,0.0,0.0,0.0,0.0,False,-373745.8018052088,-119441.39943913791,1608298085861.5347,1608298085861.5347,PURE_DR
vw12,1,180,65,-306907.6052600962,-159784.9139696218,-306907.6052600962,-159784.9139696218,0,0.0,0.0,0.0,0.0,False,-306907.6052600962,-159784.9139696218,4431597077586.407,4431597077586.407,PURE_DR
vw12,1,180,70,-1475959.1241352109,309522.5973929761,-1475959.1241352109,309522.5973929761,0,0.0,0.0,0.0,0.0,False,-1475959.1241352109,309522.5973929761,9904738118394.46,9904738118394.46,PURE_DR
vw12,1,180,75,-1565884.270108393,334783.66260025534,-1565884.270108393,334783.66260025534,0,0.0,0.0,0.0,0.0,False,-1565884.270108393,334783.66260025534,10813163757065.69,10813163757065.69,PURE_DR
vw12,1,180,80,-1640551.8506911735,334960.3367357325,-1640551.8506911735,334960.3367357325,0,0.0,0.0,0.0,0.0,False,-1640551.8506911735,334960.3367357325,15416431122641.764,15416431122641.764,PURE_DR
vw12,1,180,85,-941241.399181797,304800.2322884874,-941241.399181797,304800.2322884874,0,0.0,0.0,0.0,0.0,False,-941241.399181797,304800.2322884874,18783105584529.18,18783105584529.18,PURE_DR
vw12,1,180,90,-734388.2276963968,363205.87093424535,-734388.2276963968,363205.87093424535,0,0.0,0.0,0.0,0.0,False,-734388.2276963968,363205.87093424535,22079720500126.477,22079720500126.477,PURE_DR
vw12,1,180,95,499859.70168748486,389544.1815427648,499859.70168748486,389544.1815427648,0,0.0,0.0,0.0,0.0,False,499859.70168748486,389544.1815427648,25251723996004.242,25251723996004.242,PURE_DR
vw12,1,180,100,-153234.32300552665,208833.17924758315,-153234.32300552665,208833.17924758315,0,0.0,0.0,0.0,0.0,False,-153234.32300552665,208833.17924758315,29363041066539.98,29363041066539.98,PURE_DR
vw12,1,180,105,268663.625077405,307571.1858158946,268663.625077405,307571.1858158946,0,0.0,0.0,0.0,0.0,False,268663.625077405,307571.1858158946,32187890210289.074,32187890210289.074,PURE_DR
vw12,1,180,110,843195.1403759258,381265.9942378534,843195.1403759258,381265.9942378534,0,0.0,0.0,0.0,0.0,False,843195.1403759258,381265.9942378534,34628113364477.91,34628113364477.91,PURE_DR
vw12,1,180,115,1509964.9698579095,496940.10053855623,1509964.9698579095,496940.10053855623,0,0.0,0.0,0.0,0.0,False,1509964.9698579095,496940.10053855623,39229330994258.664,39229330994258.664,PURE_DR
vw12,1,180,120,1731514.6564635995,590305.7816520514,1731514.6564635995,590305.7816520514,0,0.0,0.0,0.0,0.0,False,1731514.6564635995,590305.7816520514,44410865112611.86,44410865112611.86,PURE_DR
vw12,1,180,125,2340340.8347335854,629434.5889760981,2340340.8347335854,629434.5889760981,0,0.0,0.0,0.0,0.0,False,2340340.8347335854,629434.5889760981,47881524075928.125,47881524075928.125,PURE_DR
vw12,1,180,130,1887597.7448322447,611189.1781224726,1887597.7448322447,611189.1781224726,0,0.0,0.0,0.0,0.0,False,1887597.7448322447,611189.1781224726,48763855891571.086,48763855891571.086,PURE_DR
vw12,1,180,135,1970389.6770124657,581191.1857944297,1970389.6770124657,581191.1857944297,0,0.0,0.0,0.0,0.0,False,1970389.6770124657,581191.1857944297,50684054856323.62,50684054856323.62,PURE_DR
vw12,1,180,140,1954995.1917348804,577536.4498344398,1954995.1917348804,577536.4498344398,0,0.0,0.0,0.0,0.0,False,1954995.1917348804,577536.4498344398,51131353339576.69,51131353339576.69,PURE_DR
vw12,1,180,145,2284833.7180102416,640780.0085568143,2284833.7180102416,640780.0085568143,0,0.0,0.0,0.0,0.0,False,2284833.7180102416,640780.0085568143,53401882599039.93,53401882599039.93,PURE_DR
vw12,1,180,150,2944500.5313469274,661064.1911304181,2944500.5313469274,661064.1911304181,0,0.0,0.0,0.0,0.0,False,2944500.5313469274,661064.1911304181,56808330766624.086,56808330766624.086,PURE_DR
vw12,1,180,155,3459245.628965904,708737.8607695551,3459245.628965904,708737.8607695551,0,0.0,0.0,0.0,0.0,False,3459245.628965904,708737.8607695551,59285235101041.164,59285235101041.164,PURE_DR
vw12,1,180,160,2264405.9673641105,624745.6536511286,2264405.9673641105,624745.6536511286,0,0.0,0.0,0.0,0.0,False,2264405.9673641105,624745.6536511286,62112994235663.59,62112994235663.59,PURE_DR
vw12,1,180,165,2776059.6352170003,578885.3261615064,2776059.6352170003,578885.3261615064,0,0.0,0.0,0.0,0.0,False,2776059.6352170003,578885.3261615064,64789649064341.11,64789649064341.11,PURE_DR
vw12,1,180,170,1619725.5995783869,677310.7768766995,1619725.5995783869,677310.7768766995,0,0.0,0.0,0.0,0.0,False,1619725.5995783869,677310.7768766995,67171753369242.91,67171753369242.91,PURE_DR
vw12,1,180,175,1628014.5673558,677004.7618205274,1628014.5673558,677004.7618205274,0,0.0,0.0,0.0,0.0,False,1628014.5673558,677004.7618205274,68977354558126.055,68977354558126.055,PURE_DR
vw12,1,180,180,237717.2147941393,811888.2221132092,237717.2147941393,811888.2221132092,0,0.0,0.0,0.0,0.0,False,237717.2147941393,811888.2221132092,70728466038836.44,70728466038836.44,PURE_DR
vw12,1,180,185,128680.20448822626,843896.6433106695,128680.20448822626,843896.6433106695,0,0.0,0.0,0.0,0.0,False,128680.20448822626,843896.6433106695,71823294105991.44,71823294105991.44,PURE_DR
vw12,1,180,190,-159924.33959748183,865350.3607863619,-159924.33959748183,865350.3607863619,0,0.0,0.0,0.0,0.0,False,-159924.33959748183,865350.3607863619,73260941984637.06,73260941984637.06,PURE_DR
vw12,1,180,195,16049.574491400359,854893.506086774,16049.574491400359,854893.506086774,0,0.0,0.0,0.0,0.0,False,16049.574491400359,854893.506086774,74474595115870.03,74474595115870.03,PURE_DR
vw12,1,180,200,-135504.52641191214,867187.6010864555,-135504.52641191214,867187.6010864555,0,0.0,0.0,2.5444437451708134e-14,0.0,False,-135504.52641191214,867187.6010864555,76189259710387.9,76189259710387.9,PURE_DR
vw12,1,180,205,250093.82332496127,843808.6347888933,250093.82332496127,843808.6347888933,0,0.0,0.0,0.0,0.0,False,250093.82332496127,843808.6347888933,77376880865223.53,77376880865223.53,PURE_DR
vw12,1,180,210,423749.87672806304,810229.993808262,423749.87672806304,810229.993808262,0,0.0,0.0,2.5444437451708134e-14,0.0,False,423749.87672806304,810229.993808262,79252255832040.27,79252255832040.27,PURE_DR
vw12,1,180,215,-436960.5416592026,960863.9396583318,-436960.5416592026,960863.9396583318,0,0.0,0.0,0.0,0.0,False,-436960.5416592026,960863.9396583318,81003289755970.8,81003289755970.8,PURE_DR
vw12,1,180,220,-679842.701598477,987683.6183807389,-679842.701598477,987683.6183807389,0,0.0,0.0,0.0,0.0,False,-679842.701598477,987683.6183807389,82308921118528.53,82308921118528.53,PURE_DR
vw12,1,180,225,191850.85518029102,922415.0592220193,191850.85518029102,922415.0592220193,0,0.0,0.0,5.088887490341627e-14,0.0,False,191850.85518029102,922415.0592220193,84185894535420.56,84185894535420.56,PURE_DR
vw12,1,180,230,109709.03066698917,933212.7635955815,109709.03066698917,933212.7635955815,0,0.0,0.0,2.5444437451708134e-14,0.0,False,109709.03066698917,933212.7635955815,84923502276846.12,84923502276846.12,PURE_DR
vw12,1,180,235,568297.4787634478,911315.73804607,568297.4787634478,911315.73804607,0,0.0,0.0,5.088887490341627e-14,0.0,False,568297.4787634478,911315.73804607,86724811310846.5,86724811310846.5,PURE_DR
vw12,1,180,240,431939.2996501338,922745.6003050185,431939.2996501338,922745.6003050185,0,0.0,0.0,0.0,0.0,False,431939.2996501338,922745.6003050185,87583108120600.31,87583108120600.31,PURE_DR
vw12,1,180,245,512139.97621971584,916483.7395334063,512139.97621971584,916483.7395334063,0,0.0,0.0,0.0,0.0,False,512139.97621971584,916483.7395334063,88788843902315.78,88788843902315.78,PURE_DR
vw12,1,180,250,603530.9093572359,899720.2239284931,603530.9093572359,899720.2239284931,0,0.0,0.0,0.0,0.0,False,603530.9093572359,899720.2239284931,90061858820188.06,90061858820188.06,PURE_DR
vw12,1,180,255,505723.035060784,904759.6692023623,505723.035060784,904759.6692023623,0,0.0,0.0,0.0,0.0,False,505723.035060784,904759.6692023623,90611884366109.92,90611884366109.92,PURE_DR
vw12,1,180,260,-221543.82066495722,966033.0480284712,-221543.82066495722,966033.0480284712,0,0.0,0.0,0.0,0.0,False,-221543.82066495722,966033.0480284712,91688395011508.19,91688395011508.19,PURE_DR
vw12,1,180,265,675470.6164524155,888450.2423928045,675470.6164524155,888450.2423928045,0,0.0,0.0,0.0,0.0,False,675470.6164524155,888450.2423928045,92975571956443.62,92975571956443.62,PURE_DR
vw12,1,180,270,742102.9911406143,865629.2877681924,742102.9911406143,865629.2877681924,0,0.0,0.0,0.0,0.0,False,742102.9911406143,865629.2877681924,94539680838843.62,94539680838843.62,PURE_DR
vw12,1,180,275,730096.5223845999,869335.923942546,730096.5223845999,869335.923942546,0,0.0,0.0,0.0,0.0,False,730096.5223845999,869335.923942546,95155403068856.31,95155403068856.31,PURE_DR
vw12,1,180,280,443515.38232187263,901321.2871089911,443515.38232187263,901321.2871089911,0,0.0,0.0,0.0,0.0,False,443515.38232187263,901321.2871089911,96560714070207.05,96560714070207.05,PURE_DR
vw12,1,180,285,680449.962387237,872383.6183304044,680449.962387237,872383.6183304044,0,0.0,0.0,0.0,0.0,False,680449.962387237,872383.6183304044,97070637704925.4,97070637704925.4,PURE_DR
vw12,1,180,290,782055.0731121715,855623.6228962668,782055.0731121715,855623.6228962668,0,0.0,0.0,2.5444437451708134e-14,0.0,False,782055.0731121715,855623.6228962668,98140494782788.86,98140494782788.86,PURE_DR
vw12,1,180,295,889709.9806079991,824057.995817528,889709.9806079991,824057.995817528,0,0.0,0.0,0.0,0.0,False,889709.9806079991,824057.995817528,100019861530633.95,100019861530633.95,PURE_DR
vw12,1,180,300,864132.450908884,828327.5793158129,864132.450908884,828327.5793158129,0,0.0,0.0,2.5444437451708134e-14,0.0,False,864132.450908884,828327.5793158129,100861515383080.16,100861515383080.16,PURE_DR
vw12,1,180,305,905264.8850081692,813450.7246237266,905264.8850081692,813450.7246237266,0,0.0,0.0,0.0,0.0,False,905264.8850081692,813450.7246237266,101434306773982.81,101434306773982.81,PURE_DR
vw12,1,180,310,146709.3261164215,942494.6597893069,146709.3261164215,942494.6597893069,0,0.0,0.0,2.5444437451708134e-14,0.0,False,146709.3261164215,942494.6597893069,102780756189493.81,102780756189493.81,PURE_DR
vw12,1,180,315,837087.0615795531,869635.4729920912,837087.0615795531,869635.4729920912,0,0.0,0.0,0.0,0.0,False,837087.0615795531,869635.4729920912,104272789263361.22,104272789263361.22,PURE_DR
vw12,1,180,320,-56062.86386180361,923366.6009326656,-56062.86386180361,923366.6009326656,0,0.0,0.0,0.0,0.0,False,-56062.86386180361,923366.6009326656,105389452615222.34,105389452615222.34,PURE_DR
vw12,1,180,325,472109.605278315,892577.9036069027,472109.605278315,892577.9036069027,0,0.0,0.0,0.0,0.0,False,472109.605278315,892577.9036069027,106420835231559.11,106420835231559.11,PURE_DR
vw12,1,180,330,-379430.67298056715,1002577.4679535973,-379430.67298056715,1002577.4679535973,0,0.0,0.0,0.0,0.0,False,-379430.67298056715,1002577.4679535973,107517111318814.55,107517111318814.55,PURE_DR
vw12,1,180,335,-311866.99077865767,983965.869408829,-311866.99077865767,983965.869408829,0,0.0,0.0,5.088887490341627e-14,0.0,False,-311866.99077865767,983965.869408829,109194749033686.94,109194749033686.94,PURE_DR
vw12,1,180,340,-221354.5571247347,941059.0925473362,-221354.5571247347,941059.0925473362,0,0.0,0.0,0.0,0.0,False,-221354.5571247347,941059.0925473362,109887403642679.06,109887403642679.06,PURE_DR
vw12,1,180,345,169384.02869825024,803754.5858134323,169384.02869825024,803754.5858134323,0,0.0,0.0,5.088887490341627e-14,0.0,False,169384.02869825024,803754.5858134323,111164603806246.8,111164603806246.8,PURE_DR
vw12,1,180,350,-203666.22988586233,933083.3385158493,-203666.22988586233,933083.3385158493,0,0.0,0.0,0.0,0.0,False,-203666.22988586233,933083.3385158493,112355163912473.7,112355163912473.7,PURE_DR
vw12,1,180,355,260181.74531268515,806408.1466552342,260181.74531268515,806408.1466552342,0,0.0,0.0,0.0,0.0,False,260181.74531268515,806408.1466552342,113558044210956.4,113558044210956.4,PURE_DR
vw12,1,180,360,-30208.045337900585,892483.3813371733,-30208.045337900585,892483.3813371733,0,0.0,0.0,2.5444437451708134e-14,0.0,False,-30208.045337900585,892483.3813371733,114532262253126.27,114532262253126.27,PURE_DR
vw12,1,180,365,415233.27263954544,762983.4809921375,415233.27263954544,762983.4809921375,0,0.0,0.0,0.0,0.0,False,415233.27263954544,762983.4809921375,116241200654430.11,116241200654430.11,PURE_DR
vw12,1,180,370,-92180.80599231951,848370.0398549986,-92180.80599231951,848370.0398549986,0,0.0,0.0,2.5444437451708134e-14,0.0,False,-92180.80599231951,848370.0398549986,116949652345623.77,116949652345623.77,PURE_DR
vw12,1,180,375,-309704.21059518773,872143.5595478547,-309704.21059518773,872143.5595478547,0,0.0,0.0,0.0,0.0,False,-309704.21059518773,872143.5595478547,118392687814802.17,118392687814802.17,PURE_DR
vw12,1,180,380,-532487.2103943655,890429.6129772494,-532487.2103943655,890429.6129772494,0,0.0,0.0,0.0,0.0,False,-532487.2103943655,890429.6129772494,119277841375421.34,119277841375421.34,PURE_DR
vw12,1,180,385,-385117.49940578104,868567.1426194609,-385117.49940578104,868567.1426194609,0,0.0,0.0,0.0,0.0,False,-385117.49940578104,868567.1426194609,120018701508221.69,120018701508221.69,PURE_DR
vw12,1,180,390,-322920.92285514943,860582.5121031132,-322920.92285514943,860582.5121031132,0,0.0,0.0,2.5444437451708134e-14,0.0,False,-322920.92285514943,860582.5121031132,120422247547768.36,120422247547768.36,PURE_DR
vw12,1,180,395,-31133.30123474388,801464.2997537913,-31133.30123474388,801464.2997537913,0,0.0,0.0,0.0,0.0,False,-31133.30123474388,801464.2997537913,121196954510473.16,121196954510473.16,PURE_DR
vw12,1,180,400,167697.54081483872,768254.6115894682,167697.54081483872,768254.6115894682,0,0.0,0.0,2.5444437451708134e-14,0.0,False,167697.54081483872,768254.6115894682,121839735535719.36,121839735535719.36,PURE_DR
vw12,1,180,405,720266.0464928958,730739.381569519,720266.0464928958,730739.381569519,0,0.0,0.0,5.088887490341627e-14,0.0,False,720266.0464928958,730739.381569519,122201836434735.44,122201836434735.44,PURE_DR
vw12,1,180,410,685617.1077655364,721942.4017911655,685617.1077655364,721942.4017911655,0,0.0,0.0,0.0,0.0,False,685617.1077655364,721942.4017911655,122759276544760.12,122759276544760.12,PURE_DR
vw12,1,180,415,826981.1472150766,699724.8610603681,826981.1472150766,699724.8610603681,0,0.0,0.0,0.0,0.0,False,826981.1472150766,699724.8610603681,123935620048401.12,123935620048401.12,PURE_DR
vw12,1,180,420,642139.3612683369,730914.7038523722,642139.3612683369,730914.7038523722,0,0.0,0.0,0.0,0.0,False,642139.3612683369,730914.7038523722,124426562437270.28,124426562437270.28,PURE_DR
vw12,1,180,425,1613134.824881801,527281.384074582,1613134.824881801,527281.384074582,0,0.0,0.0,0.0,0.0,False,1613134.824881801,527281.384074582,125343213666950.22,125343213666950.22,PURE_DR
vw12,1,180,430,1683240.1185514377,512511.8913857261,1683240.1185514377,512511.8913857261,0,0.0,0.0,0.0,0.0,False,1683240.1185514377,512511.8913857261,126247251180262.16,126247251180262.16,PURE_DR
vw12,1,180,435,1647723.0969080548,522084.82336398825,1647723.0969080548,522084.82336398825,0,0.0,0.0,0.0,0.0,False,1647723.0969080548,522084.82336398825,127636440798577.02,127636440798577.02,PURE_DR
vw12,1,180,440,1429229.7161050776,558374.101071417,1429229.7161050776,558374.101071417,0,0.0,0.0,0.0,0.0,False,1429229.7161050776,558374.101071417,128543000268092.94,128543000268092.94,PURE_DR
vw12,1,180,445,2024729.6959468632,498151.2273460633,2024729.6959468632,498151.2273460633,0,0.0,0.0,0.0,0.0,False,2024729.6959468632,498151.2273460633,129841209318890.88,129841209318890.88,PURE_DR
vw12,1,180,450,1084888.1125402902,599753.7462701008,1084888.1125402902,599753.7462701008,0,0.0,0.0,0.0,0.0,False,1084888.1125402902,599753.7462701008,131264732352704.8,131264732352704.8,PURE_DR
vw12,1,180,455,1815630.245040252,500858.1598773016,1815630.245040252,500858.1598773016,0,0.0,0.0,5.088887490341627e-14,0.0,False,1815630.245040252,500858.1598773016,132319723785074.36,132319723785074.36,PURE_DR
vw12,1,180,460,1456071.4238074073,556838.8952667321,1456071.4238074073,556838.8952667321,0,0.0,0.0,0.0,0.0,False,1456071.4238074073,556838.8952667321,133744869401056.5,133744869401056.5,PURE_DR
vw12,1,180,465,1544277.7229390838,549877.838713747,1544277.7229390838,549877.838713747,0,0.0,0.0,0.0,0.0,False,1544277.7229390838,549877.838713747,134739093492240.06,134739093492240.06,PURE_DR
vw12,1,180,470,1305833.883339113,591043.9557802265,1305833.883339113,591043.9557802265,0,0.0,0.0,0.0,0.0,False,1305833.883339113,591043.9557802265,137027990681129.36,137027990681129.36,PURE_DR
vw12,1,180,475,1239357.8507124158,607599.8611186978,1239357.8507124158,607599.8611186978,0,0.0,0.0,0.0,0.0,False,1239357.8507124158,607599.8611186978,137971809676006.1,137971809676006.1,PURE_DR
vw12,1,180,480,732849.9927117147,629150.8397129328,732849.9927117147,629150.8397129328,0,0.0,0.0,0.0,0.0,False,732849.9927117147,629150.8397129328,139965076724049.88,139965076724049.88,PURE_DR
vw12,1,180,485,944761.0194983078,624587.5209320704,944761.0194983078,624587.5209320704,0,0.0,0.0,0.0,0.0,False,944761.0194983078,624587.5209320704,142159697906454.6,142159697906454.6,PURE_DR
vw12,1,180,490,704174.3699472699,630895.8916597001,704174.3699472699,630895.8916597001,0,0.0,0.0,0.0,0.0,False,704174.3699472699,630895.8916597001,142807468449729.22,142807468449729.22,PURE_DR
vw12,1,180,495,1186991.658180015,596674.007167257,1186991.658180015,596674.007167257,0,0.0,0.0,0.0,0.0,False,1186991.658180015,596674.007167257,144202063454490.38,144202063454490.38,PURE_DR
vw12,1,180,500,1082775.1774655296,607031.6782194341,1082775.1774655296,607031.6782194341,0,0.0,0.0,0.0,0.0,False,1082775.1774655296,607031.6782194341,146707227802004.4,146707227802004.4,PURE_DR
vw12,1,180,505,2130549.180227825,499490.7370782035,2130549.180227825,499490.7370782035,0,0.0,0.0,0.0,0.0,False,2130549.180227825,499490.7370782035,149955710399858.78,149955710399858.78,PURE_DR
vw12,1,180,510,1262469.2044385055,612470.1233751331,1262469.2044385055,612470.1233751331,0,0.0,0.0,2.5444437451708134e-14,0.0,False,1262469.2044385055,612470.1233751331,151717050672259.44,151717050672259.44,PURE_DR
vw12,1,180,515,1807483.2549683163,506751.1819473275,1807483.2549683163,506751.1819473275,0,0.0,0.0,0.0,0.0,False,1807483.2549683163,506751.1819473275,153817028118597.44,153817028118597.44,PURE_DR
vw12,1,180,520,1444257.1654284091,588571.5986173827,1444257.1654284091,588571.5986173827,0,0.0,0.0,2.5444437451708134e-14,0.0,False,1444257.1654284091,588571.5986173827,155144233847441.47,155144233847441.47,PURE_DR
vw12,1,180,525,1312652.6823800185,615464.210253691,1312652.6823800185,615464.210253691,0,0.0,0.0,0.0,0.0,False,1312652.6823800185,615464.210253691,155815351923021.06,155815351923021.06,PURE_DR
vw12,1,180,530,787852.8637365266,733461.5803596473,787852.8637365266,733461.5803596473,0,0.0,0.0,0.0,0.0,False,787852.8637365266,733461.5803596473,158014167088827.12,158014167088827.12,PURE_DR
vw12,1,180,535,1546042.368730119,557470.073776624,1546042.368730119,557470.073776624,0,0.0,0.0,0.0,0.0,False,1546042.368730119,557470.073776624,159206552837464.62,159206552837464.62,PURE_DR
vw12,1,180,540,1208505.8458821634,633197.7380067145,1208505.8458821634,633197.7380067145,0,0.0,0.0,0.0,0.0,False,1208505.8458821634,633197.7380067145,160005681250832.28,160005681250832.28,PURE_DR
vw12,1,180,545,2490177.748347342,363983.70878486184,2490177.748347342,363983.70878486184,0,0.0,0.0,0.0,0.0,False,2490177.748347342,363983.70878486184,162514344833995.38,162514344833995.38,PURE_DR
vw12,1,180,550,2013970.0011100038,464282.2780837511,2013970.0011100038,464282.2780837511,0,0.0,0.0,0.0,0.0,False,2013970.0011100038,464282.2780837511,163595650958766.2,163595650958766.2,PURE_DR
vw12,1,180,555,1283599.9791827567,657602.7668575781,1283599.9791827567,657602.7668575781,0,0.0,0.0,0.0,0.0,False,1283599.9791827567,657602.7668575781,165786605271530.0,165786605271530.0,PURE_DR
vw12,1,180,560,995510.1985106858,744245.711940857,995510.1985106858,744245.711940857,0,0.0,0.0,2.5444437451708134e-14,0.0,False,995510.1985106858,744245.711940857,167273047842729.94,167273047842729.94,PURE_DR
vw12,1,180,565,1823956.1583303886,509893.91184902546,1823956.1583303886,509893.91184902546,0,0.0,0.0,5.088887490341627e-14,0.0,False,1823956.1583303886,509893.91184902546,169346315323699.3,169346315323699.3,PURE_DR
vw12,1,180,570,1726057.1938084469,532548.3879297079,1726057.1938084469,532548.3879297079,0,0.0,0.0,0.0,0.0,False,1726057.1938084469,532548.3879297079,170442275714501.16,170442275714501.16,PURE_DR
vw12,1,180,575,1381480.462543828,663661.969202855,1381480.462543828,663661.969202855,0,0.0,0.0,5.088887490341627e-14,0.0,False,1381480.462543828,663661.969202855,171406802023160.47,171406802023160.47,PURE_DR
vw12,1,180,580,1337231.5225500637,680920.3358646077,1337231.5225500637,680920.3358646077,0,0.0,0.0,0.0,0.0,False,1337231.5225500637,680920.3358646077,172070287652322.97,172070287652322.97,PURE_DR
vw12,1,180,585,1998858.3588357514,454685.5710110226,1998858.3588357514,454685.5710110226,0,0.0,0.0,0.0,0.0,False,1998858.3588357514,454685.5710110226,173193962383160.16,173193962383160.16,PURE_DR
vw12,1,180,590,1206029.9540580157,730280.6650910487,1206029.9540580157,730280.6650910487,0,0.0,0.0,0.0,0.0,False,1206029.9540580157,730280.6650910487,174418650278792.44,174418650278792.44,PURE_DR
vw12,1,180,595,939469.758811695,808102.3432444162,939469.758811695,808102.3432444162,0,0.0,0.0,0.0,0.0,False,939469.758811695,808102.3432444162,176257340742879.66,176257340742879.66,PURE_DR
vw12,1,180,600,554189.4692691092,943604.548723988,554189.4692691092,943604.548723988,0,0.0,0.0,0.0,0.0,False,554189.4692691092,943604.548723988,176982152526845.8,176982152526845.8,PURE_DR
vw12,1,180,605,614641.0874898842,931381.8455085738,614641.0874898842,931381.8455085738,0,0.0,0.0,0.0,0.0,False,614641.0874898842,931381.8455085738,178933326093305.56,178933326093305.56,PURE_DR
vw12,1,180,610,315224.9038793646,1054317.6973145872,315224.9038793646,1054317.6973145872,0,0.0,0.0,2.5444437451708134e-14,0.0,False,315224.9038793646,1054317.6973145872,181166984800631.34,181166984800631.34,PURE_DR
vw12,1,180,615,26095.90124676552,1158313.6690484718,26095.90124676552,1158313.6690484718,0,0.0,0.0,5.088887490341627e-14,0.0,False,26095.90124676552,1158313.6690484718,184153299397109.66,184153299397109.66,PURE_DR
vw12,1,180,620,-10610.336279567022,1182571.0722196049,-10610.336279567022,1182571.0722196049,0,0.0,0.0,0.0,0.0,False,-10610.336279567022,1182571.0722196049,185577809492881.66,185577809492881.66,PURE_DR
vw12,1,180,625,1085317.1667411076,681133.7550401896,1085317.1667411076,681133.7550401896,0,0.0,0.0,0.0,0.0,False,1085317.1667411076,681133.7550401896,188032745655664.16,188032745655664.16,PURE_DR
vw12,1,180,630,1535012.528672571,469574.30304093,1535012.528672571,469574.30304093,0,0.0,0.0,0.0,0.0,False,1535012.528672571,469574.30304093,190626971137411.3,190626971137411.3,PURE_DR
vw12,1,180,635,1654722.582836244,405358.27760818234,1654722.582836244,405358.27760818234,0,0.0,0.0,0.0,0.0,False,1654722.582836244,405358.27760818234,192306237884185.03,192306237884185.03,PURE_DR
vw12,1,180,640,1362512.1370666393,600677.3333271623,1362512.1370666393,600677.3333271623,0,0.0,0.0,0.0,0.0,False,1362512.1370666393,600677.3333271623,193947929293117.62,193947929293117.62,PURE_DR
vw12,1,180,645,1632111.9552520975,453799.98039481137,1632111.9552520975,453799.98039481137,0,0.0,0.0,0.0,0.0,False,1632111.9552520975,453799.98039481137,195625669565188.9,195625669565188.9,PURE_DR
vw12,1,180,650,1909961.3998318678,338694.1380406023,1909961.3998318678,338694.1380406023,0,0.0,0.0,0.0,0.0,False,1909961.3998318678,338694.1380406023,197141763742748.56,197141763742748.56,PURE_DR
vw12,1,180,655,2916253.3895829124,-196058.67692504104,2916253.3895829124,-196058.67692504104,0,0.0,0.0,0.0,0.0,False,2916253.3895829124,-196058.67692504104,199308278851505.22,199308278851505.22,PURE_DR
vw12,1,180,660,3246526.0389341176,-390442.2319856243,3246526.0389341176,-390442.2319856243,0,0.0,0.0,2.5444437451708134e-14,0.0,False,3246526.0389341176,-390442.2319856243,200003575236204.7,200003575236204.7,PURE_DR
vw12,1,180,665,3590258.1229936257,-604490.7507882422,3590258.1229936257,-604490.7507882422,0,0.0,0.0,0.0,0.0,False,3590258.1229936257,-604490.7507882422,202444890628548.0,202444890628548.0,PURE_DR
vw12,1,180,670,3275957.2105949703,-379908.0039712893,3275957.2105949703,-379908.0039712893,0,0.0,0.0,0.0,0.0,False,3275957.2105949703,-379908.0039712893,203455798216067.34,203455798216067.34,PURE_DR
vw12,1,180,675,3311663.0368743245,-426006.7148016404,3311663.0368743245,-426006.7148016404,0,0.0,0.0,0.0,0.0,False,3311663.0368743245,-426006.7148016404,204421929138129.6,204421929138129.6,PURE_DR
vw12,1,180,680,2792075.2044933713,-19820.493236165352,2792075.2044933713,-19820.493236165352,0,0.0,0.0,0.0,0.0,False,2792075.2044933713,-19820.493236165352,205548963123268.28,205548963123268.28,PURE_DR
vw12,1,180,685,3383957.1617624504,-440827.0928753632,3383957.1617624504,-440827.0928753632,0,0.0,0.0,0.0,0.0,False,3383957.1617624504,-440827.0928753632,206555552919090.34,206555552919090.34,PURE_DR
vw12,1,180,690,2555926.3197897184,153938.50141675293,2555926.3197897184,153938.50141675293,0,0.0,0.0,0.0,0.0,False,2555926.3197897184,153938.50141675293,207657524588958.53,207657524588958.53,PURE_DR
vw12,1,180,695,2688236.5456264354,58006.35978954676,2688236.5456264354,58006.35978954676,0,0.0,0.0,0.0,0.0,False,2688236.5456264354,58006.35978954676,208993302565408.6,208993302565408.6,PURE_DR
vw12,1,180,700,2626958.0768318865,104607.03201053047,2626958.0768318865,104607.03201053047,0,0.0,0.0,0.0,0.0,False,2626958.0768318865,104607.03201053047,210741957640076.7,210741957640076.7,PURE_DR
vw12,1,180,705,2330844.430973705,345213.546151195,2330844.430973705,345213.546151195,0,0.0,0.0,0.0,0.0,False,2330844.430973705,345213.546151195,211636187660978.5,211636187660978.5,PURE_DR
vw12,1,180,710,2083050.5635936174,540932.3964606884,2083050.5635936174,540932.3964606884,0,0.0,0.0,0.0,0.0,False,2083050.5635936174,540932.3964606884,213620550524987.88,213620550524987.88,PURE_DR
vw12,1,180,715,2436101.4161849823,273685.90830163704,2436101.4161849823,273685.90830163704,0,0.0,0.0,5.088887490341627e-14,0.0,False,2436101.4161849823,273685.90830163704,215212243748501.56,215212243748501.56,PURE_DR
vw12,1,180,720,2815762.4242673055,-11529.408570890257,2815762.4242673055,-11529.408570890257,0,0.0,0.0,0.0,0.0,False,2815762.4242673055,-11529.408570890257,216814982861215.7,216814982861215.7,PURE_DR
vw12,1,180,725,3442440.1218668334,-466117.5783469528,3442440.1218668334,-466117.5783469528,0,0.0,0.0,0.0,0.0,False,3442440.1218668334,-466117.5783469528,217460125194807.84,217460125194807.84,PURE_DR
vw12,1,180,730,3181406.889737149,-270467.6811834021,3181406.889737149,-270467.6811834021,0,0.0,0.0,2.5444437451708134e-14,0.0,False,3181406.889737149,-270467.6811834021,218053163642403.97,218053163642403.97,PURE_DR
vw12,1,180,735,3312595.8338744068,-368790.19146447093,3312595.8338744068,-368790.19146447093,0,0.0,0.0,0.0,0.0,False,3312595.8338744068,-368790.19146447093,218666337013010.62,218666337013010.62,PURE_DR
vw12,1,180,740,3329265.269884044,-389202.3126873424,3329265.269884044,-389202.3126873424,0,0.0,0.0,0.0,0.0,False,3329265.269884044,-389202.3126873424,219639573115705.16,219639573115705.16,PURE_DR
vw12,1,180,745,4019786.888012832,-878249.561497636,4019786.888012832,-878249.561497636,0,0.0,0.0,0.0,0.0,False,4019786.888012832,-878249.561497636,221161855047747.72,221161855047747.72,PURE_DR
vw12,1,180,750,3531996.8562210295,-557707.1255486882,3531996.8562210295,-557707.1255486882,0,0.0,0.0,0.0,0.0,False,3531996.8562210295,-557707.1255486882,221822963079689.34,221822963079689.34,PURE_DR
vw12,1,180,755,3962658.4286279543,-798086.3064711137,3962658.4286279543,-798086.3064711137,0,0.0,0.0,0.0,0.0,False,3962658.4286279543,-798086.3064711137,222490352549110.28,222490352549110.28,PURE_DR
vw12,1,180,760,3953753.167394765,-798132.0966023359,3953753.167394765,-798132.0966023359,0,0.0,0.0,0.0,0.0,False,3953753.167394765,-798132.0966023359,224131575295896.22,224131575295896.22,PURE_DR
vw12,1,180,765,3898041.256982934,-754730.8931697105,3898041.256982934,-754730.8931697105,0,0.0,0.0,0.0,0.0,False,3898041.256982934,-754730.8931697105,225592232693475.8,225592232693475.8,PURE_DR
vw12,1,180,770,3538238.9551242115,-566161.8925157883,3538238.9551242115,-566161.8925157883,0,0.0,0.0,2.5444437451708134e-14,0.0,False,3538238.9551242115,-566161.8925157883,226402434887239.44,226402434887239.44,PURE_DR
vw12,1,180,775,4152252.370605561,-835774.883281842,4152252.370605561,-835774.883281842,0,0.0,0.0,5.088887490341627e-14,0.0,False,4152252.370605561,-835774.883281842,228402039441442.8,228402039441442.8,PURE_DR
vw12,1,180,780,3719471.8023206596,-674042.0190860088,3719471.8023206596,-674042.0190860088,0,0.0,0.0,0.0,0.0,False,3719471.8023206596,-674042.0190860088,230344875837535.94,230344875837535.94,PURE_DR
vw14a,1,180,0,1.963981942186365,1.454981311049778,-2.2195655068333653,0.9630249092326295,704651284,0.9625232521872825,4.212373482905851,58.71230151256616,0.5585844619113041,True,-1.331344911882561,1.0695285274021575,50.05801921229065,30.351504487723552,PURE_DR
vw14a,1,180,5,8.224503153236583,8.714551065349951,-2.9762066536729828,7.397424640574625,704651284,0.9153744583298852,11.277886424212719,58.55123581214285,9.438159553939611,False,8.224503153236583,8.714551065349951,32.32299172195979,32.32299172195979,PURE_DR
vw14a,1,180,10,18.154152943519875,15.744074826594442,-4.481155543602121,20.195357681210673,704651284,0.6288360786869583,23.068834156909134,63.91029885834324,20.18174023846797,False,18.154152943519875,15.744074826594442,37.072522424994084,37.072522424994084,PURE_DR
vw14a,1,180,15,28.354554200544953,22.26173104532063,-4.481155543602121,20.195357681210673,704651284,0.5636146007915495,32.90066463282738,68.40096069061144,36.44569190078745,False,28.354554200544953,22.26173104532063,44.569427928488274,44.569427928488274,PURE_DR
vw14a,1,180,20,38.189195476470736,28.020272173708133,-4.481155543602121,20.195357681210673,704651284,0.9999999064536121,43.38188726866467,66.6477048462091,97.07602221507221,False,38.189195476470736,28.020272173708133,54.60890089051995,54.60890089051995,PURE_DR
vw14a,1,180,25,47.59121226974848,33.49715399856371,69.4523511823985,57.05778302543781,369994530,0.23029662499448644,32.14051391468661,-29.481348130929874,0.0,False,47.59121226974848,33.49715399856371,66.9183425667719,66.9183425667719,PURE_DR
vw14a,1,180,30,56.86804656414425,38.48522485541619,67.32852808355598,57.468049306826565,369994530,0.2517716079323521,21.67416198543828,320.7283202678984,2.8729478321597304,True,55.15748065054357,45.8293116476021,81.44436188214533,61.652270317020594,PURE_DR
vw14a,1,180,35,64.25815273185147,50.56710829658665,72.14326840703963,57.05778302543781,369994530,0.27328784031963466,10.212928455974076,-27.039798181382196,0.2980947667940228,True,63.397413089131625,52.91093154387085,78.35295636824935,57.43886849576022,PURE_DR
vw14a,1,180,40,72.14864045294522,57.6975111962173,72.16287544834742,57.05821961204364,369994530,0.287401025462041,0.6394500486272338,-28.506541371775405,0.003411364081312307,True,72.2397604228338,57.46370013484645,76.59993049433785,58.14090359749673,PURE_DR
vw14a,1,180,45,80.63456341184298,62.229705584420195,80.74546065236136,57.24932655595267,369994530,0.4989917387719486,4.981613540325435,-29.722595331455146,0.36231685409755465,True,81.93114735683982,59.101806554604586,80.99528359277741,49.35203504531115,PURE_DR
vw14a,1,180,50,89.91038374135698,63.44611059629448,90.56826775206052,57.468049306826565,369994530,0.4832177536154356,6.014152321996358,-25.576852766731495,0.5400811504734905,True,91.57666060700818,59.92433031833447,82.2846931008612,54.17888917505364,PURE_DR
vw14a,1,180,55,98.89721885921745,63.349672126956456,99.14316086750729,57.851626798008766,369994530,0.8442872273006421,5.503543395904601,-23.083215364380056,0.41743024579846727,True,101.18772480437524,58.60878033144113,116.45759456395444,50.045366938810204,PURE_DR
vw14a,1,180,60,105.32783438567994,58.55362789449079,105.34682316143915,58.12913290645943,369994530,0.39456379643828104,0.42491948468924595,-13.350126195678913,0.0009297419891420217,True,105.48347145153528,58.22317521032919,240.90965211587354,97.40546031230578,PURE_DR
vw14a,1,180,65,-233466.03869172325,-59958.16220769752,-233466.03869172325,-59958.16220769752,0,0.0,0.0,0.0,0.0,False,-233466.03869172325,-59958.16220769752,1340532493117.0593,1340532493117.0593,PURE_DR
vw14a,1,180,70,86088.11025141335,11382.810428927669,86088.11025141335,11382.810428927669,0,0.0,0.0,0.0,0.0,False,86088.11025141335,11382.810428927669,8889193083242.688,8889193083242.688,PURE_DR
vw14a,1,180,75,154205.14014806953,23658.385370531592,154205.14014806953,23658.385370531592,0,0.0,0.0,0.0,0.0,False,154205.14014806953,23658.385370531592,12811075449878.596,12811075449878.596,PURE_DR
vw14a,1,180,80,66205.8612227536,45983.830997933204,66205.8612227536,45983.830997933204,0,0.0,0.0,0.0,0.0,False,66205.8612227536,45983.830997933204,17585630194667.527,17585630194667.527,PURE_DR
vw14a,1,180,85,-439472.3293500644,183773.9200643373,-439472.3293500644,183773.9200643373,0,0.0,0.0,0.0,0.0,False,-439472.3293500644,183773.9200643373,21736211251682.92,21736211251682.92,PURE_DR
vw14a,1,180,90,328463.92633821396,10925.809839949823,328463.92633821396,10925.809839949823,0,0.0,0.0,0.0,0.0,False,328463.92633821396,10925.809839949823,26865321073526.254,26865321073526.254,PURE_DR
vw14a,1,180,95,443263.70320819854,-10541.602981764148,443263.70320819854,-10541.602981764148,0,0.0,0.0,0.0,0.0,False,443263.70320819854,-10541.602981764148,29222356437221.918,29222356437221.918,PURE_DR
vw14a,1,180,100,1282283.0307108052,-153368.4765557836,1282283.0307108052,-153368.4765557836,0,0.0,0.0,0.0,0.0,False,1282283.0307108052,-153368.4765557836,31456815482591.32,31456815482591.32,PURE_DR
vw14a,1,180,105,-112650.52635265075,143902.13223169182,-112650.52635265075,143902.13223169182,0,0.0,0.0,0.0,0.0,False,-112650.52635265075,143902.13223169182,33392007376868.36,33392007376868.36,PURE_DR
vw14a,1,180,110,703024.9671268583,-35365.94367701283,703024.9671268583,-35365.94367701283,0,0.0,0.0,0.0,0.0,False,703024.9671268583,-35365.94367701283,36126988276506.28,36126988276506.28,PURE_DR
vw14a,1,180,115,2259.557914138922,86200.0162047605,2259.557914138922,86200.0162047605,0,0.0,0.0,0.0,0.0,False,2259.557914138922,86200.0162047605,39359569629262.72,39359569629262.72,PURE_DR
vw14a,1,180,120,-393424.3854326392,139674.72015515994,-393424.3854326392,139674.72015515994,0,0.0,0.0,5.088887490341627e-14,0.0,False,-393424.3854326392,139674.72015515994,40541954840616.516,40541954840616.516,PURE_DR
vw14a,1,180,125,-718455.0869999224,210873.71647092013,-718455.0869999224,210873.71647092013,0,0.0,0.0,0.0,0.0,False,-718455.0869999224,210873.71647092013,42752959965599.83,42752959965599.83,PURE_DR
vw14a,1,180,130,-595301.5210146656,187159.191153861,-595301.5210146656,187159.191153861,0,0.0,0.0,0.0,0.0,False,-595301.5210146656,187159.191153861,44983803142168.92,44983803142168.92,PURE_DR
vw14a,1,180,135,-1628293.9045016586,446206.2185837527,-1628293.9045016586,446206.2185837527,0,0.0,0.0,0.0,0.0,False,-1628293.9045016586,446206.2185837527,47721080286866.12,47721080286866.12,PURE_DR
vw14a,1,180,140,-1347801.6142273436,377274.52730878757,-1347801.6142273436,377274.52730878757,0,0.0,0.0,0.0,0.0,False,-1347801.6142273436,377274.52730878757,48798738370008.23,48798738370008.23,PURE_DR
vw14a,1,180,145,-1494936.9096846988,416316.1824891845,-1494936.9096846988,416316.1824891845,0,0.0,0.0,2.5444437451708134e-14,0.0,False,-1494936.9096846988,416316.1824891845,49925821590321.14,49925821590321.14,PURE_DR
vw14a,1,180,150,-1515875.7790357398,424356.8493353444,-1515875.7790357398,424356.8493353444,0,0.0,0.0,0.0,0.0,False,-1515875.7790357398,424356.8493353444,52477314009038.77,52477314009038.77,PURE_DR
vw14a,1,180,155,-2219395.719043158,560336.5799329202,-2219395.719043158,560336.5799329202,0,0.0,0.0,0.0,0.0,False,-2219395.719043158,560336.5799329202,53442283012905.83,53442283012905.83,PURE_DR
vw14a,1,180,160,-1691330.8748902697,440782.9469609488,-1691330.8748902697,440782.9469609488,0,0.0,0.0,5.088887490341627e-14,0.0,False,-1691330.8748902697,440782.9469609488,54687148875312.11,54687148875312.11,PURE_DR
vw14a,1,180,165,-2563145.3417316047,693159.1764654223,-2563145.3417316047,693159.1764654223,0,0.0,0.0,0.0,0.0,False,-2563145.3417316047,693159.1764654223,58106008487356.32,58106008487356.32,PURE_DR
vw14a,1,180,170,-1920578.3727701053,540699.4240105499,-1920578.3727701053,540699.4240105499,0,0.0,0.0,0.0,0.0,False,-1920578.3727701053,540699.4240105499,59256382630513.15,59256382630513.15,PURE_DR
vw14a,1,180,175,-1937216.3995183671,545214.7192529867,-1937216.3995183671,545214.7192529867,0,0.0,0.0,0.0,0.0,False,-1937216.3995183671,545214.7192529867,60895183556907.65,60895183556907.65,PURE_DR
vw14a,1,180,180,-1772496.0627433532,503617.6044697517,-1772496.0627433532,503617.6044697517,0,0.0,0.0,0.0,0.0,False,-1772496.0627433532,503617.6044697517,63005899886811.95,63005899886811.95,PURE_DR
vw14a,1,180,185,-2698506.5016769147,779287.9019913467,-2698506.5016769147,779287.9019913467,0,0.0,0.0,2.5444437451708134e-14,0.0,False,-2698506.5016769147,779287.9019913467,65112434512639.766,65112434512639.766,PURE_DR
vw14a,1,180,190,-2515533.0473905974,724367.7538897003,-2515533.0473905974,724367.7538897003,0,0.0,0.0,0.0,0.0,False,-2515533.0473905974,724367.7538897003,67149721338565.66,67149721338565.66,PURE_DR
vw14a,1,180,195,-3285157.6534877066,866948.262061418,-3285157.6534877066,866948.262061418,0,0.0,0.0,0.0,0.0,False,-3285157.6534877066,866948.262061418,69454161055218.734,69454161055218.734,PURE_DR
vw14a,1,180,200,-2876613.440694771,788700.2212848787,-2876613.440694771,788700.2212848787,0,0.0,0.0,5.088887490341627e-14,0.0,False,-2876613.440694771,788700.2212848787,71390541671506.03,71390541671506.03,PURE_DR
vw14a,1,180,205,-4028291.815423417,951215.5338861865,-4028291.815423417,951215.5338861865,0,0.0,0.0,0.0,0.0,False,-4028291.815423417,951215.5338861865,73156878889047.98,73156878889047.98,PURE_DR
vw14a,1,180,210,-3365970.8895413633,904224.412667156,-3365970.8895413633,904224.412667156,0,0.0,0.0,0.0,0.0,False,-3365970.8895413633,904224.412667156,74900822786359.1,74900822786359.1,PURE_DR
vw14a,1,180,215,-3550073.763066332,937733.6219402576,-3550073.763066332,937733.6219402576,0,0.0,0.0,2.5444437451708134e-14,0.0,False,-3550073.763066332,937733.6219402576,76441580365236.97,76441580365236.97,PURE_DR
vw14a,1,180,220,-3126492.8767936407,917498.0425360934,-3126492.8767936407,917498.0425360934,0,0.0,0.0,0.0,0.0,False,-3126492.8767936407,917498.0425360934,78010728708090.56,78010728708090.56,PURE_DR
vw14a,1,180,225,-3374304.975128794,923165.8549818448,-3374304.975128794,923165.8549818448,0,0.0,0.0,0.0,0.0,False,-3374304.975128794,923165.8549818448,79419548630592.47,79419548630592.47,PURE_DR
vw14a,1,180,230,-2997830.2478500763,896366.1934352508,-2997830.2478500763,896366.1934352508,0,0.0,0.0,0.0,0.0,False,-2997830.2478500763,896366.1934352508,81079629700086.06,81079629700086.06,PURE_DR
vw14a,1,180,235,-3373821.807258182,921323.9495689194,-3373821.807258182,921323.9495689194,0,0.0,0.0,0.0,0.0,False,-3373821.807258182,921323.9495689194,82175489382792.03,82175489382792.03,PURE_DR
vw14a,1,180,240,-3376599.6312535075,918769.2856289636,-3376599.6312535075,918769.2856289636,0,0.0,0.0,0.0,0.0,False,-3376599.6312535075,918769.2856289636,82702786952551.67,82702786952551.67,PURE_DR
vw14a,1,180,245,-3846270.1011544294,897593.0558364226,-3846270.1011544294,897593.0558364226,0,0.0,0.0,0.0,0.0,False,-3846270.1011544294,897593.0558364226,83183969661952.05,83183969661952.05,PURE_DR
vw14a,1,180,250,-3663747.4179345253,906884.5124045922,-3663747.4179345253,906884.5124045922,0,0.0,0.0,0.0,0.0,False,-3663747.4179345253,906884.5124045922,83800231721215.19,83800231721215.19,PURE_DR
vw14a,1,180,255,-4354724.828334122,883831.057635754,-4354724.828334122,883831.057635754,0,0.0,0.0,2.5444437451708134e-14,0.0,False,-4354724.828334122,883831.057635754,84623417033882.78,84623417033882.78,PURE_DR
vw14a,1,180,260,-4141434.379441643,882173.3518809744,-4141434.379441643,882173.3518809744,0,0.0,0.0,0.0,0.0,False,-4141434.379441643,882173.3518809744,85217822277379.98,85217822277379.98,PURE_DR
vw14a,1,180,265,-4572574.556000509,879912.9377861432,-4572574.556000509,879912.9377861432,0,0.0,0.0,0.0,0.0,False,-4572574.556000509,879912.9377861432,86073475286185.67,86073475286185.67,PURE_DR
vw14a,1,180,270,-4463876.175670257,873611.746761935,-4463876.175670257,873611.746761935,0,0.0,0.0,0.0,0.0,False,-4463876.175670257,873611.746761935,87332240481335.03,87332240481335.03,PURE_DR
vw14a,1,180,275,-4889597.570641495,873716.5240957276,-4889597.570641495,873716.5240957276,0,0.0,0.0,2.5444437451708134e-14,0.0,False,-4889597.570641495,873716.5240957276,88704295522037.48,88704295522037.48,PURE_DR
vw14a,1,180,280,-4702969.654991572,880875.3683939535,-4702969.654991572,880875.3683939535,0,0.0,0.0,0.0,0.0,False,-4702969.654991572,880875.3683939535,89409392875095.53,89409392875095.53,PURE_DR
vw14a,1,180,285,-4868788.620194409,874744.4851511251,-4868788.620194409,874744.4851511251,0,0.0,0.0,0.0,0.0,False,-4868788.620194409,874744.4851511251,90076954934922.33,90076954934922.33,PURE_DR
vw14a,1,180,290,-4389984.749389043,907387.174780134,-4389984.749389043,907387.174780134,0,0.0,0.0,0.0,0.0,False,-4389984.749389043,907387.174780134,91041714358015.98,91041714358015.98,PURE_DR
vw14a,1,180,295,-4497586.842476805,898302.0445442946,-4497586.842476805,898302.0445442946,0,0.0,0.0,0.0,0.0,False,-4497586.842476805,898302.0445442946,91747793859313.95,91747793859313.95,PURE_DR
vw14a,1,180,300,-4294611.291608271,910106.7273054646,-4294611.291608271,910106.7273054646,0,0.0,0.0,0.0,0.0,False,-4294611.291608271,910106.7273054646,92026228481872.92,92026228481872.92,PURE_DR
vw14a,1,180,305,-4099299.821929012,912287.6790905586,-4099299.821929012,912287.6790905586,0,0.0,0.0,0.0,0.0,False,-4099299.821929012,912287.6790905586,92597225993402.6,92597225993402.6,PURE_DR
vw14a,1,180,310,-3913183.4659474357,914759.1470573244,-3913183.4659474357,914759.1470573244,0,0.0,0.0,0.0,0.0,False,-3913183.4659474357,914759.1470573244,93176522843413.12,93176522843413.12,PURE_DR
vw14a,1,180,315,-4392554.917490522,886324.862382631,-4392554.917490522,886324.862382631,0,0.0,0.0,0.0,0.0,False,-4392554.917490522,886324.862382631,94129732712260.62,94129732712260.62,PURE_DR
vw14a,1,180,320,-4421184.439962373,880483.0083052993,-4421184.439962373,880483.0083052993,0,0.0,0.0,0.0,0.0,False,-4421184.439962373,880483.0083052993,95555829445988.92,95555829445988.92,PURE_DR
vw14a,1,180,325,-4948012.001013987,828969.1286006158,-4948012.001013987,828969.1286006158,0,0.0,0.0,2.5444437451708134e-14,0.0,False,-4948012.001013987,828969.1286006158,96368624466020.48,96368624466020.48,PURE_DR
vw14a,1,180,330,-4729320.47305248,854336.9704087882,-4729320.47305248,854336.9704087882,0,0.0,0.0,0.0,0.0,False,-4729320.47305248,854336.9704087882,97585843078721.75,97585843078721.75,PURE_DR
vw14a,1,180,335,-4565700.117807178,878301.7562514764,-4565700.117807178,878301.7562514764,0,0.0,0.0,0.0,0.0,False,-4565700.117807178,878301.7562514764,98825633616128.67,98825633616128.67,PURE_DR
vw14a,1,180,340,-3672199.161692037,1092447.136958605,-3672199.161692037,1092447.136958605,0,0.0,0.0,0.0,0.0,False,-3672199.161692037,1092447.136958605,99617095653527.69,99617095653527.69,PURE_DR
vw14a,1,180,345,-3824010.9785281164,1053847.3292740318,-3824010.9785281164,1053847.3292740318,0,0.0,0.0,0.0,0.0,False,-3824010.9785281164,1053847.3292740318,100162057896185.27,100162057896185.27,PURE_DR
vw14a,1,180,350,-3593058.9252085723,1113148.7370665472,-3593058.9252085723,1113148.7370665472,0,0.0,0.0,0.0,0.0,False,-3593058.9252085723,1113148.7370665472,100897098817448.3,100897098817448.3,PURE_DR
vw14a,1,180,355,-4155384.2573969928,974097.5254784795,-4155384.2573969928,974097.5254784795,0,0.0,0.0,2.5444437451708134e-14,0.0,False,-4155384.2573969928,974097.5254784795,101887393729210.73,101887393729210.73,PURE_DR
vw14a,1,180,360,-4031497.2632619124,997383.6319929908,-4031497.2632619124,997383.6319929908,0,0.0,0.0,0.0,0.0,False,-4031497.2632619124,997383.6319929908,102283532259073.6,102283532259073.6,PURE_DR
vw14a,1,180,365,-4195476.137454233,976142.8385776196,-4195476.137454233,976142.8385776196,0,0.0,0.0,0.0,0.0,False,-4195476.137454233,976142.8385776196,102773829186469.81,102773829186469.81,PURE_DR
vw14a,1,180,370,-3824069.0896275747,1034974.0576741555,-3824069.0896275747,1034974.0576741555,0,0.0,0.0,0.0,0.0,False,-3824069.0896275747,1034974.0576741555,104045413009987.94,104045413009987.94,PURE_DR
vw14a,1,180,375,-3677068.397895782,1054454.925177029,-3677068.397895782,1054454.925177029,0,0.0,0.0,0.0,0.0,False,-3677068.397895782,1054454.925177029,104840902141560.27,104840902141560.27,PURE_DR
vw14a,1,180,380,-3178501.2855648524,1094513.44165355,-3178501.2855648524,1094513.44165355,0,0.0,0.0,0.0,0.0,False,-3178501.2855648524,1094513.44165355,105495336649336.52,105495336649336.52,PURE_DR
vw14a,1,180,385,-3526377.8146297922,1061061.2110984256,-3526377.8146297922,1061061.2110984256,0,0.0,0.0,0.0,0.0,False,-3526377.8146297922,1061061.2110984256,105849494669227.75,105849494669227.75,PURE_DR
vw14a,1,180,390,-3180774.9120012606,1097569.4179196034,-3180774.9120012606,1097569.4179196034,0,0.0,0.0,0.0,0.0,False,-3180774.9120012606,1097569.4179196034,106211449948437.2,106211449948437.2,PURE_DR
vw14a,1,180,395,-3301692.1221904284,1074830.2346130684,-3301692.1221904284,1074830.2346130684,0,0.0,0.0,0.0,0.0,False,-3301692.1221904284,1074830.2346130684,106582466083536.33,106582466083536.33,PURE_DR
vw14a,1,180,400,-3505326.3450726112,1067072.8759478484,-3505326.3450726112,1067072.8759478484,0,0.0,0.0,0.0,0.0,False,-3505326.3450726112,1067072.8759478484,106916743746004.84,106916743746004.84,PURE_DR
vw14a,1,180,405,-3548510.8118527024,1060017.5962333106,-3548510.8118527024,1060017.5962333106,0,0.0,0.0,0.0,0.0,False,-3548510.8118527024,1060017.5962333106,107365519716771.83,107365519716771.83,PURE_DR
vw14a,1,180,410,-3501924.8263808964,1058328.7674923476,-3501924.8263808964,1058328.7674923476,0,0.0,0.0,7.951386703658792e-16,0.0,False,-3501924.8263808964,1058328.7674923476,107848156792692.12,107848156792692.12,PURE_DR
vw14a,1,180,415,-3929482.7255611788,1034787.8738379228,-3929482.7255611788,1034787.8738379228,0,0.0,0.0,0.0,0.0,False,-3929482.7255611788,1034787.8738379228,108457108781782.69,108457108781782.69,PURE_DR
vw14a,1,180,420,-3622629.1464568754,1015447.2879963745,-3622629.1464568754,1015447.2879963745,0,0.0,0.0,0.0,0.0,False,-3622629.1464568754,1015447.2879963745,108964381766409.02,108964381766409.02,PURE_DR
vw14a,1,180,425,-3781053.790451594,1031856.9872970288,-3781053.790451594,1031856.9872970288,0,0.0,0.0,0.0,0.0,False,-3781053.790451594,1031856.9872970288,109312378834933.62,109312378834933.62,PURE_DR
vw14a,1,180,430,-3512229.998038519,998425.4036814709,-3512229.998038519,998425.4036814709,0,0.0,0.0,0.0,0.0,False,-3512229.998038519,998425.4036814709,109787893503667.5,109787893503667.5,PURE_DR
vw14a,1,180,435,-3708737.8672168087,1026129.3059044773,-3708737.8672168087,1026129.3059044773,0,0.0,0.0,0.0,0.0,False,-3708737.8672168087,1026129.3059044773,110347769603854.27,110347769603854.27,PURE_DR
vw14a,1,180,440,-3442720.5810296894,971342.3370185893,-3442720.5810296894,971342.3370185893,0,0.0,0.0,0.0,0.0,False,-3442720.5810296894,971342.3370185893,110747170010887.66,110747170010887.66,PURE_DR
vw14a,1,180,445,-3889190.54825288,1097539.371750574,-3889190.54825288,1097539.371750574,0,0.0,0.0,0.0,0.0,False,-3889190.54825288,1097539.371750574,111757522956197.95,111757522956197.95,PURE_DR
vw14a,1,180,450,-3553570.378320804,980452.8668748965,-3553570.378320804,980452.8668748965,0,0.0,0.0,5.088887490341627e-14,0.0,False,-3553570.378320804,980452.8668748965,112358393790105.75,112358393790105.75,PURE_DR
vw14a,1,180,455,-3846097.5020116447,1080226.608770051,-3846097.5020116447,1080226.608770051,0,0.0,0.0,0.0,0.0,False,-3846097.5020116447,1080226.608770051,113643016316259.62,113643016316259.62,PURE_DR
vw14a,1,180,460,-3848591.536957467,1081055.1805845844,-3848591.536957467,1081055.1805845844,0,0.0,0.0,0.0,0.0,False,-3848591.536957467,1081055.1805845844,114063040580827.34,114063040580827.34,PURE_DR
vw14a,1,180,465,-4421449.107554593,1315807.2179800535,-4421449.107554593,1315807.2179800535,0,0.0,0.0,0.0,0.0,False,-4421449.107554593,1315807.2179800535,114412015278065.67,114412015278065.67,PURE_DR
vw14a,1,180,470,-4006096.6272774753,1154762.4315155768,-4006096.6272774753,1154762.4315155768,0,0.0,0.0,0.0,0.0,False,-4006096.6272774753,1154762.4315155768,115234060330250.42,115234060330250.42,PURE_DR
vw14a,1,180,475,-3484049.6128266966,879164.0591215712,-3484049.6128266966,879164.0591215712,0,0.0,0.0,0.0,0.0,False,-3484049.6128266966,879164.0591215712,116292145581984.92,116292145581984.92,PURE_DR
vw14a,1,180,480,-3715254.883366494,984441.8268374787,-3715254.883366494,984441.8268374787,0,0.0,0.0,0.0,0.0,False,-3715254.883366494,984441.8268374787,117131290207929.5,117131290207929.5,PURE_DR
vw14a,1,180,485,-4346161.482114633,1268404.6786371625,-4346161.482114633,1268404.6786371625,0,0.0,0.0,0.0,0.0,False,-4346161.482114633,1268404.6786371625,118068081894482.14,118068081894482.14,PURE_DR
vw14a,1,180,490,-3702674.543905708,928025.2488393751,-3702674.543905708,928025.2488393751,0,0.0,0.0,0.0,0.0,False,-3702674.543905708,928025.2488393751,118754752685344.97,118754752685344.97,PURE_DR
vw14a,1,180,495,-4114075.515143171,1124731.0045178242,-4114075.515143171,1124731.0045178242,0,0.0,0.0,2.5444437451708134e-14,0.0,False,-4114075.515143171,1124731.0045178242,120160240865294.89,120160240865294.89,PURE_DR
vw14a,1,180,500,-4044904.028553043,1092605.4060980228,-4044904.028553043,1092605.4060980228,0,0.0,0.0,0.0,0.0,False,-4044904.028553043,1092605.4060980228,121201894957857.73,121201894957857.73,PURE_DR
vw14a,1,180,505,-4068021.195519324,1102023.612021831,-4068021.195519324,1102023.612021831,0,0.0,0.0,0.0,0.0,False,-4068021.195519324,1102023.612021831,122503953491644.28,122503953491644.28,PURE_DR
vw14a,1,180,510,-4098130.563944317,1121055.277522186,-4098130.563944317,1121055.277522186,0,0.0,0.0,0.0,0.0,False,-4098130.563944317,1121055.277522186,123614834180501.89,123614834180501.89,PURE_DR
vw14a,1,180,515,-4150625.956323105,1140363.349050803,-4150625.956323105,1140363.349050803,0,0.0,0.0,2.5444437451708134e-14,0.0,False,-4150625.956323105,1140363.349050803,124722449237762.19,124722449237762.19,PURE_DR
vw14a,1,180,520,-3573636.297800612,879498.3278289182,-3573636.297800612,879498.3278289182,0,0.0,0.0,5.088887490341627e-14,0.0,False,-3573636.297800612,879498.3278289182,125294230729954.0,125294230729954.0,PURE_DR
vw14a,1,180,525,-3756440.0508004194,954980.8066142638,-3756440.0508004194,954980.8066142638,0,0.0,0.0,0.0,0.0,False,-3756440.0508004194,954980.8066142638,127108895048968.5,127108895048968.5,PURE_DR
vw14a,1,180,530,-3773220.104859581,960758.3117370472,-3773220.104859581,960758.3117370472,0,0.0,0.0,0.0,0.0,False,-3773220.104859581,960758.3117370472,128315972397684.25,128315972397684.25,PURE_DR
vw14a,1,180,535,-3976013.6574449074,1059512.5035698581,-3976013.6574449074,1059512.5035698581,0,0.0,0.0,0.0,0.0,False,-3976013.6574449074,1059512.5035698581,128818962037968.08,128818962037968.08,PURE_DR
vw14a,1,180,540,-4025821.71199566,1075029.367204345,-4025821.71199566,1075029.367204345,0,0.0,0.0,0.0,0.0,False,-4025821.71199566,1075029.367204345,130156097891796.58,130156097891796.58,PURE_DR
vw14a,1,180,545,-4459862.406744575,1268496.8984317305,-4459862.406744575,1268496.8984317305,0,0.0,0.0,0.0,0.0,False,-4459862.406744575,1268496.8984317305,130856576657394.31,130856576657394.31,PURE_DR
vw14a,1,180,550,-4598515.658459227,1331195.522728756,-4598515.658459227,1331195.522728756,0,0.0,0.0,0.0,0.0,False,-4598515.658459227,1331195.522728756,133379883086810.28,133379883086810.28,PURE_DR
vw14a,1,180,555,-4627118.755134984,1334945.1129398642,-4627118.755134984,1334945.1129398642,0,0.0,0.0,0.0,0.0,False,-4627118.755134984,1334945.1129398642,134105767396989.69,134105767396989.69,PURE_DR
vw14a,1,180,560,-4147601.713087663,1108782.2208056406,-4147601.713087663,1108782.2208056406,0,0.0,0.0,0.0,0.0,False,-4147601.713087663,1108782.2208056406,135087407248905.66,135087407248905.66,PURE_DR
vw14a,1,180,565,-4332568.793204031,1207990.5830953328,-4332568.793204031,1207990.5830953328,0,0.0,0.0,0.0,0.0,False,-4332568.793204031,1207990.5830953328,136983152690376.56,136983152690376.56,PURE_DR
vw14a,1,180,570,-4810863.963823769,1432746.8622023452,-4810863.963823769,1432746.8622023452,0,0.0,0.0,0.0,0.0,False,-4810863.963823769,1432746.8622023452,138159973475127.66,138159973475127.66,PURE_DR
vw14a,1,180,575,-5283768.859065044,1625039.6626746627,-5283768.859065044,1625039.6626746627,0,0.0,0.0,0.0,0.0,False,-5283768.859065044,1625039.6626746627,139261577700457.45,139261577700457.45,PURE_DR
vw14a,1,180,580,-5485787.561601427,1737159.7539593126,-5485787.561601427,1737159.7539593126,0,0.0,0.0,0.0,0.0,False,-5485787.561601427,1737159.7539593126,141423784033951.3,141423784033951.3,PURE_DR
vw14a,1,180,585,-5955337.861857379,2025419.5719298283,-5955337.861857379,2025419.5719298283,0,0.0,0.0,0.0,0.0,False,-5955337.861857379,2025419.5719298283,142251399838233.38,142251399838233.38,PURE_DR
vw14a,1,180,590,-6282299.900077747,2173537.0631062584,-6282299.900077747,2173537.0631062584,0,0.0,0.0,0.0,0.0,False,-6282299.900077747,2173537.0631062584,144083649724087.78,144083649724087.78,PURE_DR
vw14a,1,180,595,-6832447.056983957,2390165.553483342,-6832447.056983957,2390165.553483342,0,0.0,0.0,0.0,0.0,False,-6832447.056983957,2390165.553483342,144532348866963.56,144532348866963.56,PURE_DR
vw14a,1,180,600,-7048985.19043136,2457890.6802433096,-7048985.19043136,2457890.6802433096,0,0.0,0.0,0.0,0.0,False,-7048985.19043136,2457890.6802433096,145883156609251.12,145883156609251.12,PURE_DR
vw14a,1,180,605,-6553880.431223982,2221690.105081962,-6553880.431223982,2221690.105081962,0,0.0,0.0,0.0,0.0,False,-6553880.431223982,2221690.105081962,147289484006353.75,147289484006353.75,PURE_DR
vw14a,1,180,610,-6388371.335395561,2132666.7124558245,-6388371.335395561,2132666.7124558245,0,0.0,0.0,0.0,0.0,False,-6388371.335395561,2132666.7124558245,148739828559236.25,148739828559236.25,PURE_DR
vw14a,1,180,615,-6328608.075215736,2108392.9501877534,-6328608.075215736,2108392.9501877534,0,0.0,0.0,0.0,0.0,False,-6328608.075215736,2108392.9501877534,149886244272255.62,149886244272255.62,PURE_DR
vw14a,1,180,620,-6583571.965944588,2200233.985982252,-6583571.965944588,2200233.985982252,0,0.0,0.0,0.0,0.0,False,-6583571.965944588,2200233.985982252,151351629242646.66,151351629242646.66,PURE_DR
vw14a,1,180,625,-6742401.783024852,2274837.487304992,-6742401.783024852,2274837.487304992,0,0.0,0.0,0.0,0.0,False,-6742401.783024852,2274837.487304992,151814574758062.47,151814574758062.47,PURE_DR
vw14a,1,180,630,-6234386.002125981,2022957.2353690998,-6234386.002125981,2022957.2353690998,0,0.0,0.0,5.088887490341627e-14,0.0,False,-6234386.002125981,2022957.2353690998,152638152848916.66,152638152848916.66,PURE_DR
vw14a,1,180,635,-6592198.637724226,2187415.4994933927,-6592198.637724226,2187415.4994933927,0,0.0,0.0,0.0,0.0,False,-6592198.637724226,2187415.4994933927,153636216376326.47,153636216376326.47,PURE_DR
vw14a,1,180,640,-6335233.936690491,2066268.416494753,-6335233.936690491,2066268.416494753,0,0.0,0.0,0.0,0.0,False,-6335233.936690491,2066268.416494753,154862743591338.53,154862743591338.53,PURE_DR
vw14a,1,180,645,-7037029.002091863,2345836.2586257444,-7037029.002091863,2345836.2586257444,0,0.0,0.0,0.0,0.0,False,-7037029.002091863,2345836.2586257444,156726158538650.97,156726158538650.97,PURE_DR
vw14a,1,180,650,-7548054.620245913,2508611.84171127,-7548054.620245913,2508611.84171127,0,0.0,0.0,0.0,0.0,False,-7548054.620245913,2508611.84171127,158286796927506.5,158286796927506.5,PURE_DR
vw14a,1,180,655,-7859858.819509503,2611728.0544514577,-7859858.819509503,2611728.0544514577,0,0.0,0.0,0.0,0.0,False,-7859858.819509503,2611728.0544514577,160033021445626.34,160033021445626.34,PURE_DR
vw14a,1,180,660,-6889071.474098107,2158064.2662897455,-6889071.474098107,2158064.2662897455,0,0.0,0.0,0.0,0.0,False,-6889071.474098107,2158064.2662897455,161258193968465.3,161258193968465.3,PURE_DR
vw14a,1,180,665,-7609349.459561938,2463711.612370189,-7609349.459561938,2463711.612370189,0,0.0,0.0,2.5444437451708134e-14,0.0,False,-7609349.459561938,2463711.612370189,162320066160902.72,162320066160902.72,PURE_DR
vw14a,1,180,670,-7142570.203587519,2281129.3451588494,-7142570.203587519,2281129.3451588494,0,0.0,0.0,0.0,0.0,False,-7142570.203587519,2281129.3451588494,163720809805138.62,163720809805138.62,PURE_DR
vw14a,1,180,675,-7109882.159176263,2267823.045846302,-7109882.159176263,2267823.045846302,0,0.0,0.0,0.0,0.0,False,-7109882.159176263,2267823.045846302,163916815864828.78,163916815864828.78,PURE_DR
vw14a,1,180,680,-6789430.977209316,2190404.6238235002,-6789430.977209316,2190404.6238235002,0,0.0,0.0,0.0,0.0,False,-6789430.977209316,2190404.6238235002,164471822526669.16,164471822526669.16,PURE_DR
vw14a,1,180,685,-7132881.390030598,2268260.0311187254,-7132881.390030598,2268260.0311187254,0,0.0,0.0,0.0,0.0,False,-7132881.390030598,2268260.0311187254,165517044073816.66,165517044073816.66,PURE_DR
vw14a,1,180,690,-7237746.85940833,2291545.1966706826,-7237746.85940833,2291545.1966706826,0,0.0,0.0,0.0,0.0,False,-7237746.85940833,2291545.1966706826,166399235147979.7,166399235147979.7,PURE_DR
vw14a,1,180,695,-6934909.924563476,2236697.313757167,-6934909.924563476,2236697.313757167,0,0.0,0.0,0.0,0.0,False,-6934909.924563476,2236697.313757167,167513510472999.75,167513510472999.75,PURE_DR
vw14a,1,180,700,-6707928.775406397,2232887.6632468477,-6707928.775406397,2232887.6632468477,0,0.0,0.0,0.0,0.0,False,-6707928.775406397,2232887.6632468477,168974818901570.44,168974818901570.44,PURE_DR
vw14a,1,180,705,-6876142.077355701,2233535.387849444,-6876142.077355701,2233535.387849444,0,0.0,0.0,0.0,0.0,False,-6876142.077355701,2233535.387849444,170250849732320.56,170250849732320.56,PURE_DR
vw14a,1,180,710,-6801782.310345148,2226733.773216447,-6801782.310345148,2226733.773216447,0,0.0,0.0,0.0,0.0,False,-6801782.310345148,2226733.773216447,171164043670330.34,171164043670330.34,PURE_DR
vw14a,1,180,715,-6847088.705029557,2227261.842381429,-6847088.705029557,2227261.842381429,0,0.0,0.0,0.0,0.0,False,-6847088.705029557,2227261.842381429,172038558607317.44,172038558607317.44,PURE_DR
vw14a,1,180,720,-6463965.712749336,2230902.5892388504,-6463965.712749336,2230902.5892388504,0,0.0,0.0,0.0,0.0,False,-6463965.712749336,2230902.5892388504,172689783132226.44,172689783132226.44,PURE_DR
vw14a,1,180,725,-6622383.273244243,2224451.8798072245,-6622383.273244243,2224451.8798072245,0,0.0,0.0,0.0,0.0,False,-6622383.273244243,2224451.8798072245,173900984280400.4,173900984280400.4,PURE_DR
vw14a,1,180,730,-6484539.133006139,2238441.2180695445,-6484539.133006139,2238441.2180695445,0,0.0,0.0,0.0,0.0,False,-6484539.133006139,2238441.2180695445,174255309336867.97,174255309336867.97,PURE_DR
vw14a,1,180,735,-7021714.784679549,2180787.0820803447,-7021714.784679549,2180787.0820803447,0,0.0,0.0,0.0,0.0,False,-7021714.784679549,2180787.0820803447,175397417497276.53,175397417497276.53,PURE_DR
vw14a,1,180,740,-7077567.768328797,2173557.9787751283,-7077567.768328797,2173557.9787751283,0,0.0,0.0,0.0,0.0,False,-7077567.768328797,2173557.9787751283,176113129469212.44,176113129469212.44,PURE_DR
vw14a,1,180,745,-7029202.8871509405,2183731.7718495135,-7029202.8871509405,2183731.7718495135,0,0.0,0.0,2.5444437451708134e-14,0.0,False,-7029202.8871509405,2183731.7718495135,176586404310709.0,176586404310709.0,PURE_DR
vw14a,1,180,750,-7012708.050264332,2200013.56767869,-7012708.050264332,2200013.56767869,0,0.0,0.0,0.0,0.0,False,-7012708.050264332,2200013.56767869,177983096899613.53,177983096899613.53,PURE_DR
vw14a,1,180,755,-7697676.553559627,2201247.735675214,-7697676.553559627,2201247.735675214,0,0.0,0.0,0.0,0.0,False,-7697676.553559627,2201247.735675214,179468331658944.4,179468331658944.4,PURE_DR
vw14a,1,180,760,-6831663.05395222,2213965.1326309377,-6831663.05395222,2213965.1326309377,0,0.0,0.0,0.0,0.0,False,-6831663.05395222,2213965.1326309377,180541648566642.56,180541648566642.56,PURE_DR
vw14a,1,180,765,-6780326.433421449,2205605.3414040385,-6780326.433421449,2205605.3414040385,0,0.0,0.0,0.0,0.0,False,-6780326.433421449,2205605.3414040385,181813146848654.2,181813146848654.2,PURE_DR
vw14a,1,180,770,-6323310.861553871,2190174.9547389327,-6323310.861553871,2190174.9547389327,0,0.0,0.0,0.0,0.0,False,-6323310.861553871,2190174.9547389327,182438378255811.53,182438378255811.53,PURE_DR
vw14a,1,180,775,-6390352.752547288,2192162.9004275696,-6390352.752547288,2192162.9004275696,0,0.0,0.0,0.0,0.0,False,-6390352.752547288,2192162.9004275696,183309586602458.56,183309586602458.56,PURE_DR
vw14a,1,180,780,-5838702.487742919,2149038.559207636,-5838702.487742919,2149038.559207636,0,0.0,0.0,0.0,0.0,False,-5838702.487742919,2149038.559207636,184089734331698.28,184089734331698.28,PURE_DR
vw14a,1,180,785,-6089241.817565985,2167151.6157692424,-6089241.817565985,2167151.6157692424,0,0.0,0.0,0.0,0.0,False,-6089241.817565985,2167151.6157692424,186225422621737.0,186225422621737.0,PURE_DR
vw14a,1,180,790,-5695766.238144593,2121851.7903970145,-5695766.238144593,2121851.7903970145,0,0.0,0.0,0.0,0.0,False,-5695766.238144593,2121851.7903970145,187080795640522.6,187080795640522.6,PURE_DR
vw14a,1,180,795,-5979938.26862306,2175191.645640308,-5979938.26862306,2175191.645640308,0,0.0,0.0,2.5444437451708134e-14,0.0,False,-5979938.26862306,2175191.645640308,188295403211408.66,188295403211408.66,PURE_DR
vw14a,1,180,800,-5230732.0492743105,2038534.0926464805,-5230732.0492743105,2038534.0926464805,0,0.0,0.0,0.0,0.0,False,-5230732.0492743105,2038534.0926464805,191396895039941.4,191396895039941.4,PURE_DR
vw14a,1,180,805,-5321001.8338147765,2050387.822408747,-5321001.8338147765,2050387.822408747,0,0.0,0.0,0.0,0.0,False,-5321001.8338147765,2050387.822408747,192249074112639.03,192249074112639.03,PURE_DR
vw14a,1,180,810,-4752273.4347378565,1939029.3971598425,-4752273.4347378565,1939029.3971598425,0,0.0,0.0,0.0,0.0,False,-4752273.4347378565,1939029.3971598425,194377934067001.44,194377934067001.44,PURE_DR
vw14a,1,180,815,-5721919.219802013,2223222.763987751,-5721919.219802013,2223222.763987751,0,0.0,0.0,0.0,0.0,False,-5721919.219802013,2223222.763987751,196522910649488.9,196522910649488.9,PURE_DR
vw14a,1,180,820,-4935518.755477271,1985512.8099308887,-4935518.755477271,1985512.8099308887,0,0.0,0.0,0.0,0.0,False,-4935518.755477271,1985512.8099308887,197182780158332.97,197182780158332.97,PURE_DR
vw14a,1,180,825,-5191186.927087272,2048221.5051124387,-5191186.927087272,2048221.5051124387,0,0.0,0.0,0.0,0.0,False,-5191186.927087272,2048221.5051124387,198711832044712.7,198711832044712.7,PURE_DR
vw14a,1,180,830,-4642359.2774762325,1868781.8998839909,-4642359.2774762325,1868781.8998839909,0,0.0,0.0,5.088887490341627e-14,0.0,False,-4642359.2774762325,1868781.8998839909,202013048953908.06,202013048953908.06,PURE_DR
vw14a,1,180,835,-3906858.3870141036,1549996.7515118732,-3906858.3870141036,1549996.7515118732,0,0.0,0.0,0.0,0.0,False,-3906858.3870141036,1549996.7515118732,204727055000045.06,204727055000045.06,PURE_DR
vw14a,1,180,840,-4086669.874238891,1638284.9713043578,-4086669.874238891,1638284.9713043578,0,0.0,0.0,0.0,0.0,False,-4086669.874238891,1638284.9713043578,205380616795519.34,205380616795519.34,PURE_DR
vw14a,1,180,845,-4540793.358097229,1872907.0019763012,-4540793.358097229,1872907.0019763012,0,0.0,0.0,0.0,0.0,False,-4540793.358097229,1872907.0019763012,206722324672115.5,206722324672115.5,PURE_DR
vw14a,1,180,850,-4625960.831067818,1928875.7311923949,-4625960.831067818,1928875.7311923949,0,0.0,0.0,0.0,0.0,False,-4625960.831067818,1928875.7311923949,206986155954903.9,206986155954903.9,PURE_DR
vw14a,1,180,855,-4951478.698790404,2141403.8636200535,-4951478.698790404,2141403.8636200535,0,0.0,0.0,0.0,0.0,False,-4951478.698790404,2141403.8636200535,208556259747278.78,208556259747278.78,PURE_DR
vw14a,1,180,860,-5124096.04200308,2246583.716290547,-5124096.04200308,2246583.716290547,0,0.0,0.0,0.0,0.0,False,-5124096.04200308,2246583.716290547,211141102872437.44,211141102872437.44,PURE_DR
vw14a,1,180,865,-5564430.525713431,2484969.795766391,-5564430.525713431,2484969.795766391,0,0.0,0.0,0.0,0.0,False,-5564430.525713431,2484969.795766391,212136371025569.84,212136371025569.84,PURE_DR
vw14a,1,180,870,-5355505.198388753,2380132.6763216234,-5355505.198388753,2380132.6763216234,0,0.0,0.0,5.088887490341627e-14,0.0,False,-5355505.198388753,2380132.6763216234,214082960319316.5,214082960319316.5,PURE_DR
vw14a,1,180,875,-6113916.994603043,2783835.8782147467,-6113916.994603043,2783835.8782147467,0,0.0,0.0,0.0,0.0,False,-6113916.994603043,2783835.8782147467,214971928001658.25,214971928001658.25,PURE_DR
vw14a,1,180,880,-6070643.092905383,2785121.563971465,-6070643.092905383,2785121.563971465,0,0.0,0.0,0.0,0.0,False,-6070643.092905383,2785121.563971465,217087509264302.47,217087509264302.47,PURE_DR
vw14a,1,180,885,-5893857.388351783,2734094.426120949,-5893857.388351783,2734094.426120949,0,0.0,0.0,0.0,0.0,False,-5893857.388351783,2734094.426120949,218526270822111.22,218526270822111.22,PURE_DR
vw14a,1,180,890,-5270367.117775629,2522043.114327843,-5270367.117775629,2522043.114327843,0,0.0,0.0,0.0,0.0,False,-5270367.117775629,2522043.114327843,220200534802122.8,220200534802122.8,PURE_DR
vw14a,1,180,895,-6079171.415166727,2824426.4160911157,-6079171.415166727,2824426.4160911157,0,0.0,0.0,0.0,0.0,False,-6079171.415166727,2824426.4160911157,221703451028938.9,221703451028938.9,PURE_DR
vw14a,1,180,900,-5928129.751484595,2749202.2557265195,-5928129.751484595,2749202.2557265195,0,0.0,0.0,0.0,0.0,False,-5928129.751484595,2749202.2557265195,224575362556597.5,224575362556597.5,PURE_DR
vw14a,1,180,905,-6042159.057567895,2799720.0984506765,-6042159.057567895,2799720.0984506765,0,0.0,0.0,2.5444437451708134e-14,0.0,False,-6042159.057567895,2799720.0984506765,226429833845356.16,226429833845356.16,PURE_DR
vw14a,1,180,910,-5347590.394758433,2518351.257035688,-5347590.394758433,2518351.257035688,0,0.0,0.0,0.0,0.0,False,-5347590.394758433,2518351.257035688,227147741018357.56,227147741018357.56,PURE_DR
vw14a,1,180,915,-5461353.188311731,2548423.13573405,-5461353.188311731,2548423.13573405,0,0.0,0.0,0.0,0.0,False,-5461353.188311731,2548423.13573405,228679047927349.9,228679047927349.9,PURE_DR
vw14a,1,180,920,-4671731.911597686,2251423.6397005147,-4671731.911597686,2251423.6397005147,0,0.0,0.0,5.088887490341627e-14,0.0,False,-4671731.911597686,2251423.6397005147,230257363576110.8,230257363576110.8,PURE_DR
vw14a,1,180,925,-5710900.870323255,2723217.1299483078,-5710900.870323255,2723217.1299483078,0,0.0,0.0,0.0,0.0,False,-5710900.870323255,2723217.1299483078,231615070500881.22,231615070500881.22,PURE_DR
vw14a,1,180,930,-4861277.155469283,2291320.9133873656,-4861277.155469283,2291320.9133873656,0,0.0,0.0,0.0,0.0,False,-4861277.155469283,2291320.9133873656,233881806803212.2,233881806803212.2,PURE_DR
vw14a,1,180,935,-5207647.865397347,2466031.9462410863,-5207647.865397347,2466031.9462410863,0,0.0,0.0,0.0,0.0,False,-5207647.865397347,2466031.9462410863,236309792863842.66,236309792863842.66,PURE_DR
vw14a,1,180,940,-4454730.19731169,2086404.444760465,-4454730.19731169,2086404.444760465,0,0.0,0.0,0.0,0.0,False,-4454730.19731169,2086404.444760465,237219770555626.56,237219770555626.56,PURE_DR
vw14a,1,180,945,-5307637.4469939545,2434097.7015450727,-5307637.4469939545,2434097.7015450727,0,0.0,0.0,2.5444437451708134e-14,0.0,False,-5307637.4469939545,2434097.7015450727,238270289251533.8,238270289251533.8,PURE_DR
vw14a,1,180,950,-5195216.138406681,2377054.032374669,-5195216.138406681,2377054.032374669,0,0.0,0.0,0.0,0.0,False,-5195216.138406681,2377054.032374669,239620973998074.94,239620973998074.94,PURE_DR
vw14a,1,180,955,-4970866.498665565,2274630.776543903,-4970866.498665565,2274630.776543903,0,0.0,0.0,0.0,0.0,False,-4970866.498665565,2274630.776543903,241576321494093.7,241576321494093.7,PURE_DR
vw14a,1,180,960,-4713285.218796371,2149706.983887498,-4713285.218796371,2149706.983887498,0,0.0,0.0,0.0,0.0,False,-4713285.218796371,2149706.983887498,243226080524331.3,243226080524331.3,PURE_DR
vw14a,1,180,965,-4783060.0023370385,2189076.444801775,-4783060.0023370385,2189076.444801775,0,0.0,0.0,0.0,0.0,False,-4783060.0023370385,2189076.444801775,244032851864140.7,244032851864140.7,PURE_DR
vw14a,1,180,970,-4115771.605085668,1824149.7486721452,-4115771.605085668,1824149.7486721452,0,0.0,0.0,5.088887490341627e-14,0.0,False,-4115771.605085668,1824149.7486721452,245814080827787.0,245814080827787.0,PURE_DR
vw14a,1,180,975,-4408623.515369788,1928471.3938131165,-4408623.515369788,1928471.3938131165,0,0.0,0.0,2.5444437451708134e-14,0.0,False,-4408623.515369788,1928471.3938131165,247043710463588.6,247043710463588.6,PURE_DR
vw14a,1,180,980,-4225397.077787011,1851858.915658514,-4225397.077787011,1851858.915658514,0,0.0,0.0,5.088887490341627e-14,0.0,False,-4225397.077787011,1851858.915658514,248602227920102.88,248602227920102.88,PURE_DR
vw14a,1,180,985,-4669691.873531023,2045604.2394707357,-4669691.873531023,2045604.2394707357,0,0.0,0.0,0.0,0.0,False,-4669691.873531023,2045604.2394707357,250988500261090.22,250988500261090.22,PURE_DR
vw14a,1,180,990,-4420044.065109987,1929015.3357351727,-4420044.065109987,1929015.3357351727,0,0.0,0.0,0.0,0.0,False,-4420044.065109987,1929015.3357351727,252693227745303.62,252693227745303.62,PURE_DR
vw14a,1,180,995,-5145482.641804628,2200261.97308824,-5145482.641804628,2200261.97308824,0,0.0,0.0,0.0,0.0,False,-5145482.641804628,2200261.97308824,254316534701861.53,254316534701861.53,PURE_DR
vw14a,1,180,1000,-4456908.106087075,2205889.3088541343,-4456908.106087075,2205889.3088541343,0,0.0,0.0,0.0,0.0,False,-4456908.106087075,2205889.3088541343,255445583041403.3,255445583041403.3,PURE_DR
vw14a,1,180,1005,-5401016.31423652,2121297.4836663962,-5401016.31423652,2121297.4836663962,0,0.0,0.0,0.0,0.0,False,-5401016.31423652,2121297.4836663962,256700031650579.12,256700031650579.12,PURE_DR
vw14a,1,180,1010,-5431156.695502018,2129864.0220300187,-5431156.695502018,2129864.0220300187,0,0.0,0.0,0.0,0.0,False,-5431156.695502018,2129864.0220300187,257968910913514.66,257968910913514.66,PURE_DR
vw14a,1,180,1015,-5321499.3967124885,2101928.2349993093,-5321499.3967124885,2101928.2349993093,0,0.0,0.0,0.0,0.0,False,-5321499.3967124885,2101928.2349993093,258386623362581.0,258386623362581.0,PURE_DR
vw14a,1,180,1020,-4896263.434256272,1992545.0626266664,-4896263.434256272,1992545.0626266664,0,0.0,0.0,0.0,0.0,False,-4896263.434256272,1992545.0626266664,258942878760341.47,258942878760341.47,PURE_DR
vw14a,1,180,1025,-5558993.681560639,2087286.1067050619,-5558993.681560639,2087286.1067050619,0,0.0,0.0,0.0,0.0,False,-5558993.681560639,2087286.1067050619,260401955433492.34,260401955433492.34,PURE_DR
vw14a,1,180,1030,-5030452.778472298,2146058.957786916,-5030452.778472298,2146058.957786916,0,0.0,0.0,0.0,0.0,False,-5030452.778472298,2146058.957786916,261536986499655.75,261536986499655.75,PURE_DR
vw14a,1,180,1035,-5178033.099947425,2126744.6563584176,-5178033.099947425,2126744.6563584176,0,0.0,0.0,0.0,0.0,False,-5178033.099947425,2126744.6563584176,261956360932520.25,261956360932520.25,PURE_DR
vw14a,1,180,1040,-4341600.009531087,2225322.730987603,-4341600.009531087,2225322.730987603,0,0.0,0.0,0.0,0.0,False,-4341600.009531087,2225322.730987603,262748792481178.88,262748792481178.88,PURE_DR
vw14a,1,180,1045,-4583684.156613394,2232441.227730897,-4583684.156613394,2232441.227730897,0,0.0,0.0,2.5444437451708134e-14,0.0,False,-4583684.156613394,2232441.227730897,263265926562895.5,263265926562895.5,PURE_DR
vw14a,1,180,1050,-4076727.2482850887,2217849.3345047436,-4076727.2482850887,2217849.3345047436,0,0.0,0.0,0.0,0.0,False,-4076727.2482850887,2217849.3345047436,264249766792372.12,264249766792372.12,PURE_DR
vw14a,1,180,1055,-4244473.102273688,2199556.7286732374,-4244473.102273688,2199556.7286732374,0,0.0,0.0,0.0,0.0,False,-4244473.102273688,2199556.7286732374,265372861647983.44,265372861647983.44,PURE_DR
vw14a,1,180,1060,-3860946.9294301663,2282840.9423666196,-3860946.9294301663,2282840.9423666196,0,0.0,0.0,0.0,0.0,False,-3860946.9294301663,2282840.9423666196,266185713195876.12,266185713195876.12,PURE_DR
vw14a,1,180,1065,-3711323.059527379,2272689.361726997,-3711323.059527379,2272689.361726997,0,0.0,0.0,0.0,0.0,False,-3711323.059527379,2272689.361726997,266868110684469.4,266868110684469.4,PURE_DR
vw14a,1,180,1070,-3150077.1980733275,2300595.8978067385,-3150077.1980733275,2300595.8978067385,0,0.0,0.0,0.0,0.0,False,-3150077.1980733275,2300595.8978067385,267663243985643.1,267663243985643.1,PURE_DR
vw14a,1,180,1075,-3993633.231564981,2252196.3081582487,-3993633.231564981,2252196.3081582487,0,0.0,0.0,0.0,0.0,False,-3993633.231564981,2252196.3081582487,268601176523235.7,268601176523235.7,PURE_DR
vw14a,1,180,1080,-3718562.044730238,2297582.762484824,-3718562.044730238,2297582.762484824,0,0.0,0.0,0.0,0.0,False,-3718562.044730238,2297582.762484824,270018049723942.22,270018049723942.22,PURE_DR
vw14a,1,180,1085,-4171687.4360370124,2205943.262457069,-4171687.4360370124,2205943.262457069,0,0.0,0.0,0.0,0.0,False,-4171687.4360370124,2205943.262457069,270592136060290.06,270592136060290.06,PURE_DR
vw14a,1,180,1090,-3692334.393861177,2330920.8511706423,-3692334.393861177,2330920.8511706423,0,0.0,0.0,0.0,0.0,False,-3692334.393861177,2330920.8511706423,271500967502288.03,271500967502288.03,PURE_DR
vw14a,1,180,1095,-3422806.8155643186,2412973.4378193896,-3422806.8155643186,2412973.4378193896,0,0.0,0.0,0.0,0.0,False,-3422806.8155643186,2412973.4378193896,272742528869494.94,272742528869494.94,PURE_DR
vw14a,1,180,1100,-3151191.808961737,2502129.5550274206,-3151191.808961737,2502129.5550274206,0,0.0,0.0,3.1805546814635168e-15,0.0,False,-3151191.808961737,2502129.5550274206,273197887101201.2,273197887101201.2,PURE_DR
vw14a,1,180,1105,-3163573.268857481,2498052.2434045128,-3163573.268857481,2498052.2434045128,0,0.0,0.0,0.0,0.0,False,-3163573.268857481,2498052.2434045128,273687935633812.94,273687935633812.94,PURE_DR
vw14a,1,180,1110,-2583580.0218326286,2698356.1921265195,-2583580.0218326286,2698356.1921265195,0,0.0,0.0,0.0,0.0,False,-2583580.0218326286,2698356.1921265195,274212952258247.75,274212952258247.75,PURE_DR
vw14a,1,180,1115,-2861971.652371616,2621758.4772795276,-2861971.652371616,2621758.4772795276,0,0.0,0.0,0.0,0.0,False,-2861971.652371616,2621758.4772795276,275033617868408.7,275033617868408.7,PURE_DR
vw14a,1,180,1120,-2795512.03329018,2640936.168648962,-2795512.03329018,2640936.168648962,0,0.0,0.0,0.0,0.0,False,-2795512.03329018,2640936.168648962,275964990185347.4,275964990185347.4,PURE_DR
vw14a,1,180,1125,-3180011.2621518783,2527438.2232685364,-3180011.2621518783,2527438.2232685364,0,0.0,0.0,2.5444437451708134e-14,0.0,False,-3180011.2621518783,2527438.2232685364,276809136298545.75,276809136298545.75,PURE_DR
vw14a,1,180,1130,-3029318.008246335,2575624.5676499265,-3029318.008246335,2575624.5676499265,0,0.0,0.0,0.0,0.0,False,-3029318.008246335,2575624.5676499265,277916907891845.7,277916907891845.7,PURE_DR
vw14a,1,180,1135,-3324801.5811009104,2478842.8405892192,-3324801.5811009104,2478842.8405892192,0,0.0,0.0,0.0,0.0,False,-3324801.5811009104,2478842.8405892192,279265131065338.03,279265131065338.03,PURE_DR
vw14a,1,180,1140,-2986116.3995780894,2566242.6445895107,-2986116.3995780894,2566242.6445895107,0,0.0,0.0,0.0,0.0,False,-2986116.3995780894,2566242.6445895107,279930656658478.9,279930656658478.9,PURE_DR
vw14a,1,180,1145,-3423221.4038394303,2439126.3978683334,-3423221.4038394303,2439126.3978683334,0,0.0,0.0,0.0,0.0,False,-3423221.4038394303,2439126.3978683334,281055690695783.72,281055690695783.72,PURE_DR
vw14a,1,180,1150,-2531184.2470830935,2734970.5474642296,-2531184.2470830935,2734970.5474642296,0,0.0,0.0,0.0,0.0,False,-2531184.2470830935,2734970.5474642296,282053929520302.2,282053929520302.2,PURE_DR
vw14a,1,180,1155,-2639829.5438858066,2694192.638123258,-2639829.5438858066,2694192.638123258,0,0.0,0.0,2.5444437451708134e-14,0.0,False,-2639829.5438858066,2694192.638123258,283654654842645.7,283654654842645.7,PURE_DR
vw14a,1,180,1160,-2335204.2214214797,2770482.143534161,-2335204.2214214797,2770482.143534161,0,0.0,0.0,0.0,0.0,False,-2335204.2214214797,2770482.143534161,284684573406926.1,284684573406926.1,PURE_DR
vw14a,1,180,1165,-2219959.9062754144,2802246.275855244,-2219959.9062754144,2802246.275855244,0,0.0,0.0,0.0,0.0,False,-2219959.9062754144,2802246.275855244,286522068881000.44,286522068881000.44,PURE_DR
vw14a,1,180,1170,-2165597.5761156916,2826833.5396345486,-2165597.5761156916,2826833.5396345486,0,0.0,0.0,0.0,0.0,False,-2165597.5761156916,2826833.5396345486,288614252801996.44,288614252801996.44,PURE_DR
vw14a,1,180,1175,-2109823.19135221,2827424.9290319523,-2109823.19135221,2827424.9290319523,0,0.0,0.0,0.0,0.0,False,-2109823.19135221,2827424.9290319523,289747350154243.3,289747350154243.3,PURE_DR
vw14a,1,180,1180,-1877077.7348227517,2869559.16137601,-1877077.7348227517,2869559.16137601,0,0.0,0.0,0.0,0.0,False,-1877077.7348227517,2869559.16137601,292090685650451.9,292090685650451.9,PURE_DR
vw14a,1,180,1185,-2873142.234502134,2767600.876354107,-2873142.234502134,2767600.876354107,0,0.0,0.0,0.0,0.0,False,-2873142.234502134,2767600.876354107,295057452658206.56,295057452658206.56,PURE_DR
vw14a,1,180,1190,-2425187.479356042,2785331.508735399,-2425187.479356042,2785331.508735399,0,0.0,0.0,0.0,0.0,False,-2425187.479356042,2785331.508735399,297227758636985.1,297227758636985.1,PURE_DR
vw14a,1,180,1195,-2580831.8773015905,2781348.944558801,-2580831.8773015905,2781348.944558801,0,0.0,0.0,0.0,0.0,False,-2580831.8773015905,2781348.944558801,298417908522461.44,298417908522461.44,PURE_DR
vw14a,1,180,1200,-2944118.8716759197,2786168.4411192285,-2944118.8716759197,2786168.4411192285,0,0.0,0.0,0.0,0.0,False,-2944118.8716759197,2786168.4411192285,300981069830960.5,300981069830960.5,PURE_DR
vw14a,1,180,1205,-3518780.5920895427,2762049.058485663,-3518780.5920895427,2762049.058485663,0,0.0,0.0,0.0,0.0,False,-3518780.5920895427,2762049.058485663,303858489398785.0,303858489398785.0,PURE_DR
vw14a,1,180,1210,-2800054.4561556797,2804588.4883266217,-2800054.4561556797,2804588.4883266217,0,0.0,0.0,0.0,0.0,False,-2800054.4561556797,2804588.4883266217,305721882994103.9,305721882994103.9,PURE_DR
vw14a,1,180,1215,-3133052.9603205193,2794966.0535785016,-3133052.9603205193,2794966.0535785016,0,0.0,0.0,2.5444437451708134e-14,0.0,False,-3133052.9603205193,2794966.0535785016,307684465469871.6,307684465469871.6,PURE_DR
vw14a,1,180,1220,-3379388.094541755,2804163.797878306,-3379388.094541755,2804163.797878306,0,0.0,0.0,0.0,0.0,False,-3379388.094541755,2804163.797878306,308915346501318.2,308915346501318.2,PURE_DR
vw14a,1,180,1225,-3639141.520139835,2818065.7973282733,-3639141.520139835,2818065.7973282733,0,0.0,0.0,0.0,0.0,False,-3639141.520139835,2818065.7973282733,309758245890381.6,309758245890381.6,PURE_DR
vw14a,1,180,1230,-2646512.8317342247,2756201.464190298,-2646512.8317342247,2756201.464190298,0,0.0,0.0,0.0,0.0,False,-2646512.8317342247,2756201.464190298,311948405758475.4,311948405758475.4,PURE_DR
vw14a,1,180,1235,-3210605.621308862,2781728.52892487,-3210605.621308862,2781728.52892487,0,0.0,0.0,0.0,0.0,False,-3210605.621308862,2781728.52892487,314391872377937.6,314391872377937.6,PURE_DR
vw14a,1,180,1240,-3053293.815849413,2802826.042197509,-3053293.815849413,2802826.042197509,0,0.0,0.0,0.0,0.0,False,-3053293.815849413,2802826.042197509,316454689759659.6,316454689759659.6,PURE_DR
vw14a,1,180,1245,-3136267.799010518,2774966.61451879,-3136267.799010518,2774966.61451879,0,0.0,0.0,0.0,0.0,False,-3136267.799010518,2774966.61451879,318000168328559.9,318000168328559.9,PURE_DR
vw14a,1,180,1250,-2934900.849565829,2840029.452516871,-2934900.849565829,2840029.452516871,0,0.0,0.0,3.1805546814635168e-15,0.0,False,-2934900.849565829,2840029.452516871,318769908598989.25,318769908598989.25,PURE_DR
vw14a,1,180,1255,-2931263.108851267,2823756.958734594,-2931263.108851267,2823756.958734594,0,0.0,0.0,0.0,0.0,False,-2931263.108851267,2823756.958734594,320533194965932.56,320533194965932.56,PURE_DR
vw14a,1,180,1260,-1943206.8339782178,3063489.769166519,-1943206.8339782178,3063489.769166519,0,0.0,0.0,0.0,0.0,False,-1943206.8339782178,3063489.769166519,321533798348849.25,321533798348849.25,PURE_DR
vw14a,1,180,1265,-2245749.2054046723,2965084.8120360356,-2245749.2054046723,2965084.8120360356,0,0.0,0.0,0.0,0.0,False,-2245749.2054046723,2965084.8120360356,322137917312082.8,322137917312082.8,PURE_DR
vw14a,1,180,1270,-1719722.1561595264,3154534.259002314,-1719722.1561595264,3154534.259002314,0,0.0,0.0,0.0,0.0,False,-1719722.1561595264,3154534.259002314,324348974931565.75,324348974931565.75,PURE_DR
vw14a,1,180,1275,-1822960.031154419,3117198.1695877234,-1822960.031154419,3117198.1695877234,0,0.0,0.0,0.0,0.0,False,-1822960.031154419,3117198.1695877234,325400725987661.7,325400725987661.7,PURE_DR
vw14a,1,180,1280,-1082257.5857607727,3396119.2415203955,-1082257.5857607727,3396119.2415203955,0,0.0,0.0,3.1805546814635168e-15,0.0,False,-1082257.5857607727,3396119.2415203955,327343725105421.2,327343725105421.2,PURE_DR
vw14a,1,180,1285,-796526.6779371534,3532791.6016559335,-796526.6779371534,3532791.6016559335,0,0.0,0.0,0.0,0.0,False,-796526.6779371534,3532791.6016559335,328203314984373.6,328203314984373.6,PURE_DR
vw14a,1,180,1290,-1018902.9160455144,3414596.975934128,-1018902.9160455144,3414596.975934128,0,0.0,0.0,0.0,0.0,False,-1018902.9160455144,3414596.975934128,329422228004442.7,329422228004442.7,PURE_DR
vw14a,1,180,1295,-1167158.2499058996,3327450.6963662803,-1167158.2499058996,3327450.6963662803,0,0.0,0.0,2.5444437451708134e-14,0.0,False,-1167158.2499058996,3327450.6963662803,331037981059414.06,331037981059414.06,PURE_DR
vw14a,1,180,1300,-826595.0573701477,3538213.5375737515,-826595.0573701477,3538213.5375737515,0,0.0,0.0,0.0,0.0,False,-826595.0573701477,3538213.5375737515,333772602743940.44,333772602743940.44,PURE_DR
vw14a,1,180,1305,-1461230.3079976793,3089321.3147715447,-1461230.3079976793,3089321.3147715447,0,0.0,0.0,0.0,0.0,False,-1461230.3079976793,3089321.3147715447,336331451559169.4,336331451559169.4,PURE_DR
vw14a,1,180,1310,-1189490.698408372,3320768.3162458567,-1189490.698408372,3320768.3162458567,0,0.0,0.0,6.3611093629270335e-15,0.0,False,-1189490.698408372,3320768.3162458567,338620775415598.06,338620775415598.06,PURE_DR
vw14a,1,180,1315,-1769872.732586387,2751538.404579429,-1769872.732586387,2751538.404579429,0,0.0,0.0,0.0,0.0,False,-1769872.732586387,2751538.404579429,340395799560519.3,340395799560519.3,PURE_DR
vw14a,1,180,1320,-2112921.094078022,2404633.64491618,-2112921.094078022,2404633.64491618,0,0.0,0.0,0.0,0.0,False,-2112921.094078022,2404633.64491618,341637588715257.6,341637588715257.6,PURE_DR
vw14a,1,180,1325,-2620426.0545672067,1865009.7920742491,-2620426.0545672067,1865009.7920742491,0,0.0,0.0,0.0,0.0,False,-2620426.0545672067,1865009.7920742491,343167525499455.3,343167525499455.3,PURE_DR
vw14a,1,180,1330,-2723939.4287021426,1764894.6218749953,-2723939.4287021426,1764894.6218749953,0,0.0,0.0,0.0,0.0,False,-2723939.4287021426,1764894.6218749953,344001171130054.5,344001171130054.5,PURE_DR
vw14a,1,180,1335,-2790152.61361747,1668807.6740237447,-2790152.61361747,1668807.6740237447,0,0.0,0.0,0.0,0.0,False,-2790152.61361747,1668807.6740237447,345811611378637.56,345811611378637.56,PURE_DR
vw14a,1,180,1340,-2377438.3613874023,2168145.2691132883,-2377438.3613874023,2168145.2691132883,0,0.0,0.0,0.0,0.0,False,-2377438.3613874023,2168145.2691132883,346805197338066.3,346805197338066.3,PURE_DR
vw14a,1,180,1345,-2828182.941631722,1493856.5215842407,-2828182.941631722,1493856.5215842407,0,0.0,0.0,0.0,0.0,False,-2828182.941631722,1493856.5215842407,347692609548157.94,347692609548157.94,PURE_DR
vw14a,1,180,1350,-2774308.1781014465,1549660.2515043423,-2774308.1781014465,1549660.2515043423,0,0.0,0.0,0.0,0.0,False,-2774308.1781014465,1549660.2515043423,350116887083055.7,350116887083055.7,PURE_DR
vw14a,1,180,1355,-3275250.963810831,656832.6841742531,-3275250.963810831,656832.6841742531,0,0.0,0.0,0.0,0.0,False,-3275250.963810831,656832.6841742531,352585171773065.5,352585171773065.5,PURE_DR
vw14a,1,180,1360,-2836776.4914073315,1371924.9519953027,-2836776.4914073315,1371924.9519953027,0,0.0,0.0,0.0,0.0,False,-2836776.4914073315,1371924.9519953027,354207751116237.25,354207751116237.25,PURE_DR
vw14a,1,180,1365,-2764265.5240807827,1479587.6623239766,-2764265.5240807827,1479587.6623239766,0,0.0,0.0,0.0,0.0,False,-2764265.5240807827,1479587.6623239766,354866955311854.5,354866955311854.5,PURE_DR
vw14a,1,180,1370,-2611008.9106535804,1752205.7636596572,-2611008.9106535804,1752205.7636596572,0,0.0,0.0,0.0,0.0,False,-2611008.9106535804,1752205.7636596572,356414167547693.8,356414167547693.8,PURE_DR
vw14a,1,180,1375,-2741728.2048114478,1505452.0319326932,-2741728.2048114478,1505452.0319326932,0,0.0,0.0,0.0,0.0,False,-2741728.2048114478,1505452.0319326932,357401236442580.94,357401236442580.94,PURE_DR
vw14a,1,180,1380,-2677200.315671451,1581427.6729735774,-2677200.315671451,1581427.6729735774,0,0.0,0.0,6.3611093629270335e-15,0.0,False,-2677200.315671451,1581427.6729735774,357917900999570.56,357917900999570.56,PURE_DR
vw14a,1,180,1385,-3130396.336258966,968343.2867112857,-3130396.336258966,968343.2867112857,0,0.0,0.0,0.0,0.0,False,-3130396.336258966,968343.2867112857,359119954970505.5,359119954970505.5,PURE_DR
vw14a,1,180,1390,-2725968.782155567,1510913.90799057,-2725968.782155567,1510913.90799057,0,0.0,0.0,0.0,0.0,False,-2725968.782155567,1510913.90799057,360352347802929.06,360352347802929.06,PURE_DR
vw14a,1,180,1395,-2820996.304497412,1382753.3313068955,-2820996.304497412,1382753.3313068955,0,0.0,0.0,0.0,0.0,False,-2820996.304497412,1382753.3313068955,360851061000011.4,360851061000011.4,PURE_DR
vw14a,1,180,1400,-2707506.985357235,1554284.1597137651,-2707506.985357235,1554284.1597137651,0,0.0,0.0,0.0,0.0,False,-2707506.985357235,1554284.1597137651,361657233608130.8,361657233608130.8,PURE_DR
vw14a,1,180,1405,-2892883.780711989,1180427.0823914174,-2892883.780711989,1180427.0823914174,0,0.0,0.0,0.0,0.0,False,-2892883.780711989,1180427.0823914174,362643978700222.75,362643978700222.75,PURE_DR
vw14a,1,180,1410,-2883952.095743105,1239813.7118113027,-2883952.095743105,1239813.7118113027,0,0.0,0.0,0.0,0.0,False,-2883952.095743105,1239813.7118113027,363530136176981.0,363530136176981.0,PURE_DR
vw14a,1,180,1415,-2929042.8850341393,1128431.1685397443,-2929042.8850341393,1128431.1685397443,0,0.0,0.0,0.0,0.0,False,-2929042.8850341393,1128431.1685397443,364256167183483.75,364256167183483.75,PURE_DR
vw14a,1,180,1420,-2780038.5601199656,1522925.4705437303,-2780038.5601199656,1522925.4705437303,0,0.0,0.0,1.2722218725854067e-14,0.0,False,-2780038.5601199656,1522925.4705437303,364726375047794.1,364726375047794.1,PURE_DR
vw14a,1,180,1425,-3074805.4958097017,800043.1280293312,-3074805.4958097017,800043.1280293312,0,0.0,0.0,0.0,0.0,False,-3074805.4958097017,800043.1280293312,366536450014145.94,366536450014145.94,PURE_DR
vw14a,1,180,1430,-2831542.206752217,1245126.7206064877,-2831542.206752217,1245126.7206064877,0,0.0,0.0,0.0,0.0,False,-2831542.206752217,1245126.7206064877,367098888237861.25,367098888237861.25,PURE_DR
vw14a,1,180,1435,-3201986.79802981,759111.2913631086,-3201986.79802981,759111.2913631086,0,0.0,0.0,0.0,0.0,False,-3201986.79802981,759111.2913631086,367883399945500.0,367883399945500.0,PURE_DR
vw14a,1,180,1440,-3138335.8912085094,858790.7036542817,-3138335.8912085094,858790.7036542817,0,0.0,0.0,0.0,0.0,False,-3138335.8912085094,858790.7036542817,368405452274323.7,368405452274323.7,PURE_DR
vw14a,1,180,1445,-3474786.561298089,404384.8144992944,-3474786.561298089,404384.8144992944,0,0.0,0.0,0.0,0.0,False,-3474786.561298089,404384.8144992944,369726373247866.1,369726373247866.1,PURE_DR
vw14a,1,180,1450,-3624085.141500849,193990.05859180054,-3624085.141500849,193990.05859180054,0,0.0,0.0,0.0,0.0,False,-3624085.141500849,193990.05859180054,370669786147208.6,370669786147208.6,PURE_DR
vw14a,1,180,1455,-3689820.7015037565,116887.7609709102,-3689820.7015037565,116887.7609709102,0,0.0,0.0,0.0,0.0,False,-3689820.7015037565,116887.7609709102,371365405959866.8,371365405959866.8,PURE_DR
vw14a,1,180,1460,-3724103.2728363024,70166.04671738509,-3724103.2728363024,70166.04671738509,0,0.0,0.0,6.3611093629270335e-15,0.0,False,-3724103.2728363024,70166.04671738509,372278738887595.7,372278738887595.7,PURE_DR
vw14a,1,180,1465,-4316673.875415514,-555455.1956898825,-4316673.875415514,-555455.1956898825,0,0.0,0.0,0.0,0.0,False,-4316673.875415514,-555455.1956898825,374482967266363.0,374482967266363.0,PURE_DR
vw14a,1,180,1470,-4039903.0700765452,-360627.7964908482,-4039903.0700765452,-360627.7964908482,0,0.0,0.0,0.0,0.0,False,-4039903.0700765452,-360627.7964908482,376111041179577.2,376111041179577.2,PURE_DR
vw14a,1,180,1475,-4075791.950932357,-396444.24167125847,-4075791.950932357,-396444.24167125847,0,0.0,0.0,2.5444437451708134e-14,0.0,False,-4075791.950932357,-396444.24167125847,376980492063756.94,376980492063756.94,PURE_DR
vw14a,1,180,1480,-4184433.213310904,-460171.6075879518,-4184433.213310904,-460171.6075879518,0,0.0,0.0,0.0,0.0,False,-4184433.213310904,-460171.6075879518,377652881345131.94,377652881345131.94,PURE_DR
vw14a,1,180,1485,-4667611.890451008,-739221.2849187327,-4667611.890451008,-739221.2849187327,0,0.0,0.0,2.5444437451708134e-14,0.0,False,-4667611.890451008,-739221.2849187327,378482557630584.56,378482557630584.56,PURE_DR
vw14a,1,180,1490,-4970108.793943486,-902276.8203873801,-4970108.793943486,-902276.8203873801,0,0.0,0.0,0.0,0.0,False,-4970108.793943486,-902276.8203873801,379274709716646.1,379274709716646.1,PURE_DR
vw14a,1,180,1495,-4668785.81555368,-729578.5706138088,-4668785.81555368,-729578.5706138088,0,0.0,0.0,0.0,0.0,False,-4668785.81555368,-729578.5706138088,380495905809060.6,380495905809060.6,PURE_DR
vw14a,1,180,1500,-3983092.465214169,-458926.22551967023,-3983092.465214169,-458926.22551967023,0,0.0,0.0,0.0,0.0,False,-3983092.465214169,-458926.22551967023,381737129787364.6,381737129787364.6,PURE_DR
vw14a,1,180,1505,-4310878.93654599,-544887.3298142051,-4310878.93654599,-544887.3298142051,0,0.0,0.0,0.0,0.0,False,-4310878.93654599,-544887.3298142051,383428317740956.94,383428317740956.94,PURE_DR
vw14a,1,180,1510,-4095295.272340478,-514613.878245137,-4095295.272340478,-514613.878245137,0,0.0,0.0,0.0,0.0,False,-4095295.272340478,-514613.878245137,384522264434195.25,384522264434195.25,PURE_DR
vw14a,1,180,1515,-4074749.453585341,-514483.5297598914,-4074749.453585341,-514483.5297598914,0,0.0,0.0,0.0,0.0,False,-4074749.453585341,-514483.5297598914,386116625256119.06,386116625256119.06,PURE_DR
vw14a,1,180,1520,-3601661.48754209,-479283.43434240227,-3601661.48754209,-479283.43434240227,0,0.0,0.0,0.0,0.0,False,-3601661.48754209,-479283.43434240227,388322494118588.75,388322494118588.75,PURE_DR
vw14a,1,180,1525,-3780736.369260194,-489476.9505521403,-3780736.369260194,-489476.9505521403,0,0.0,0.0,0.0,0.0,False,-3780736.369260194,-489476.9505521403,389778484050412.9,389778484050412.9,PURE_DR
vw14a,1,180,1530,-2655437.9623005604,-471652.313085301,-2655437.9623005604,-471652.313085301,0,0.0,0.0,0.0,0.0,False,-2655437.9623005604,-471652.313085301,392568249787150.75,392568249787150.75,PURE_DR
vw14a,1,180,1535,-2542328.3570144195,-476481.4870449528,-2542328.3570144195,-476481.4870449528,0,0.0,0.0,0.0,0.0,False,-2542328.3570144195,-476481.4870449528,393863085654298.9,393863085654298.9,PURE_DR
vw14a,1,180,1540,-2107905.526699178,-483523.11775887763,-2107905.526699178,-483523.11775887763,0,0.0,0.0,0.0,0.0,False,-2107905.526699178,-483523.11775887763,395955145842968.0,395955145842968.0,PURE_DR
vw14a,1,180,1545,-2670430.0048609646,-457814.681949505,-2670430.0048609646,-457814.681949505,0,0.0,0.0,0.0,0.0,False,-2670430.0048609646,-457814.681949505,397035623159691.4,397035623159691.4,PURE_DR
vw14a,1,180,1550,-2300473.9441180113,-478697.3561677151,-2300473.9441180113,-478697.3561677151,0,0.0,0.0,0.0,0.0,False,-2300473.9441180113,-478697.3561677151,398733546033124.25,398733546033124.25,PURE_DR
vw14a,1,180,1555,-2851217.2509288862,-394555.7162715407,-2851217.2509288862,-394555.7162715407,0,0.0,0.0,0.0,0.0,False,-2851217.2509288862,-394555.7162715407,400575320147013.56,400575320147013.56,PURE_DR
vw14a,1,180,1560,-1938529.2497237427,-575569.4443840552,-1938529.2497237427,-575569.4443840552,0,0.0,0.0,0.0,0.0,False,-1938529.2497237427,-575569.4443840552,402057171251490.7,402057171251490.7,PURE_DR
vw14a,1,180,1565,-2869636.278906702,-347460.37981654156,-2869636.278906702,-347460.37981654156,0,0.0,0.0,0.0,0.0,False,-2869636.278906702,-347460.37981654156,404147598863114.94,404147598863114.94,PURE_DR
vw14a,1,180,1570,-2065369.6885173828,-521355.56410818535,-2065369.6885173828,-521355.56410818535,0,0.0,0.0,0.0,0.0,False,-2065369.6885173828,-521355.56410818535,405663062706439.0,405663062706439.0,PURE_DR
vw14a,1,180,1575,-2533242.775075277,-415864.40795632196,-2533242.775075277,-415864.40795632196,0,0.0,0.0,0.0,0.0,False,-2533242.775075277,-415864.40795632196,407269388861834.9,407269388861834.9,PURE_DR
vw14a,1,180,1580,-1860148.7015852085,-599306.435148482,-1860148.7015852085,-599306.435148482,0,0.0,0.0,5.088887490341627e-14,0.0,False,-1860148.7015852085,-599306.435148482,408542234600591.94,408542234600591.94,PURE_DR
vw14a,1,180,1585,-2952537.6671014386,-359441.5252213631,-2952537.6671014386,-359441.5252213631,0,0.0,0.0,0.0,0.0,False,-2952537.6671014386,-359441.5252213631,410336199757858.25,410336199757858.25,PURE_DR
vw14a,1,180,1590,-3189526.890453915,-270548.32644621993,-3189526.890453915,-270548.32644621993,0,0.0,0.0,0.0,0.0,False,-3189526.890453915,-270548.32644621993,412478336723306.7,412478336723306.7,PURE_DR
vw14a,1,180,1595,-3474590.0362517657,-143702.6418891714,-3474590.0362517657,-143702.6418891714,0,0.0,0.0,0.0,0.0,False,-3474590.0362517657,-143702.6418891714,413641754538719.94,413641754538719.94,PURE_DR
vw14a,1,180,1600,-3376015.399951677,-206595.5119269806,-3376015.399951677,-206595.5119269806,0,0.0,0.0,5.088887490341627e-14,0.0,False,-3376015.399951677,-206595.5119269806,414714232025329.7,414714232025329.7,PURE_DR
vw14a,1,180,1605,-3847901.134120742,112779.06442071755,-3847901.134120742,112779.06442071755,0,0.0,0.0,0.0,0.0,False,-3847901.134120742,112779.06442071755,415766571707932.4,415766571707932.4,PURE_DR
vw14a,1,180,1610,-3937883.3377868035,160879.63088588743,-3937883.3377868035,160879.63088588743,0,0.0,0.0,0.0,0.0,False,-3937883.3377868035,160879.63088588743,417292722964607.56,417292722964607.56,PURE_DR
vw14a,1,180,1615,-4582098.210647747,752154.8406513544,-4582098.210647747,752154.8406513544,0,0.0,0.0,0.0,0.0,False,-4582098.210647747,752154.8406513544,419501427744338.94,419501427744338.94,PURE_DR
vw14a,1,180,1620,-4717342.620721281,902090.6412202924,-4717342.620721281,902090.6412202924,0,0.0,0.0,0.0,0.0,False,-4717342.620721281,902090.6412202924,420447284851055.8,420447284851055.8,PURE_DR
vw14a,1,180,1625,-4839092.783263302,1061307.6740515493,-4839092.783263302,1061307.6740515493,0,0.0,0.0,0.0,0.0,False,-4839092.783263302,1061307.6740515493,420702964024980.5,420702964024980.5,PURE_DR
vw14a,1,180,1630,-4557107.280727419,610113.3651847261,-4557107.280727419,610113.3651847261,0,0.0,0.0,0.0,0.0,False,-4557107.280727419,610113.3651847261,422789632518107.1,422789632518107.1,PURE_DR
vw14a,1,180,1635,-4384546.437847754,362528.70787795534,-4384546.437847754,362528.70787795534,0,0.0,0.0,0.0,0.0,False,-4384546.437847754,362528.70787795534,424700885357475.75,424700885357475.75,PURE_DR
vw14a,1,180,1640,-4014669.3436672543,-341203.5480745018,-4014669.3436672543,-341203.5480745018,0,0.0,0.0,0.0,0.0,False,-4014669.3436672543,-341203.5480745018,426812073621738.2,426812073621738.2,PURE_DR
vw14a,1,180,1645,-4072435.725044645,-215573.8655314098,-4072435.725044645,-215573.8655314098,0,0.0,0.0,0.0,0.0,False,-4072435.725044645,-215573.8655314098,428939594290486.56,428939594290486.56,PURE_DR
vw14a,1,180,1650,-4357481.893446544,370177.95456999773,-4357481.893446544,370177.95456999773,0,0.0,0.0,0.0,0.0,False,-4357481.893446544,370177.95456999773,430012545502816.2,430012545502816.2,PURE_DR
vw14a,1,180,1655,-4560781.951258896,945971.9485232274,-4560781.951258896,945971.9485232274,0,0.0,0.0,0.0,0.0,False,-4560781.951258896,945971.9485232274,432595192000436.1,432595192000436.1,PURE_DR
vw14a,1,180,1660,-4421726.379949828,474622.94542995334,-4421726.379949828,474622.94542995334,0,0.0,0.0,0.0,0.0,False,-4421726.379949828,474622.94542995334,434116883878371.0,434116883878371.0,PURE_DR
vw14a,1,180,1665,-4555920.732576787,943065.5910139129,-4555920.732576787,943065.5910139129,0,0.0,0.0,0.0,0.0,False,-4555920.732576787,943065.5910139129,435229040773315.9,435229040773315.9,PURE_DR
vw14a,1,180,1670,-4333806.350241015,-103440.22460814963,-4333806.350241015,-103440.22460814963,0,0.0,0.0,0.0,0.0,False,-4333806.350241015,-103440.22460814963,437233581722337.5,437233581722337.5,PURE_DR
vw14a,1,180,1675,-4359417.619458927,343072.0744771802,-4359417.619458927,343072.0744771802,0,0.0,0.0,1.2722218725854067e-14,0.0,False,-4359417.619458927,343072.0744771802,438442029762003.4,438442029762003.4,PURE_DR
vw14a,1,180,1680,-4365182.426523235,-456474.01418644213,-4365182.426523235,-456474.01418644213,0,0.0,0.0,0.0,0.0,False,-4365182.426523235,-456474.01418644213,440427914870122.4,440427914870122.4,PURE_DR
vw14a,1,180,1685,-4295215.348655917,538235.2277615914,-4295215.348655917,538235.2277615914,0,0.0,0.0,0.0,0.0,False,-4295215.348655917,538235.2277615914,441817232306099.94,441817232306099.94,PURE_DR
vw14a,1,180,1690,-4339444.247216628,218229.51111422433,-4339444.247216628,218229.51111422433,0,0.0,0.0,0.0,0.0,False,-4339444.247216628,218229.51111422433,442628662584168.25,442628662584168.25,PURE_DR
vw14a,1,180,1695,-4171688.314028885,1219494.1307205213,-4171688.314028885,1219494.1307205213,0,0.0,0.0,0.0,0.0,False,-4171688.314028885,1219494.1307205213,444584710299335.9,444584710299335.9,PURE_DR
vw14a,1,180,1700,-4175705.1447102227,1216884.442449636,-4175705.1447102227,1216884.442449636,0,0.0,0.0,0.0,0.0,False,-4175705.1447102227,1216884.442449636,445872316850822.1,445872316850822.1,PURE_DR
vw14a,1,180,1705,-4155375.5707823667,1218434.9820753625,-4155375.5707823667,1218434.9820753625,0,0.0,0.0,0.0,0.0,False,-4155375.5707823667,1218434.9820753625,447360310054078.8,447360310054078.8,PURE_DR
vw14a,1,180,1710,-4270369.298956004,1007584.9480633134,-4270369.298956004,1007584.9480633134,0,0.0,0.0,0.0,0.0,False,-4270369.298956004,1007584.9480633134,448419827737666.25,448419827737666.25,PURE_DR
vw14a,1,180,1715,-4262834.241234955,991649.6684917597,-4262834.241234955,991649.6684917597,0,0.0,0.0,0.0,0.0,False,-4262834.241234955,991649.6684917597,449669093911120.25,449669093911120.25,PURE_DR
vw14a,1,180,1720,-4454765.355804474,807758.5232681516,-4454765.355804474,807758.5232681516,0,0.0,0.0,0.0,0.0,False,-4454765.355804474,807758.5232681516,450983006018798.1,450983006018798.1,PURE_DR
vw14a,1,180,1725,-4453326.116951127,814601.325431071,-4453326.116951127,814601.325431071,0,0.0,0.0,0.0,0.0,False,-4453326.116951127,814601.325431071,452067641248865.8,452067641248865.8,PURE_DR
vw14a,1,180,1730,-4456109.891944629,816965.5255499957,-4456109.891944629,816965.5255499957,0,0.0,0.0,0.0,0.0,False,-4456109.891944629,816965.5255499957,453783435767245.0,453783435767245.0,PURE_DR
vw14a,1,180,1735,-3791518.6542922608,1309874.6128480372,-3791518.6542922608,1309874.6128480372,0,0.0,0.0,6.3611093629270335e-15,0.0,False,-3791518.6542922608,1309874.6128480372,454823789739642.06,454823789739642.06,PURE_DR
vw14a,1,180,1740,-4175042.634341842,1051668.615784037,-4175042.634341842,1051668.615784037,0,0.0,0.0,0.0,0.0,False,-4175042.634341842,1051668.615784037,456979503246567.5,456979503246567.5,PURE_DR
vw14a,1,180,1745,-4012180.7276403024,1150122.7393545404,-4012180.7276403024,1150122.7393545404,0,0.0,0.0,0.0,0.0,False,-4012180.7276403024,1150122.7393545404,459158596392692.5,459158596392692.5,PURE_DR
vw14a,1,180,1750,-4932232.106753682,676082.1969548118,-4932232.106753682,676082.1969548118,0,0.0,0.0,0.0,0.0,False,-4932232.106753682,676082.1969548118,461094420372389.75,461094420372389.75,PURE_DR
vw14a,1,180,1755,-4588015.52369632,828015.0203053751,-4588015.52369632,828015.0203053751,0,0.0,0.0,0.0,0.0,False,-4588015.52369632,828015.0203053751,463362382194824.6,463362382194824.6,PURE_DR
vw14a,1,180,1760,-4679012.74030667,780233.9247812423,-4679012.74030667,780233.9247812423,0,0.0,0.0,2.5444437451708134e-14,0.0,False,-4679012.74030667,780233.9247812423,464817976041705.7,464817976041705.7,PURE_DR
vw14a,1,180,1765,-4413745.314558812,863746.6940432222,-4413745.314558812,863746.6940432222,0,0.0,0.0,0.0,0.0,False,-4413745.314558812,863746.6940432222,467615289843457.3,467615289843457.3,PURE_DR
vw14a,1,180,1770,-5020913.131007479,715374.9112244427,-5020913.131007479,715374.9112244427,0,0.0,0.0,0.0,0.0,False,-5020913.131007479,715374.9112244427,469034018008799.4,469034018008799.4,PURE_DR
vw14a,1,180,1775,-4680970.891584637,789869.3105832796,-4680970.891584637,789869.3105832796,0,0.0,0.0,0.0,0.0,False,-4680970.891584637,789869.3105832796,470544093954501.75,470544093954501.75,PURE_DR
vw14a,1,180,1780,-6161593.301978927,678473.4041670448,-6161593.301978927,678473.4041670448,0,0.0,0.0,0.0,0.0,False,-6161593.301978927,678473.4041670448,473251142405875.75,473251142405875.75,PURE_DR
vw14a,1,180,1785,-6127009.56413005,686334.620613756,-6127009.56413005,686334.620613756,0,0.0,0.0,0.0,0.0,False,-6127009.56413005,686334.620613756,475976384563526.7,475976384563526.7,PURE_DR
vw14a,1,180,1790,-7212968.708748122,712208.7680640998,-7212968.708748122,712208.7680640998,0,0.0,0.0,0.0,0.0,False,-7212968.708748122,712208.7680640998,478318671430874.94,478318671430874.94,PURE_DR
vw14a,1,180,1795,-6673138.43517746,685073.0447434125,-6673138.43517746,685073.0447434125,0,0.0,0.0,0.0,0.0,False,-6673138.43517746,685073.0447434125,480344530550249.25,480344530550249.25,PURE_DR
